Moose Meat Raw (Alaska Native),American Indian,103,22.3,0,1.5,No data available,No data available
Mashu Roots Raw (Alaska Native),American Indian,135,5.8,22.6,2.4,No data available,No data available
Moose Liver Braised (Alaska Native),American Indian,155,24.38,3.43,4.89,No data available,No data available
Seal Bearded (Oogruk) Meat Raw (Alaska Native),American Indian,110,26.7,0,0.4,No data available,No data available
Oil Bearded Seal (Oogruk) (Alaska Native),American Indian,899,0.56,0,99.6,No data available,No data available
Oopah (Tunicate) Whole Animal (Alaska Native),American Indian,67,11.7,0,2.2,No data available,No data available
Owl Horned Flesh Raw (Alaska Native),American Indian,136,22.7,0,5,No data available,No data available
Fish Salmon King Chinook Smoked And Canned (Alaska Native),American Indian,150,23.2,0,5.9,No data available,No data available
Fish Salmon King Chinook Smoked Brined (Alaska Native),American Indian,430,39.9,0,30,No data available,No data available
Fish Salmon King Chinook Liver (Alaska Native),American Indian,156,16.6,4.3,8,No data available,No data available
Duck Scoter White-Winged Meat (Alaska Native),American Indian,84,20.2,0,0.4,No data available,No data available
Sea Cucumber Yane (Alaska Native),American Indian,56,13,0,0.4,No data available,No data available
Squirrel Ground Meat (Alaska Native),American Indian,111,19.3,0,3.8,No data available,No data available
Tea Tundra Herb And Laborador Combination (Alaska Native),American Indian,1,0,0.2,0,No data available,No data available
Walrus Meat Dried (Alaska Native),American Indian,251,57,0,2.6,No data available,No data available
Deer (Venison) Sitka Raw (Alaska Native),American Indian,116,21.5,0,2.66,No data available,No data available
Whale Bowhead Subcutaneous Fat (Blubber) (Alaska Native),American Indian,870,0.4,0,96.5,No data available,No data available
Whale Bowhead Skin And Subcutaneous Fat (Muktuk) (Alaska Native),American Indian,465,12.6,0,46.1,No data available,No data available
Oil Whale Bowhead (Alaska Native),American Indian,900,0,0,100,No data available,No data available
Fish Whitefish Broad Liver (Alaska Native),American Indian,104,11,5.1,4.4,No data available,No data available
Mush Blue Corn With Ash (Navajo),American Indian,54,0.66,11.74,0.49,No data available,No data available
Cornmeal Blue (Navajo),American Indian,398,10.4,76.93,5.44,No data available,No data available
Melon Banana (Navajo),American Indian,21,0.84,4.06,0.2,No data available,No data available
Chilchen (Red Berry Beverage) (Navajo),American Indian,44,0.81,8.68,0.63,No data available,No data available
Corn Dried (Navajo),American Indian,386,9.88,74.93,5.22,No data available,No data available
Squash Indian Cooked Boiled (Navajo),American Indian,16,0.31,3.22,0.15,1 oz,28.4
Bread Kneel Down (Navajo),American Indian,195,4.29,39.47,2.21,1 oz,28.4
Mutton Cooked Roasted (Navajo),American Indian,234,33.43,0.08,11.09,1 oz,28.4
Frybread Made With Lard (Navajo),American Indian,330,6.69,48.26,12.22,1 piece,152
Tamales (Navajo),American Indian,153,6.28,18.12,6.12,1 piece,186
Stew Steamed Corn (Navajo),American Indian,112,8.82,10.8,3.75,No data available,No data available
Fish Halibut Raw With Skin (Alaska Native),American Indian,116,20.53,1.81,2.92,No data available,No data available
Fish Salmon Coho (Silver) Raw (Alaska Native),American Indian,140,22.56,0,5.57,No data available,No data available
Blueberries Wild Raw (Alaska Native),American Indian,61,1.22,12.31,0.76,No data available,No data available
Oil Spotted Seal (Alaska Native),American Indian,894,0,0,99.32,No data available,No data available
Fish Salmon Red Canned Bones Removed (Alaska Native),American Indian,161,27.31,0,5.76,No data available,No data available
Fish Whitefish Eggs (Alaska Native),American Indian,104,14.66,4.89,2.88,No data available,No data available
Caribou Rump Meat Half Dried (Alaska Native),American Indian,255,52.06,0,5.23,No data available,No data available
Fish Salmon Red (Sockeye) Canned Smoked (Alaska Native),American Indian,206,35.19,0,7.26,No data available,No data available
Fish Salmon Red (Sockeye) Kippered (Alaska Native),American Indian,141,24.5,0,4.75,No data available,No data available
Fish Salmon King With Skin Kippered (Alaska Native),American Indian,209,23.19,0,12.95,No data available,No data available
Fish Sheefish Raw (Alaska Native),American Indian,115,22.25,0,2.84,No data available,No data available
Buffalo Free Range Top Round Steak Raw (Shoshone Bannock),American Indian,97,21.44,0,1.3,No data available,No data available
Seal Bearded (Oogruk) Meat Partially Dried (Alaska Native),American Indian,270,62.38,0,2.31,No data available,No data available
Buffalo Free Range Top Round Steak Cooked (Shoshone Bannock),American Indian,146,32.51,0,1.8,No data available,No data available
Elk Free Range Roast Eye Of Round Raw (Shoshone Bannock),American Indian,98,19.74,0,2.1,No data available,No data available
Corn Dried Yellow (Northern Plains Indians),American Indian,419,14.48,66.27,10.64,1 oz,28.4
Smelt Dried (Alaska Native),American Indian,386,56.19,0,17.9,No data available,No data available
Frybread Made With Lard (Apache),American Indian,309,8.38,46.01,10.14,No data available,No data available
Corned Beef And Potatoes In Tortilla (Apache),American Indian,224,7.91,29.35,8.31,No data available,No data available
Mouse Nuts Roots (Alaska Native),American Indian,81,3.9,16.1,0.1,No data available,No data available
Mouse Nuts Seedlings (Alaska Native),American Indian,104,7.3,16.3,1.1,No data available,No data available
Octopus (Alaska Native),American Indian,56,12.3,0,0.8,No data available,No data available
Seal Bearded (Oogruk) Meat Dried (Alaska Native),American Indian,351,82.6,0,2.3,No data available,No data available
Fish Pike Northern Liver (Alaska Native),American Indian,156,16.6,4.3,8,No data available,No data available
Rhubarb Wild Leaves (Alaska Native),American Indian,61,4.2,9.9,0.5,No data available,No data available
Fish Salmon Tipnuk Fermented (Alaska Native),American Indian,159,15.9,0,10.6,No data available,No data available
Fish Salmon King Chinook Kippered Canned (Alaska Native),American Indian,266,30.7,0,15.9,No data available,No data available
Seal Ringed Meat (Alaska Native),American Indian,142,28.4,0,3.2,No data available,No data available
Seal Ringed Liver (Alaska Native),American Indian,116,18.6,2.9,3.3,No data available,No data available
Soup Fish Homemade (Alaska Native),American Indian,72,7.4,5.6,2.2,No data available,No data available
Sourdock Young Leaves (Alaska Native),American Indian,42,2.3,6.5,0.7,No data available,No data available
Walrus Meat Raw (Alaska Native),American Indian,199,19.2,0,13.6,No data available,No data available
Walrus Meat And Subcutaneous Fat Raw (Alaska Native),American Indian,282,16.3,0,24.1,No data available,No data available
Walrus Liver Raw (Alaska Native),American Indian,125,21,3.5,3,No data available,No data available
Oil Walrus (Alaska Native),American Indian,900,0,0,100,No data available,No data available
Fish Whitefish Mixed Species Raw (Alaska Native),American Indian,131,18.9,0,6.1,No data available,No data available
Fish Whitefish Broad Head Eyes Cheeks And Soft Bones (Alaska Native),American Indian,107,18.6,0,3.6,No data available,No data available
Willow Leaves In Oil (Alaska Native),American Indian,592,2.6,8.1,61,No data available,No data available
Willow Young Leaves Chopped (Alaska Native),American Indian,122,6.1,20.7,1.6,No data available,No data available
Corn White Steamed (Navajo),American Indian,386,9.72,75.2,5.18,No data available,No data available
Cornmeal White (Navajo),American Indian,398,10.99,77.14,5.04,No data available,No data available
Cornmeal Yellow (Navajo),American Indian,384,9.85,72.9,5.88,No data available,No data available
Squash Indian Raw (Navajo),American Indian,26,0.52,5.64,0.2,No data available,No data available
Tortilla Includes Plain And From Mutton Sandwich (Navajo),American Indian,237,7.28,49.94,0.95,1 serving,197
Stew Dumpling With Mutton (Navajo),American Indian,101,8.71,8.03,3.78,1 serving,308
Stew Hominy With Mutton (Navajo),American Indian,83,6.71,9.38,2.06,1 serving,411
Stew Mutton Corn Squash (Navajo),American Indian,103,8.62,7.27,4.34,1 serving,303
Fish Salmon Sockeye (Red) Raw (Alaska Native),American Indian,153,21.94,0,7.28,No data available,No data available
Fish Salmon Chum Raw (Alaska Native),American Indian,116,20.69,0,3.67,No data available,No data available
Fish Salmon King (Chinook) Raw (Alaska Native),American Indian,187,20.25,0,11.73,No data available,No data available
Salmonberries Raw (Alaska Native),American Indian,47,0.85,10.05,0.33,No data available,No data available
Caribou Shoulder Meat Dried (Alaska Native),American Indian,271,59.38,0,3.67,No data available,No data available
Caribou Hind Quarter Meat Raw (Alaska Native),American Indian,122,22.63,0,3.37,No data available,No data available
Seal Bearded (Oogruk) Meat Dried In Oil (Alaska Native),American Indian,367,35.31,0,25.08,No data available,No data available
Fish Whitefish Dried (Alaska Native),American Indian,371,62.44,0,13.44,No data available,No data available
Seal Bearded (Oogruk) Meat Low Quadrant Raw (Alaska Native),American Indian,186,23.63,0,10.17,No data available,No data available
Fish Salmon Chum Dried (Alaska Native),American Indian,378,62.09,0,14.38,No data available,No data available
Elk Free Range Ground Cooked Patties (Shoshone Bannock),American Indian,143,29.45,0,2.8,No data available,No data available
Elk Free Range Ground Raw (Shoshone Bannock),American Indian,97,20.14,0,1.8,No data available,No data available
Elk Free Range Roast Eye Of Round Cooked (Shoshone Bannock),American Indian,148,30.56,0,2.85,No data available,No data available
Chokecherries Raw Pitted (Shoshone Bannock),American Indian,156,2.89,33.88,0.98,No data available,No data available
Steelhead Trout Dried Flesh (Shoshone Bannock),American Indian,382,77.27,0,8.06,No data available,No data available
Steelhead Trout Boiled Canned (Alaska Native),American Indian,159,21.11,0,8.26,No data available,No data available
Acorn Stew (Apache),American Indian,95,6.81,9.22,3.47,No data available,No data available
Agutuk Fish/berry With Seal Oil (Alaskan Ice Cream) (Alaska Native),American Indian,353,3.4,13.4,31.8,No data available,No data available
Agutuk Meat-Caribou (Alaskan Ice Cream) (Alaska Native),American Indian,258,21.7,0.9,18.6,No data available,No data available
Ascidians (Tunughnak) (Alaska Native),American Indian,20,3.8,0,0.5,No data available,No data available
Whale Beluga Flipper Raw (Alaska Native),American Indian,271,19,0,21.7,No data available,No data available
Whale Beluga Liver Raw (Alaska Native),American Indian,117,18.4,2,3.9,No data available,No data available
Oil Beluga Whale (Alaska Native),American Indian,900,0,0,100,No data available,No data available
Blackberries Wild Raw (Alaska Native),American Indian,52,0.84,9.84,1.07,1 cup,157
Caribou Liver Raw (Alaska Native),American Indian,122,15,6.8,3.9,No data available,No data available
Stew/soup Caribou (Alaska Native),American Indian,41,3.8,4.8,0.7,No data available,No data available
Caribou Tongue Raw (Alaska Native),American Indian,260,13.7,0,22.8,No data available,No data available
Chiton Leathery Gumboots (Alaska Native),American Indian,83,17.1,0,1.6,No data available,No data available
Fish Devilfish Meat (Alaska Native),American Indian,97,11.7,0,5.3,No data available,No data available
Fireweed Young Leaves Raw (Alaska Native),American Indian,44,3,6.3,0.8,No data available,No data available
Fish Herring Eggs On Giant Kelp Pacific (Alaska Native),American Indian,63,11.3,2.6,0.8,No data available,No data available
Fish Herring Eggs Pacific Dry (Alaska Native),American Indian,312,60.4,2.8,6.6,No data available,No data available
Stew Moose (Alaska Native),American Indian,55,6.6,6,0.5,No data available,No data available
Agave Cooked (Southwest),American Indian,135,0.99,32,0.29,No data available,No data available
Agave Dried (Southwest),American Indian,341,1.71,81.98,0.69,No data available,No data available
Cattail Narrow Leaf Shoots (Northern Plains Indians),American Indian,25,1.18,5.14,0,1 shoot,19
Lambsquarters Raw (Northern Plains Indians),American Indian,47,4.21,6.96,0.28,1 leaf,0.9
Prairie Turnips Boiled (Northern Plains Indians),American Indian,129,1.64,29.99,0.32,1 bulb,14
Raspberries Wild (Northern Plains Indians),American Indian,62,1.12,13.85,0.28,1 cup,130
Rose Hips,American Indian,162,1.6,38.22,0.34,1 cup,127
Chokecherries Raw Pitted (Northern Plains Indians),American Indian,162,3.04,33.62,1.69,1 cup,154
Sea Lion Steller Liver (Alaska Native),American Indian,137,22.9,0,5,No data available,No data available
Sea Lion Steller Kidney (Alaska Native),American Indian,93,18.1,1.4,1.7,No data available,No data available
Sea Lion Steller Heart (Alaska Native),American Indian,102,17,1,3.3,No data available,No data available
Sea Lion Steller Meat (Alaska Native),American Indian,120,25.85,0,1.88,No data available,No data available
Piki Bread Made From Blue Cornmeal (Hopi),American Indian,390,9.06,72.22,7.16,1 piece,28
Wocas Tuber Cooked Oregon Yellow Pond Lily (Klamath),American Indian,34,0.69,7.06,0.35,1 oz,28.4
Stew Pinto Bean And Hominy Badufsuki (Hopi),American Indian,32,1.42,5.38,0.54,8 oz,227
Tamales Masa And Pork Filling (Hopi),American Indian,168,13.19,18.28,4.7,4 oz,113
Bear Black Meat (Alaska Native),American Indian,155,20.1,0,8.3,No data available,No data available
Bear Polar Meat Raw (Alaska Native),American Indian,130,25.6,0,3.1,No data available,No data available
Whale Beluga Meat Dried (Alaska Native),American Indian,327,69.86,0,5.34,1 strip,45
Whale Beluga Eyes (Alaska Native),American Indian,291,19.6,0,23.3,No data available,No data available
Whale Beluga Meat Raw (Alaska Native),American Indian,111,26.5,0,0.5,No data available,No data available
Fish Blackfish Whole (Alaska Native),American Indian,82,15.5,0,1.75,No data available,No data available
Blueberries Wild Frozen (Alaska Native),American Indian,44,0.7,10.4,0,No data available,No data available
Caribou Bone Marrow Raw (Alaska Native),American Indian,786,6.7,0,84.4,No data available,No data available
Caribou Eye Raw (Alaska Native),American Indian,326,10.8,0,31.4,No data available,No data available
Cloudberries Raw (Alaska Native),American Indian,51,2.4,8.6,0.8,No data available,No data available
Cockles Raw (Alaska Native),American Indian,79,13.5,4.7,0.7,No data available,No data available
Cranberries Wild Bush Raw (Alaska Native),American Indian,55,1.1,12.3,0.2,No data available,No data available
Cranberry Low Bush Or Lingenberry Raw (Alaska Native),American Indian,55,0.4,12.2,0.5,No data available,No data available
Fish Herring Eggs Pacific Plain (Alaska Native),American Indian,74,9.6,4.47,1.93,No data available,No data available
Fish Herring Pacific Flesh Air-Dried Packed In Oil (Alaska Native),American Indian,489,44.5,0,34.6,No data available,No data available
Huckleberries Raw (Alaska Native),American Indian,37,0.4,8.7,0.1,No data available,No data available
Fish Lingcod Meat Raw (Alaska Native),American Indian,79,17.9,0,0.8,No data available,No data available
Fish Lingcod Liver (Alaska Native),American Indian,424,5.6,6,42,No data available,No data available
Tennis Bread Plain (Apache),American Indian,258,9,53.26,1.05,No data available,No data available
Fish Halibut Cooked With Skin (Alaska Native),American Indian,113,22.13,0,2.73,No data available,No data available
Salmon Red (Sockeye) Filets With Skin Smoked (Alaska Native),American Indian,345,60.62,0,11.43,1 filet,108
Agave Raw (Southwest),American Indian,68,0.52,16.23,0.15,No data available,No data available
Lambsquarters Steamed (Northern Plains Indians),American Indian,48,4.06,7.47,0.16,1 cup,65
Prickly Pears Raw (Northern Plains Indians),American Indian,42,0.12,10.17,0.11,1 pad peeled,19
Prickly Pears Broiled (Northern Plains Indians),American Indian,91,0.39,21.57,0.31,1 pad,7.5
Prairie Turnips Raw (Northern Plains Indians),American Indian,156,2.62,35.67,0.36,1 bulb peeled,12.6
Stinging Nettles Blanched (Northern Plains Indians),American Indian,42,2.71,7.49,0.11,1 cup,89
Plums Wild (Northern Plains Indians),American Indian,91,0.43,21.95,0.17,1 cup,161
Pinon Nuts Roasted (Navajo),American Indian,541,7.41,51.06,34.08,No data available,No data available
Caribou Hind Quarter Meat Cooked (Alaska Native),American Indian,159,28.81,0,4.82,1/2 cup,66
Agutuk Fish With Shortening (Alaskan Ice Cream) (Alaska Native),American Indian,470,9,10.5,43.5,No data available,No data available
Sea Lion Steller Meat With Fat (Alaska Native),American Indian,242,22.1,5.55,14.65,No data available,No data available
Sea Lion Steller Fat (Alaska Native),American Indian,850,0.9,0,94,No data available,No data available
Wocas Dried Seeds Oregon Yellow Pond Lily (Klamath),American Indian,361,7.9,80.02,1.07,1 oz,28.4
Hazelnuts Beaked (Northern Plains Indians),American Indian,628,14.89,22.98,52.99,1 nut,0.4
Tea Herbal Brewed Hohoysi (Hopi),American Indian,2,0.12,0,0.2,No data available,No data available
Tortilla Blue Corn Sakwavikaviki (Hopi),American Indian,276,7.83,58.12,1.4,1 piece,57
Bread Blue Corn Somiviki (Hopi),American Indian,186,3.1,39.84,1.53,No data available,No data available
