Babyfood Apple Yogurt Dessert Strained,Baby Foods,93,0.8,19.5,1.6,1 tbsp,15
Babyfood Juice Pear,Baby Foods,43,0,11.86,0,1 fl oz,31.2
Babyfood Meat Beef With Vegetables Toddler,Baby Foods,69,3.5,8.72,2.1,1 jar nfs,179
Babyfood Mixed Fruit Yogurt Strained,Baby Foods,75,0.8,16.23,0.8,1 tbsp,15
Babyfood Rice And Apples Dry,Baby Foods,396,6.7,86.89,2.4,1 tbsp,2.5
Babyfood Juice Apple - Cherry,Baby Foods,47,0.2,11.2,0.1,1 fl oz,31.2
Babyfood Cereal Rice With Pears And Apple Dry Instant Fortified,Baby Foods,389,6.6,88.5,0.9,1 serving,15
Babyfood Banana No Tapioca Strained,Baby Foods,91,1,21.34,0.2,1 tbsp,15
Babyfood Banana Apple Dessert Strained,Baby Foods,68,0.3,16.3,0.2,1 tbsp,15
Babyfood Banana Juice With Low Fat Yogurt,Baby Foods,86,2.5,17.54,0.8,1 fl oz,31.5
Babyfood Mixed Fruit Juice With Low Fat Yogurt,Baby Foods,74,2.4,14.68,0.8,1 fl oz,31.5
Babyfood Dinner Macaroni Beef And Tomato Sauce Toddler,Baby Foods,82,4.34,11.53,1.9,1 tbsp,16
Babyfood Dessert Peach Yogurt,Baby Foods,77,0.9,17.6,0.18,1 tbsp,15
Babyfood Dessert Blueberry Yogurt Strained,Baby Foods,77,0.5,17.05,0.7,1 tbsp,15
Babyfood Dessert Banana Yogurt Strained,Baby Foods,78,1.1,17.35,0.52,1 tbsp,15
Babyfood Fruit Supreme Dessert,Baby Foods,73,0.5,17.18,0.2,1 tbsp,15
Babyfood Grape Juice No Sugar Canned,Baby Foods,62,0,15.38,0,No data available,No data available
Infant Formula Mead Johnson Enfamil Premium Newborn Powder,Baby Foods,516,10.7,57.6,27,1 scoop,9.6
Infant Formula Mead Johnson Enfamil Premium Lipil Infant Powder,Baby Foods,510,10.8,57,27,1 scoop,8.7
Infant Formula Mead Johnson Enfamil Premium Lipil Infant Liquid Concentrate Not Reconstituted,Baby Foods,129,2.73,14.42,6.83,1 fl oz,31.4
Infant Formula Mead Johnson Enfamil Premium Infant Liquid Concentrate Not Reconstituted,Baby Foods,129,2.72,14.34,7.1,1 fl oz,31.4
Infant Formula Mead Johnson Enfamil Enfagrow Gentlease Toddler Lipil Powder,Baby Foods,500,12.9,53.5,26,1 scoop,9.6
Infant Formula Abbott Nutrition Similac Go And Grow Powder With Ara And Dha,Baby Foods,512,15.36,52.2,27.65,1 scoop,9.6
Infant Formula Gerber Good Start 2 Soy With Iron Powder,Baby Foods,501,12.5,55.6,25.6,1 scoop,9.4
Infant Formula Mead Johnson Enfamil Nutramigen Aa Lipil Powder Not Reconstituted,Baby Foods,512,13.9,55.68,26,1 scoop,9.4
Infant Formula Mead Johnson Enfamil Premature 20 Calories Ready-To-Feed Low Iron,Baby Foods,66,1.97,7.21,3.34,1 fl oz,30.4
Babyfood Juice Apple-Sweet Potato,Baby Foods,47,0.3,11.4,0.1,1 fl oz,30.8
Babyfood Juice Orange-Carrot,Baby Foods,43,0.5,9.9,0.1,1 fl oz,30.8
Babyfood Baked Product Finger Snacks Cereal Fortified,Baby Foods,421,6.4,76.68,9.9,1 cookie,1.7
Babyfood Cereal Brown Rice Dry Instant,Baby Foods,406,8.7,85.98,3,1 tbsp,3.7
Babyfood Green Beans And Turkey Strained,Baby Foods,51,4.1,5.35,1.5,1 tbsp,14
Babyfood Dinner Chicken And Rice,Baby Foods,51,1.6,9.2,0.9,1 tbsp,16
Infant Formula Gerber Good Start Protect Plus Powder,Baby Foods,512,11.3,57,26.1,1 scoop,9.4
Infant Formula Gerber Good Start 2 Gentle Plus Powder,Baby Foods,492,10.8,57.1,25.1,1 scoop,9.4
Infant Formula Gerber Good Start 2 Protect Plus Powder,Baby Foods,501,11.1,56.3,25.7,1 scoop,9.4
Infant Formula Mead Johnson Enfamil Enfagrow Soy Toddler Lipil Powder,Baby Foods,476,15.7,56,21,1 scoop,9.4
Infant Formula Mead Johnson Enfamil Premature 24 Calories Ready-To-Feed Low Iron,Baby Foods,67,1.97,7.19,3.34,5 fl oz,30
Infant Formula Mead Johnson Enfamil Premium Infant Ready-To-Feed,Baby Foods,66,1.38,7.39,3.48,1 fl oz,30.5
Infant Formula Mead Johnson Enfamil Premium Infant Powder,Baby Foods,510,10.8,57,27,1 scoop,8.7
Babyfood Gerber Banana With Orange Medley,Baby Foods,69,1.06,20.41,0,No data available,No data available
Babyfood Vegetable And Brown Rice Strained,Baby Foods,69,1.9,12.1,1.5,1 cup,230
Babyfood Peas And Brown Rice,Baby Foods,64,3.4,11.49,0.5,1 cup,230
Babyfood Carrots Toddler,Baby Foods,21,0.6,5.23,0.3,1 oz,28.4
Babyfood Dessert Banana Pudding Strained,Baby Foods,68,1,14.14,0.8,1 tbsp,15
Babyfood Fruit Tutti Frutti Strained,Baby Foods,66,0.4,15.48,0.3,1 tbsp,15
Babyfood Fruit Tutti Frutti Junior,Baby Foods,69,0.4,16,0.4,1 tbsp,15
Fluid Replacement Electrolyte Solution (Include Pedialyte),Baby Foods,10,0,2.45,0,1 fl oz,31.2
Babyfood Vegetables Peas Strained,Baby Foods,50,3.27,8.36,0.43,1 tbsp,16
Babyfood Peas Dices Toddler,Baby Foods,64,3.9,10.3,0.8,1 oz,28.4
Babyfood Vegetables Spinach Creamed Strained,Baby Foods,37,2.5,5.7,1.3,1 cup,240
Babyfood Fruit Apricot With Tapioca Junior,Baby Foods,63,0.3,17.3,0,1 tbsp,15
Babyfood Fruit Pears Junior,Baby Foods,44,0.3,11.6,0.1,1 tbsp,16
Babyfood Fruit Plums With Tapioca Without Ascorbic Acid Strained,Baby Foods,71,0.1,19.7,0,1 tbsp,15
Babyfood Fruit Plums With Tapioca Without Ascorbic Acid Junior,Baby Foods,74,0.1,20.5,0,1 tbsp,15
Babyfood Fruit Prunes With Tapioca Without Ascorbic Acid Strained,Baby Foods,69,0.6,18.5,0.1,1 tbsp,15
Babyfood Fruit Applesauce And Apricots Strained,Baby Foods,44,0.2,11.64,0.2,1 tbsp,16
Babyfood Fruit Applesauce And Apricots Junior,Baby Foods,47,0.2,12.4,0.2,1 tbsp,16
Babyfood Fruit Applesauce And Cherries Strained,Baby Foods,51,0,14.1,0,1 oz,28.4
Babyfood Fruit Applesauce And Cherries Junior,Baby Foods,51,0,14.1,0,1 oz,28.4
Babyfood Fruit Applesauce With Banana Junior,Baby Foods,66,0.37,16.16,0.1,1 tbsp,16
Babyfood Fruit And Vegetable Apple And Sweet Potato,Baby Foods,64,0.3,15.3,0.22,1 jar/ gerber (4 oz),113
Babyfood Fruit Bananas And Pineapple With Tapioca Junior,Baby Foods,68,0.2,18.4,0.1,1 tbsp,15
Babyfood Fruit Bananas And Pineapple With Tapioca Strained,Baby Foods,65,0.2,17.8,0,1 tbsp,15
Babyfood Fruit Pears And Pineapple Strained,Baby Foods,41,0.3,10.9,0.1,1 tbsp,16
Babyfood Fruit Bananas With Apples And Pears Strained,Baby Foods,83,0.9,19.31,0.22,1 tbsp,15
Babyfood Fruit Apple And Blueberry Strained,Baby Foods,61,0.2,16.3,0.2,1 oz,28.4
Babyfood Fruit Apple And Blueberry Junior,Baby Foods,62,0.2,16.6,0.2,1 oz,28.4
Babyfood Juice Apple,Baby Foods,47,0,11.7,0.1,1 fl oz,31.7
Babyfood Juice Orange And Apple And Banana,Baby Foods,47,0.4,11.5,0.1,1 fl oz,31.2
Babyfood Juice Orange And Apricot,Baby Foods,46,0.8,10.9,0.1,1 fl oz,31.2
Babyfood Juice Orange And Banana,Baby Foods,50,0.7,11.9,0.1,1 fl oz,31.2
Babyfood Juice Orange And Pineapple,Baby Foods,48,0.5,11.7,0.1,1 fl oz,31.2
Babyfood Cereal Mixed Dry Fortified,Baby Foods,399,6.66,78.21,6.66,1 tbsp,2.5
Babyfood Cereal Mixed With Bananas Dry,Baby Foods,391,10.7,77.1,4.6,1 tbsp,2.5
Babyfood Cereal Mixed With Applesauce And Bananas Strained,Baby Foods,82,0.71,18.38,0.51,1 oz,28.4
Babyfood Cereal Mixed With Applesauce And Bananas Junior,Baby Foods,84,0.71,18.79,0.51,1 oz,28.4
Babyfood Cereal Oatmeal With Honey Dry,Baby Foods,391,13.5,69.3,7,1 tbsp,2.4
Babyfood Cereal Rice Dry Fortified,Baby Foods,390,6.65,83.14,2.19,1 tbsp,2.5
Babyfood Cereal Rice With Applesauce And Bananas Strained,Baby Foods,80,1.2,17.1,0.4,1 tbsp,16
Babyfood Cereal With Egg Yolks Strained,Baby Foods,51,1.9,7,1.8,1 oz,28.4
Babyfood Crackers Vegetable,Baby Foods,477,8.4,66.85,19.6,1 cracker,0.7
Babyfood Cereal High Protein With Apple And Orange Dry,Baby Foods,374,25.4,57.6,6.5,1 tbsp,2.4
Babyfood Cereal Rice With Bananas Dry,Baby Foods,404,8.7,79.9,4.2,1 tbsp,2.5
Babyfood Cookies,Baby Foods,433,11.8,67.1,13.2,1 oz,28.4
Babyfood Dessert Dutch Apple Strained,Baby Foods,75,0.2,19.74,0.4,1 oz,28.4
Babyfood Dessert Dutch Apple Junior,Baby Foods,79,0.2,19.18,0.16,1 oz,28.4
Babyfood Cherry Cobbler Junior,Baby Foods,78,0.3,19.2,0.1,1 oz,28.4
Babyfood Dessert Cherry Vanilla Pudding Strained,Baby Foods,68,0.2,17.8,0.3,1 oz,28.4
Babyfood Dessert Peach Melba Strained,Baby Foods,60,0.2,16.5,0,1 oz,28.4
Babyfood Dessert Peach Melba Junior,Baby Foods,60,0.3,16.4,0,1 oz,28.4
Babyfood Dessert Fruit Pudding Pineapple Strained,Baby Foods,81,1.3,20.3,0.3,1 tbsp,15
Babyfood Dessert Fruit Dessert Without Ascorbic Acid Strained,Baby Foods,59,0.3,16,0,1 tbsp,15
Babyfood Juice Fruit Punch With Calcium,Baby Foods,52,0.2,12.7,0.1,1 fl oz,31.2
Babyfood Juice Apple With Calcium,Baby Foods,46,0.06,11.1,0.1,1 serving,189
Infant Formula Mead Johnson Enfamil Enfacare Lipil Ready-To-Feed With Ara And Dha,Baby Foods,73,2,7.73,3.8,1 fl oz,30.8
Babyfood Yogurt Whole Milk With Fruit Multigrain Cereal And Added Dha Fortified,Baby Foods,98,3.4,13.22,3.53,1 oz,31
Infant Formula Abbott Nutrition Alimentum Advance With Iron Powder Not Reconstituted With Dha And Ara,Baby Foods,517,13.99,51.91,28.19,1 scoop,8.7
Babyfood Mashed Cheddar Potatoes And Broccoli Toddlers,Baby Foods,48,1.11,7.47,1.47,1 container,170
Babyfood Yogurt Whole Milk With Fruit Multigrain Cereal And Added Iron Fortified,Baby Foods,92,3.05,13,3.08,1 tbsp,16
Infant Formula Nestle Good Start Soy With Dha And Ara Liquid Concentrate,Baby Foods,132,3.31,14.71,6.67,1 fl oz,29.2
Toddler Formula Mead Johnson Enfagrow Premium (Formerly Enfamil Lipil Next Step) Powder,Baby Foods,505,12.9,52.8,26.9,1 scoop,8.8
Toddler Formula Mead Johnson Enfagrow Premium (Formerly Enfamil Lipil Next Step) Ready-To-Feed,Baby Foods,64,1.78,7.18,3.63,1 fl oz,29.2
Infant Formula Mead Johnson Enfamil Premium Newborn Ready-To-Feed,Baby Foods,68,1.38,7.81,3.48,1 fl oz,30.5
Infant Formula Gerber Good Start 2 Soy With Iron Ready-To-Feed,Baby Foods,65,1.84,7.15,3.28,1 fl oz,30.4
Infant Formula Gerber Good Start Protect Plus Ready-To-Feed,Baby Foods,65,1.44,7.17,3.36,1 fl oz,30.4
Infant Formula Gerber Good Start 2 Gentle Plus Ready-To-Feed,Baby Foods,66,1.44,7.61,3.34,1 fl oz,30.4
Babyfood Fruit Banana And Strawberry Junior,Baby Foods,109,0.71,25.78,0.37,1 bottle,140
Babyfood Banana With Mixed Berries Strained,Baby Foods,92,1.01,21.31,0.36,1 packet,99
Babyfood Multigrain Whole Grain Cereal Dry Fortified,Baby Foods,407,6.67,80.06,6.67,No data available,No data available
Babyfood Baby Mum Mum Rice Biscuits,Baby Foods,391,12.5,83.21,0.87,4 biscuit,8
Babyfood Vegetables Corn Creamed Junior,Baby Foods,65,1.4,16.25,0.4,1 cup,240
Babyfood Fruit Bananas With Tapioca Strained,Baby Foods,56,0.4,15.3,0.1,1 tbsp,15
Babyfood Fruit Peaches Strained,Baby Foods,65,0.94,14.48,0.33,1 tbsp,17
Babyfood Fruit Peaches Junior,Baby Foods,65,0.94,14.48,0.33,1 tbsp,17
Babyfood Fruit Pears Strained,Baby Foods,42,0.3,10.8,0.2,1 tbsp,16
Babyfood Fruit Prunes With Tapioca Without Ascorbic Acid Junior,Baby Foods,70,0.6,18.7,0.1,1 oz,28.4
Babyfood Prunes Without Vitamin C Strained,Baby Foods,100,1,23.52,0.2,1 tbsp,15
Babyfood Fruit Dessert Mango With Tapioca,Baby Foods,70,0.3,19,0.2,1 tbsp,15
Babyfood Pears Dices Toddler,Baby Foods,57,0.3,13.6,0.1,1 oz,28.4
Babyfood Fruit Applesauce And Pineapple Strained,Baby Foods,37,0.1,10.1,0.1,1 oz,28.4
Babyfood Fruit Applesauce And Pineapple Junior,Baby Foods,39,0.1,10.5,0.1,1 oz,28.4
Babyfood Fruit Apple And Raspberry Strained,Baby Foods,58,0.2,15.6,0.2,1 oz,28.4
Babyfood Fruit Apple And Raspberry Junior,Baby Foods,58,0.2,15.4,0.2,1 oz,28.4
Babyfood Fruit Pears And Pineapple Junior,Baby Foods,44,0.3,11.4,0.2,1 tbsp,16
Babyfood Fruit Guava And Papaya With Tapioca Strained,Baby Foods,63,0.2,17,0.1,1 oz,28.4
Babyfood Peaches Dices Toddler,Baby Foods,51,0.5,11.8,0.2,1 oz,28.4
Babyfood Fruit Papaya And Applesauce With Tapioca Strained,Baby Foods,70,0.2,18.9,0.1,1 oz,28.4
Babyfood Apple-Banana Juice,Baby Foods,51,0.2,12.3,0.1,1 fl oz,31.2
Babyfood Juice Apple And Peach,Baby Foods,43,0.2,10.5,0.1,1 fl oz,31.2
Babyfood Juice Apple And Prune,Baby Foods,72,0.2,18.1,0.1,1 fl oz,31.2
Babyfood Juice Orange,Baby Foods,45,0.6,10.2,0.3,1 fl oz,31.2
Babyfood Juice Orange And Apple,Baby Foods,43,0.4,10.1,0.2,1 fl oz,31.2
Babyfood Juice Prune And Orange,Baby Foods,70,0.6,16.8,0.3,1 fl oz,31.2
Babyfood Juice Mixed Fruit,Baby Foods,47,0.1,11.7,0.1,1 fl oz,31.2
Babyfood Cereal Barley Dry Fortified,Baby Foods,376,13.2,69.4,6.6,1 tbsp,2.4
Babyfood Cereal Whole Wheat With Apples Dry Fortified,Baby Foods,402,6.6,83.2,4.8,1/2 oz,15
Babyfood Cereal Oatmeal Dry Fortified,Baby Foods,394,10.99,73.48,6.36,1 tbsp,3.2
Babyfood Cereal Oatmeal With Bananas Dry,Baby Foods,399,6.67,78.07,6.67,1 tbsp,2.5
Babyfood Cereal Oatmeal With Applesauce And Bananas Strained,Baby Foods,75,0.89,15.62,0.89,1 oz,28.4
Babyfood Cereal Oatmeal With Applesauce And Bananas Junior,Baby Foods,76,0.89,16.03,0.89,1 oz,28.4
Babyfood Cereal With Egg Yolks Junior,Baby Foods,52,1.9,7.1,1.8,1 oz,28.4
Babyfood Cereal With Eggs Strained,Baby Foods,58,2.2,8,1.5,1 oz,28.4
Babyfood Cereal Egg Yolks And Bacon Junior,Baby Foods,79,2.5,6.2,5,1 oz,28.4
Babyfood Oatmeal Cereal With Fruit Dry Instant Toddler Fortified,Baby Foods,402,10.5,74.1,7.05,1 tbsp,5.3
Babyfood Cookie Baby Fruit,Baby Foods,435,6.8,73.7,12.6,1 cookie,8
Babyfood Cookies Arrowroot,Baby Foods,424,7.6,75.4,10,1 oz,28.4
Babyfood Pretzels,Baby Foods,397,10.8,82.2,2,1 oz,28.4
Babyfood Teething Biscuits,Baby Foods,407,7.97,72.48,9.27,1 oz,28.4
Zwieback,Baby Foods,426,10.1,74.2,9.7,1 oz,28.4
Babyfood Dessert Cherry Vanilla Pudding Junior,Baby Foods,69,0.2,18.4,0.2,1 oz,28.4
Babyfood Dessert Fruit Pudding Orange Strained,Baby Foods,80,1.1,17.7,0.9,1 oz,28.4
Babyfood Dessert Peach Cobbler Strained,Baby Foods,65,0.3,17.8,0,1 tbsp,15
Babyfood Dessert Peach Cobbler Junior,Baby Foods,67,0.3,18.3,0,1 tbsp,15
Babyfood Dessert Fruit Dessert Without Ascorbic Acid Junior,Baby Foods,63,0.3,17.2,0,1 tbsp,15
Babyfood Dessert Tropical Fruit Junior,Baby Foods,60,0.2,16.4,0,1 oz,28.4
Babyfood Dessert Custard Pudding Vanilla Strained,Baby Foods,85,1.6,16,2,1 cup,229
Babyfood Dessert Custard Pudding Vanilla Junior,Baby Foods,86,1.76,17.58,0.98,1 cup,229
Babyfood Juice Apple And Grape,Baby Foods,46,0.1,11.34,0.2,1 fl oz,31.2
Infant Formula Abbott Nutrition Similac Isomil Advance With Iron Liquid Concentrate,Baby Foods,128,3.13,13.21,6.98,1 fl oz,31.4
Infant Formula Abbott Nutrition Similac Isomil Advance With Iron Ready-To-Feed,Baby Foods,66,1.61,6.7,3.59,1 fl oz,30.5
Infant Formula Abbott Nutrition Similac Isomil Advance With Iron Powder Not Reconstituted,Baby Foods,517,12.6,53.57,28.09,1 scoop,8.7
Infant Formula Nestle Good Start Supreme With Iron Dha And Ara Ready-To-Feed,Baby Foods,66,1.45,7.39,3.37,1 fl oz,30.5
Infant Formula Nestle Good Start Supreme With Iron Dha And Ara Prepared From Liquid Concentrate,Baby Foods,66,1.45,7.39,3.37,1 fl oz,31.4
Infant Formula Mead Johnson Enfamil Gentlease Lipil With Iron Prepared From Powder,Baby Foods,68,1.51,7.6,3.5,1 fl oz,30.5
Babyfood Fortified Cereal Bar Fruit Filling,Baby Foods,344,5.43,68.63,5.3,1 bar,19
Infant Formula Mead Johnson Enfamil Gentlease Powder,Baby Foods,516,11.7,56.5,27,1 scoop,8.7
Infant Formula Mead Johnson Enfamil Enfagrow Soy Toddler Ready-To-Feed,Baby Foods,65,2.17,7.64,2.89,1 fl oz,30.4
Infant Formula Mead Johnson Enfamil Nutramigen Aa Ready-To-Feed,Baby Foods,66,1.84,6.76,3.48,1 fl oz,30.4
Infant Formula Mead Johnson Enfamil Premature 20 Calories Ready-To-Feed,Baby Foods,63,2.2,6.2,3.3,1 fl oz,30.4
Infant Formula Mead Johnson Enfamil Premature 24 Calo Ready-To-Feed,Baby Foods,81,2.6,8.88,3.9,1 fl oz,30.4
Infant Formula Gerber Good Start 2 Protect Plus Ready-To-Feed,Baby Foods,66,1.44,7.39,3.37,1 fl oz,30.4
Infant Formula Abbott Nutrition Similac Go And Grow Ready-To-Feed With Ara And Dha,Baby Foods,66,1.97,6.69,3.54,5 fl oz,153
Infant Formula Abbott Nutrition Similac Expert Care Diarrhea Ready- To- Feed With Ara And Dha,Baby Foods,66,1.76,6.67,3.6,1 fl oz,30.4
Infant Formula Abbott Nutrition Similac For Spit Up Ready-To-Feed With Ara And Dha,Baby Foods,66,1.4,7.19,3.54,1 fl oz,30.4
Babyfood Snack Gerber Graduates Lil Crunchies Baked Whole Grain Corn Snack,Baby Foods,503,0,61.59,28.57,18 piece,7
Infant Formula Abbott Nutrition Similac For Spit Up Powder With Ara And Dha,Baby Foods,514,11,55,27.75,1 scoop,9.5
Babyfood Meat Beef Junior,Baby Foods,81,12.03,2.43,2.52,1 oz,28.4
Babyfood Meat Veal Strained,Baby Foods,81,13.12,1.51,2.45,1 tbsp,16
Babyfood Meat Pork Strained,Baby Foods,124,14,0,7.1,1 oz,28.4
Babyfood Meat Ham Strained,Baby Foods,97,11.3,3.7,3.8,1 tbsp,15
Babyfood Meat Chicken Junior,Baby Foods,146,14,0,9.6,1 tbsp,15
Babyfood Meat Chicken Sticks Junior,Baby Foods,188,14.6,1.5,14.4,1 stick,10
Babyfood Meat Turkey Strained,Baby Foods,111,11.5,1.4,6.2,1 tbsp,15
Babyfood Meat Turkey Junior,Baby Foods,111,11.5,1.4,6.2,1 tbsp,19
Finger Snacks Gerber Graduate Puffs Apple And Cinnamon,Baby Foods,344,6.19,85.79,2.3,No data available,No data available
Babyfood Water Bottled Gerber Without Added Fluoride.,Baby Foods,0,0,0,0,1 serving,113
Babyfood Gerber 3rd Foods Apple Mango And Kiwi,Baby Foods,48,0.47,12.88,0,No data available,No data available
Babyfood Tropical Fruit Medley,Baby Foods,46,0.31,12.22,0.14,No data available,No data available
Babyfood Dinner Vegetables And Dumplings And Beef Strained,Baby Foods,48,2,7.7,0.9,1 oz,28.4
Babyfood Ravioli Cheese Filled With Tomato Sauce,Baby Foods,99,3.6,16.3,2.2,1 tbsp,16
Babyfood Dinner Beef Noodle Strained,Baby Foods,63,2.44,8.18,2.26,1 tbsp,16
Babyfood Macaroni And Cheese Toddler,Baby Foods,82,3.5,11.2,2.6,1 container,113
Babyfood Dinner Beef And Rice Toddler,Baby Foods,82,5,8.8,2.9,1 oz,28.4
Babyfood Dinner Beef With Vegetables,Baby Foods,96,2.03,6.36,6.93,1 jar beech-nut stage 2 (4 oz),113
Babyfood Dinner Vegetables And Lamb Junior,Baby Foods,51,2.1,7.1,1.7,1 oz,28.4
Babyfood Dinner Chicken Noodle Strained,Baby Foods,74,3.53,7.81,3.22,1 tbsp,16
Babyfood Dinner Chicken Noodle Junior,Baby Foods,74,3.53,7.8,3.23,1 tbsp,16
Babyfood Dinner Vegetables Noodles And Chicken Junior,Baby Foods,64,1.7,9.1,2.2,1 oz,28.4
Babyfood Dinner Pasta With Vegetables,Baby Foods,60,1.7,8.4,2.1,1 jar/ gerber (4 oz),113
Babyfood Dinner Vegetables And Noodles And Turkey Strained,Baby Foods,44,1.2,6.8,1.2,1 oz,28.4
Babyfood Dinner Vegetables And Noodles And Turkey Junior,Baby Foods,52,1.8,7.6,1.5,1 oz,28.4
Babyfood Dinner Turkey And Rice Strained,Baby Foods,52,2.27,7.94,1.24,1 tbsp,16
Babyfood Dinner Macaroni And Cheese Junior,Baby Foods,61,2.6,8.2,2,1 oz,28.4
Babyfood Vegetables Green Beans Strained,Baby Foods,27,1.2,6.29,0.17,1 cup,240
Babyfood Vegetables Green Beans Junior,Baby Foods,24,1.2,5.8,0.1,1 cup,240
Babyfood Green Beans Dices Toddler,Baby Foods,29,1.2,5.7,0.2,1 oz,28.4
Babyfood Vegetables Squash Strained,Baby Foods,28,0.81,5.73,0.2,1 tbsp,16
Babyfood Vegetables Squash Junior,Baby Foods,24,0.81,5.73,0.2,1 tbsp,16
Babyfood Vegetables Sweet Potatoes Strained,Baby Foods,57,1.1,13.2,0.1,1 cup,224
Babyfood Vegetables Sweet Potatoes Junior,Baby Foods,60,1.1,14,0.1,1 cup,224
Babyfood Fruit Applesauce Junior,Baby Foods,37,0,10.3,0,1 tbsp,16
Babyfood Fruit Apricot With Tapioca Strained,Baby Foods,60,0.3,16.3,0,1 tbsp,15
Babyfood Vegetables Corn Creamed Strained,Baby Foods,57,1.4,14.1,0.4,1 jar,113
Babyfood Dinner Mixed Vegetable Junior,Baby Foods,34,1.01,7.88,0.11,1 serving,99
Babyfood Fruit Bananas With Tapioca Junior,Baby Foods,67,0.4,17.8,0.2,1 tbsp,15
Babyfood Vegetables Mix Vegetables Junior,Baby Foods,36,1.4,8.2,0.4,1 serving 3.5 oz serving,99
Babyfood Vegetables Garden Vegetable Strained,Baby Foods,32,2.3,6.8,0.2,1 oz,28.4
Babyfood Plums Bananas And Rice Strained,Baby Foods,57,1.1,12.7,0.3,1 oz,28.4
Babyfood Dinner Turkey Rice And Vegetables Toddler,Baby Foods,60,3.8,7.5,1.6,1 oz,28.4
Babyfood Dinner Apples And Chicken Strained,Baby Foods,65,2.16,10.88,1.38,1 oz,28.4
Babyfood Dinner Broccoli And Chicken Junior,Baby Foods,62,3.59,6.34,2.48,1 tbsp,29
Babyfood Cereal Barley Prepared With Whole Milk,Baby Foods,84,3.73,9.94,3.26,1 oz,28.4
Babyfood Cereal Oatmeal With Bananas Prepared With Whole Milk,Baby Foods,86,3.82,10,3.46,1 oz,28.4
Babyfood Cereal Oatmeal With Honey Prepared With Whole Milk,Baby Foods,115,5,15.3,3.9,1 oz,28.4
Babyfood Cereal Rice Prepared With Whole Milk,Baby Foods,85,3.45,10.31,3.38,1 oz,28.4
Babyfood Cereal Rice With Honey Prepared With Whole Milk,Baby Foods,115,3.9,17.1,3.3,1 oz,28.4
Infant Formula Mead Johnson Enfamil With Iron Powder,Baby Foods,520,10.8,56.2,27,1 scoop,8.3
Infant Formula Mead Johnson Enfamil Lipil With Iron Powder With Ara And Dha,Baby Foods,511,10.8,56.2,27,1 scoop,8.5
Infant Formula Mead Johnson Enfamil Lipil With Iron Liquid Concentrate With Ara And Dha,Baby Foods,68,1.31,7.86,3.5,1 fl oz,31.3
Infant Formula Mead Johnson Enfamil Lipil With Iron Ready-To-Feed With Ara And Dha,Baby Foods,64,1.38,7.1,3.5,1 serving 100 ml,106
Infant Formula Mead Johnson Enfamil Lipil Low Iron Ready To Feed With Ara And Dha,Baby Foods,64,1.38,7.18,3.5,1 serving 100 ml,106
Infant Formula Mead Johnson Enfamil Lipil Ready-To-Feed With Ara And Dha,Baby Foods,68,1.31,7.86,3.5,1 serving 100 ml,106
Infant Formula Abbott Nutrition Similac Pm 60/40 Powder Not Reconstituted,Baby Foods,524,11.4,54.94,28.71,1 scoop,8.7
Infant Formula Mead Johnson Enfamil Nutramigen Lipil With Iron Powder Not Reconstituted With Ara And Dha,Baby Foods,514,14.1,53.6,27,1 scoop,9
Infant Formula Mead Johnson Enfamil Nutramigen Lipil With Iron Ready-To-Feed With Ara And Dha,Baby Foods,68,1.83,7.21,3.5,1 serving 100 ml,107
Infant Formula Abbott Nutrition Similac Alimentum With Iron Ready-To-Feed,Baby Foods,66,1.8,6.77,3.63,1 fl oz,30.5
Infant Formula Mead Johnson Enfamil Enfacare Lipil With Iron Powder With Ara And Dha,Baby Foods,505,13.9,53.8,26,1 scoop,9.4
Infant Formula Abbott Nutrition Similac With Iron Liquid Concentrate Not Reconstituted,Baby Foods,127,2.64,13.76,6.89,1 fl oz,31.4
Child Formula Abbott Nutrition Pediasure Ready-To-Feed,Baby Foods,99,2.86,11.15,4.77,1 fl oz,31
Infant Formula Mead Johnson Next Step Prosobee Lipil Powder With Ara And Dha,Baby Foods,480,15.6,57.1,21,3 scoop,28
Infant Formula Mead Johnson Next Step Prosobee Lipil Ready To Feed With Ara And Dha,Baby Foods,67,2.14,8.09,2.91,1 serving 100 ml,103
Infant Formula Nestle Good Start Soy With Ara And Dha Powder,Baby Foods,503,12.5,55.6,25.6,1 scoop,9.4
Babyfood Corn And Sweet Potatoes Strained,Baby Foods,68,1.26,15.23,0.28,1 oz,28.4
Infant Formula Abbott Nutrition Similac Alimentum Advance Ready-To-Feed With Ara And Dha,Baby Foods,67,1.8,6.77,3.63,1 fl oz,30.5
Infant Formula Pbm Products Store Brand Ready-To-Feed,Baby Foods,63,1.4,6.39,3.5,1 fl oz,30.4
Infant Formula Pbm Products Store Brand Liquid Concentrate Not Reconstituted,Baby Foods,130,2.9,13.9,7,1 fl oz,31.4
Infant Formula Mead Johnson Enfamil Ar Lipil Ready-To-Feed With Ara And Dha,Baby Foods,71,1.64,8.73,3.3,1 serving 100 ml,106
Infant Formula Mead Johnson Enfamil Ar Lipil Powder With Ara And Dha,Baby Foods,504,12.4,57.4,25,1 scoop,8.7
Infant Formula Abbott Nutrition Similac Neosure Ready-To-Feed With Ara And Dha,Baby Foods,69,1.92,6.94,3.77,1 fl oz,30.5
Infant Formula Abbott Nutrition Similac Neosure Powder With Ara And Dha,Baby Foods,520,14.42,51.75,28.33,1 fl oz,30.5
Infant Formula Abbott Nutrition Similac Sensitive (Lactose Free) Ready-To-Feed With Ara And Dha,Baby Foods,68,1.48,7.4,3.74,1 fl oz,30.5
Infant Formula Abbott Nutrition Similac Advance With Iron Liquid Concentrate Not Reconstituted,Baby Foods,127,2.64,13.52,6.89,1 fl oz,31.4
Clif Z Bar,Baby Foods,416,5.55,74.72,9.72,No data available,No data available
Babyfood Juice Treats Fruit Medley Toddler,Baby Foods,347,0,86.68,0.02,1 packet,28
Babyfood Meat Beef Strained,Baby Foods,81,12.03,2.43,2.52,1 tbsp,14.7
Babyfood Meat Ham Junior,Baby Foods,97,11.3,3.7,3.8,1 oz,28.4
Babyfood Meat Lamb Strained,Baby Foods,94,14.07,0.85,3.41,1 tbsp,22
Babyfood Meat Lamb Junior,Baby Foods,112,15.2,0,5.2,1 oz,28.4
Babyfood Meat Chicken Strained,Baby Foods,130,13.7,0.1,7.9,1 tbsp,15
Babyfood Meat Turkey Sticks Junior,Baby Foods,188,13.7,1.4,14.2,1 stick,10
Babyfood Snack Gerber Graduate Fruit  Strips Real Fruit Bars,Baby Foods,330,0.82,76.61,2.24,1 bar,9.9
Babyfood Meat Meat Sticks Junior,Baby Foods,184,13.4,1.1,14.6,1 stick,10
Babyfood Gerber 2nd Foods Apple Carrot And Squash Organic,Baby Foods,64,1.1,14.82,0,No data available,No data available
Babyfood Dinner Vegetables And Dumplings And Beef Junior,Baby Foods,48,2.1,8,0.8,1 oz,28.4
Babyfood Dinner Beef Lasagna Toddler,Baby Foods,77,4.2,10,2.1,1 oz,28.4
Babyfood Dinner Macaroni And Tomato And Beef Strained,Baby Foods,61,2.36,9.45,1.47,1 tbsp,16
Babyfood Dinner Macaroni And Tomato And Beef Junior,Baby Foods,59,2.5,9.4,1.1,1 tbsp,16
Babyfood Dinner Spaghetti And Tomato And Meat Junior,Baby Foods,68,2.57,11.42,1.37,1 tbsp,16
Babyfood Dinner Spaghetti And Tomato And Meat Toddler,Baby Foods,75,5.3,10.8,1,1 oz,28.4
Babyfood Dinner Vegetables And Beef Strained,Baby Foods,77,2.21,8.84,3.6,1 cup,256
Babyfood Dinner Vegetables And Beef Junior,Baby Foods,77,2.21,8.84,3.6,1 cup,256
Babyfood Dinner Chicken Soup Strained,Baby Foods,50,1.6,7.2,1.7,1 jar beech-nut stage 2 (4 oz),113
Babyfood Dinner Chicken Stew Toddler,Baby Foods,78,5.2,6.4,3.7,1 tbsp,16
Babyfood Dinner Vegetables Chicken Strained,Baby Foods,59,2.47,8.42,1.73,1 cup,256
Babyfood Dinner Vegetables Noodles And Chicken Strained,Baby Foods,63,2,7.9,2.5,1 oz,28.4
Babyfood Dinner Turkey And Rice Junior,Baby Foods,56,2.37,9.57,0.92,1 tbsp,16
Babyfood Dinner Vegetables And Turkey Strained,Baby Foods,48,2.32,7.62,0.9,1 cup,256
Babyfood Dinner Vegetables And Turkey Junior,Baby Foods,53,1.72,7.55,1.74,1 cup,256
Babyfood Dinner Macaroni And Cheese Strained,Baby Foods,67,3.14,8.95,2.11,1 oz,28.4
Babyfood Vegetable Green Beans And Potatoes,Baby Foods,62,2.2,9,1.9,1 jar/ gerber (4 oz),113
Babyfood Vegetables Beets Strained,Baby Foods,34,1.3,7.7,0.1,1 cup,224
Babyfood Vegetables Carrots Strained,Baby Foods,26,0.8,6,0.1,1 cup,224
Babyfood Vegetables Carrots Junior,Baby Foods,32,0.8,7.2,0.2,1 cup,224
Babyfood Potatoes Toddler,Baby Foods,52,1,11.73,0.1,1 cup,163
Babyfood Vegetable Butternut Squash And Corn,Baby Foods,50,2,9.26,0.6,1 jar/ gerber (4 oz),113
Babyfood Apples Dices Toddler,Baby Foods,50,0.19,11.56,0.36,1 oz,28.4
Babyfood Fruit Applesauce Strained,Baby Foods,41,0.2,10.8,0.2,1 tbsp,16
Babyfood Dinner Vegetables And Chicken Junior,Baby Foods,53,2.04,8.66,1.12,1 cup,256
Babyfood Dinner Mixed Vegetable Strained,Baby Foods,41,1.2,9.5,0.1,1 oz,28.4
Babyfood Vegetables Mix Vegetables Strained,Baby Foods,36,1,8.25,0.5,1 oz,28.4
Babyfood Dinner Beef Noodle Junior,Baby Foods,57,2.5,7.3,1.9,1 tbsp,16
Babyfood Apples With Ham Strained,Baby Foods,62,2.6,10.9,0.9,1 tbsp,15
Babyfood Carrots And Beef Strained,Baby Foods,59,3.4,5.7,2.5,1 tbsp,15
Babyfood Beverage Gerber Graduate Fruit Splashers,Baby Foods,29,0,7.35,0,4 oz,113
Babyfood Snack Gerber Graduate Yogurt Melts,Baby Foods,380,14.29,71.82,4,1 serving,7
Babyfood Dinner Sweet Potatoes And Chicken Strained,Baby Foods,74,2.51,11.04,2.17,1 tbsp,16
Babyfood Cereal High Protein Prepared With Whole Milk,Baby Foods,111,8.7,11.6,3.8,1 oz,28.4
Babyfood Cereal Mixed Prepared With Whole Milk,Baby Foods,96,4.14,12.3,3.38,1 oz,28.4
Babyfood Cereal Mixed With Bananas Prepared With Whole Milk,Baby Foods,86,3.82,10,3.46,1 oz,28.4
Babyfood Cereal Oatmeal Prepared With Whole Milk,Baby Foods,116,5,15.3,4.1,1 oz,28.4
Babyfood Cereal Mixed With Honey Prepared With Whole Milk,Baby Foods,115,5,15.9,3.6,1 oz,28.4
Babyfood Cereal High Protein With Apple And Orange Prepared With Whole Milk,Baby Foods,112,6.9,13.4,3.9,1 oz,28.4
Babyfood Cereal Rice With Bananas Prepared With Whole Milk,Baby Foods,86,3.57,10.49,3.32,1 oz,28.4
Infant Formula Nestle Good Start Supreme With Iron Liquid Concentrate Not Reconstituted,Baby Foods,127,2.79,14.2,6.5,1 fl oz,31.4
Infant Formula Nestle Good Start Supreme With Iron Powder,Baby Foods,509,11.3,57.32,26.1,1 scoop,8.7
Infant Formula Mead Johnson Enfamil Lipil Low Iron Liquid Concentrate With Ara And Dha,Baby Foods,131,2.76,14.24,7.16,1 fl oz,31.3
Infant Formula Mead Johnson Pregestimil With Iron Powder Not Reconstituted,Baby Foods,517,14,52.2,28,1 scoop,8.8
Infant Formula Mead Johnson Pregestimil With Iron Prepared From Powder,Baby Foods,67,1.86,6.54,3.7,1 serving 100 ml,103
Infant Formula Mead Johnson Prosobee With Iron Ready-To-Feed,Baby Foods,63,1.64,6.11,3.5,1 serving 100 ml,106
Infant Formula Abbott Nutrition Similac Isomil With Iron Ready-To-Feed,Baby Foods,66,1.61,6.7,3.59,1 fl oz,30.5
Infant Formula Abbott Nutrition Similac Isomil With Iron Liquid Concentrate,Baby Foods,128,3.13,13.21,6.98,1 fl oz,31.4
Infant Formula Abbott Nutrition Similac Isomil With Iron Powder Not Reconstituted,Baby Foods,517,12.6,53.57,28.09,1 scoop,8.7
Infant Formula Mead Johnson Enfamil Nutramigen Lipil With Iron Liquid Concentrate Not Reconstituted With Ara And Dha,Baby Foods,68,1.84,7.2,3.5,1 fl oz,31.6
Infant Formula Mead Johnson Enfamil Prosobee Lipil With Iron Powder Not Reconstituted With Ara And Dha,Baby Foods,512,12.7,54.6,27,1 scoop,8.8
Infant Formula Abbott Nutrition Similac With Iron Powder Not Reconstituted,Baby Foods,522,10.89,54.73,28.87,1 scoop,8.5
Infant Formula Mead Johnson Enfamil Prosobee Lipil Liquid Concentrate Not Reconstituted With Ara And Dha,Baby Foods,67,1.63,7.58,3.4,1 fl oz,31.3
Infant Formula Mead Johnson Prosobee Lipil With Iron Ready To Feed With Ara And Dha,Baby Foods,64,1.64,6.47,3.5,1 serving 100 ml,106
Infant Formula Nestle Good Start Soy With Dha And Ara Ready-To-Feed,Baby Foods,64,1.6,7.13,3.28,1 oz,29
Child Formula Abbott Nutrition Pediasure Ready-To-Feed With Iron And Fiber,Baby Foods,99,2.8,11.28,4.7,1 fl oz,31
Infant Formula Nestle Good Start Essentials Soy With Iron Powder,Baby Foods,502,12.5,55.7,25.5,1 scoop,8.5
Infant Formula Mead Johnson Next Step Prosobee Powder Not Reconstituted,Baby Foods,480,15.6,57.1,21,1 scoop,9.3
Infant Formula Mead Johnsonnext Step Prosobee Prepared From Powder,Baby Foods,67,2.14,8.08,2.91,1 fl oz,30.5
Infant Formula Pbm Products Store Brand Powder,Baby Foods,524,12,56,28,1 scoop,8.4
Infant Formula Pbm Products Store Brand Soy Ready-To-Feed,Baby Foods,63,1.8,6.09,3.5,1 fl oz,30.4
Infant Formula Pbm Products Store Brand Soy Liquid Concentrate Not Reconstituted,Baby Foods,126,3.6,12.18,7,1 fl oz,31.4
Infant Formula Pbm Products Store Brand Soy Powder,Baby Foods,508,13.6,52.2,27.2,1 scoop,8.7
Infant Formula Abbott Nutrition Similac Sensitive (Lactose Free) Liquid Concentrate With Ara And Dha,Baby Foods,128,2.73,13.64,6.95,1 fl oz,30.5
Infant Formula Abbott Nutrition Similac Sensitive (Lactose Free) Powder With Ara And Dha,Baby Foods,520,11.13,55.67,28.14,1 fl oz,30.5
Infant Formula Abbott Nutrition Similac Advance With Iron Ready-To-Feed,Baby Foods,66,1.36,6.77,3.7,1 fl oz,30.4
Infant Formula Abbott Nutrition Similac Advance With Iron Powder Not Reconstituted,Baby Foods,522,10.89,54.73,28.87,1 scoop,8.5
Infant Formula Nfs,Baby Foods,66,1.38,7.12,3.56,1 fl oz,31
Infant Formula Ns As To Form (Similac Advance),Baby Foods,66,1.37,6.87,3.62,1 fl oz,30
Infant Formula Ready-To-Feed (Similac Advance),Baby Foods,66,1.37,6.87,3.62,1 fl oz,30
Infant Formula Liquid Concentrate Made With Water NFS (Similac Advance),Baby Foods,66,1.37,6.87,3.62,1 fl oz,30
Infant Formula Powder Made With Water NFS (Similac Advance),Baby Foods,66,1.37,6.87,3.62,1 fl oz,31
Infant Formula Liquid Concentrate Made With Tap Water (Similac Advance),Baby Foods,66,1.37,6.87,3.62,1 fl oz,30
Infant Formula Liquid Concentrate Made With Plain Bottled Water (Similac Advance),Baby Foods,66,1.37,6.87,3.62,1 fl oz,30
Infant Formula Liquid Concentrate Made With Baby Water (Similac Advance),Baby Foods,66,1.37,6.87,3.62,1 fl oz,30
Infant Formula Powder Made With Tap Water (Similac Advance),Baby Foods,66,1.37,6.87,3.62,1 fl oz,30
Infant Formula Powder Made With Plain Bottled Water (Similac Advance),Baby Foods,66,1.37,6.87,3.62,1 fl oz,30
Infant Formula Powder Made With Baby Water (Similac Advance),Baby Foods,66,1.37,6.87,3.62,1 fl oz,30
Infant Formula Ns As To Form (Similac Advance Organic),Baby Foods,66,1.37,6.87,3.62,1 fl oz,31
Infant Formula Ready-To-Feed (Similac Advance Organic),Baby Foods,66,1.37,6.87,3.62,1 fl oz,31
Infant Formula Powder Made With Water NFS (Similac Advance Organic),Baby Foods,66,1.37,6.87,3.62,1 fl oz,31
Infant Formula Powder Made With Tap Water (Similac Advance Organic),Baby Foods,66,1.37,6.87,3.62,1 fl oz,31
Infant Formula Powder Made With Plain Bottled Water (Similac Advance Organic),Baby Foods,66,1.37,6.87,3.62,1 fl oz,31
Infant Formula Powder Made With Baby Water (Similac Advance Organic),Baby Foods,66,1.37,6.87,3.62,1 fl oz,31
Infant Formula Ns As To Form (Similac Sensitive),Baby Foods,65,1.4,6.99,3.53,1 fl oz,30
Infant Formula Ready-To-Feed (Similac Sensitive),Baby Foods,65,1.4,6.99,3.53,1 fl oz,30
Infant Formula Liquid Concentrate Made With Water NFS (Similac Sensitive),Baby Foods,65,1.4,6.99,3.53,1 fl oz,30
Infant Formula Powder Made With Water NFS (Similac Sensitive),Baby Foods,65,1.4,6.99,3.53,1 fl oz,31
Infant Formula Liquid Concentrate Made With Tap Water (Similac Sensitive),Baby Foods,65,1.4,6.99,3.53,1 fl oz,30
Infant Formula Liquid Concentrate Made With Plain Bottled Water (Similac Sensitive),Baby Foods,65,1.4,6.99,3.53,1 fl oz,30
Infant Formula Liquid Concentrate Made With Baby Water (Similac Sensitive),Baby Foods,65,1.4,6.99,3.53,1 fl oz,30
Infant Formula Powder Made With Tap Water (Similac Sensitive),Baby Foods,65,1.4,6.99,3.53,1 fl oz,30
Infant Formula Powder Made With Plain Bottled Water (Similac Sensitive),Baby Foods,65,1.4,6.99,3.53,1 fl oz,30
Infant Formula Powder Made With Baby Water (Similac Sensitive),Baby Foods,65,1.4,6.99,3.53,1 fl oz,30
Infant Formula Ns As To Form (Similac For Spit-Up),Baby Foods,65,1.38,6.9,3.48,1 fl oz,31
Infant Formula Ready-To-Feed (Similac For Spit-Up),Baby Foods,65,1.38,6.9,3.48,1 fl oz,31
Infant Formula Powder Made With Water NFS (Similac For Spit-Up),Baby Foods,65,1.38,6.9,3.48,1 fl oz,31
Infant Formula Ns As To Form (Similac Expert Care Neosure),Baby Foods,73,2.01,7.22,3.95,1 fl oz,30
Infant Formula Ready-To-Feed (Similac Expert Care Neosure),Baby Foods,73,2.01,7.22,3.95,1 fl oz,30
Infant Formula Powder Made With Water NFS (Similac Expert Care Neosure),Baby Foods,73,2.01,7.22,3.95,1 fl oz,31
Infant Formula Powder Made With Tap Water (Similac Expert Care Neosure),Baby Foods,73,2.01,7.22,3.95,1 fl oz,31
Infant Formula Powder Made With Plain Bottled Water (Similac Expert Care Neosure),Baby Foods,73,2.01,7.22,3.95,1 fl oz,31
Infant Formula Powder Made With Baby Water (Similac Expert Care Neosure),Baby Foods,73,2.01,7.22,3.95,1 fl oz,31
Infant Formula Ns As To Form (Similac Go And Grow),Baby Foods,117,3.5,11.91,6.31,1 fl oz,30
Infant Formula Powder Made With Water NFS (Similac Go And Grow),Baby Foods,117,3.5,11.91,6.31,1 fl oz,30
Infant Formula Ns As To Form (Enfamil Infant),Baby Foods,66,1.4,7.38,3.49,1 fl oz,31
Infant Formula Ready-To-Feed (Enfamil Infant),Baby Foods,66,1.4,7.38,3.49,1 fl oz,31
Infant Formula Liquid Concentrate Made With Water NFS (Enfamil Infant),Baby Foods,66,1.4,7.38,3.49,1 fl oz,31
Infant Formula Liquid Concentrate Made With Tap Water (Enfamil Infant),Baby Foods,66,1.4,7.38,3.49,1 fl oz,31
Infant Formula Liquid Concentrate Made With Plain Bottled Water (Enfamil Infant),Baby Foods,66,1.4,7.38,3.49,1 fl oz,31
Infant Formula Liquid Concentrate Made With Baby Water (Enfamil Infant),Baby Foods,66,1.4,7.38,3.49,1 fl oz,31
Infant Formula Powder Made With Water NFS (Enfamil Infant),Baby Foods,66,1.4,7.38,3.49,1 fl oz,31
Infant Formula Powder Made With Tap Water (Enfamil Infant),Baby Foods,66,1.4,7.38,3.49,1 fl oz,31
Infant Formula Powder Made With Plain Bottled Water (Enfamil Infant),Baby Foods,66,1.4,7.38,3.49,1 fl oz,31
Infant Formula Powder Made With Baby Water (Enfamil Infant),Baby Foods,66,1.4,7.38,3.49,1 fl oz,31
Infant Formula Ns As To Form (Enfamil A.r.),Baby Foods,66,1.65,7.25,3.36,1 fl oz,31
Infant Formula Ready-To-Feed (Enfamil A.r.),Baby Foods,66,1.65,7.25,3.36,1 fl oz,31
Infant Formula Powder Made With Water NFS (Enfamil A.r.),Baby Foods,66,1.65,7.25,3.36,1 fl oz,31
Infant Formula Powder Made With Tap Water (Enfamil A.r.),Baby Foods,66,1.65,7.25,3.36,1 fl oz,31
Infant Formula Ns As To Form (Enfamil Enfacare),Baby Foods,71,2,7.4,3.8,1 fl oz,31
Infant Formula Ready-To-Feed (Enfamil Enfacare),Baby Foods,71,2,7.4,3.8,1 fl oz,31
Infant Formula Powder Made With Water NFS (Enfamil Enfacare),Baby Foods,71,2,7.4,3.8,1 fl oz,31
Infant Formula Powder Made With Plain Bottled Water (Enfamil A.r.),Baby Foods,66,1.65,7.25,3.36,1 fl oz,31
Infant Formula Powder Made With Baby Water (Enfamil A.r.),Baby Foods,66,1.65,7.25,3.36,1 fl oz,31
Infant Formula Ns As To Form (Enfamil Gentlease),Baby Foods,67,1.53,7.25,3.49,1 fl oz,31
Infant Formula Ready-To-Feed (Enfamil Gentlease),Baby Foods,67,1.53,7.25,3.49,1 fl oz,31
Infant Formula Powder Made With Water NFS (Enfamil Gentlease),Baby Foods,67,1.53,7.25,3.49,1 fl oz,31
Infant Formula Powder Made With Tap Water (Enfamil Enfacare),Baby Foods,71,2,7.4,3.8,1 fl oz,31
Infant Formula Powder Made With Plain Bottled Water (Enfamil Enfacare),Baby Foods,71,2,7.4,3.8,1 fl oz,31
Infant Formula Powder Made With Baby Water (Enfamil Enfacare),Baby Foods,71,2,7.4,3.8,1 fl oz,31
Infant Formula Powder Made With Tap Water (Enfamil Gentlease),Baby Foods,67,1.53,7.25,3.49,1 fl oz,31
Infant Formula Powder Made With Plain Bottled Water (Enfamil Gentlease),Baby Foods,67,1.53,7.25,3.49,1 fl oz,31
Infant Formula Powder Made With Baby Water (Enfamil Gentlease),Baby Foods,67,1.53,7.25,3.49,1 fl oz,31
Infant Formula Ns As To Form (Enfamil Enfagrow Toddler Transitions),Baby Foods,117,3.03,13.06,6.27,1 fl oz,31
Infant Formula Ready-To-Feed (Enfamil Enfragrow Toddler Transitions),Baby Foods,117,3.03,13.06,6.27,1 fl oz,31
Infant Formula Powder Made With Water NFS (Enfamil Enfragrow Toddler Transitions),Baby Foods,117,3.03,13.06,6.27,1 fl oz,31
Infant Formula Powder Made With Tap Water (Enfamil Enfagrow Toddler Transitions),Baby Foods,117,3.03,13.06,6.27,1 fl oz,31
Infant Formula Powder Made With Plain Bottled Water (Enfamil Enfagrow Toddler Transitions),Baby Foods,117,3.03,13.06,6.27,1 fl oz,31
Infant Formula Powder Made With Baby Water (Enfamil Enfagrow Toddler Transitions),Baby Foods,117,3.03,13.06,6.27,1 fl oz,31
Infant Formula Ns As To Form (Enfamil Enfagrow Toddler Transitions Gentlease),Baby Foods,115,3.01,12.12,6.06,1 fl oz,31
Infant Formula Powder Made With Water NFS (Enfamil Enfagrow Toddler Transitions Gentlease),Baby Foods,115,3.01,12.12,6.06,1 fl oz,31
Infant Formula Powder Made With Tap Water (Enfamil Enfagrow Toddler Transitions Gentlease),Baby Foods,115,3.01,12.12,6.06,1 fl oz,31
Infant Formula Powder Made With Plain Bottled Water (Enfamil Enfagrow Toddler Transitions Gentlease),Baby Foods,115,3.01,12.12,6.06,1 fl oz,31
Infant Formula Powder Made With Baby Water (Enfamil Enfagrow Toddler Transitions Gentlease),Baby Foods,115,3.01,12.12,6.06,1 fl oz,31
Infant Formula Ns As To Form (Gerber Good Start Gentle),Baby Foods,67,1.48,7.45,3.41,1 fl oz,31
Infant Formula Ready-To-Feed (Gerber Good Start Gentle),Baby Foods,67,1.48,7.45,3.41,1 fl oz,31
Infant Formula Liquid Concentrate Made With Water NFS (Gerber Good Start Gentle),Baby Foods,67,1.48,7.45,3.41,1 fl oz,31
Infant Formula Powder Made With Water NFS (Gerber Good Start Gentle),Baby Foods,67,1.48,7.45,3.41,1 fl oz,31
Infant Formula Liquid Concentrate Made With Tap Water (Gerber Good Start Gentle),Baby Foods,67,1.48,7.45,3.41,1 fl oz,31
Infant Formula Liquid Concentrate Made With Plain Bottled Water (Gerber Good Start Gentle),Baby Foods,67,1.48,7.45,3.41,1 fl oz,31
Infant Formula Liquid Concentrate Made With Baby Water (Gerber Good Start Gentle),Baby Foods,67,1.48,7.45,3.41,1 fl oz,31
Infant Formula Powder Made With Tap Water (Gerber Good Start Gentle),Baby Foods,67,1.48,7.45,3.41,1 fl oz,31
Infant Formula Powder Made With Plain Bottled Water (Gerber Good Start Gentle),Baby Foods,67,1.48,7.45,3.41,1 fl oz,31
Infant Formula Powder Made With Baby Water (Gerber Good Start Gentle),Baby Foods,67,1.48,7.45,3.41,1 fl oz,31
Infant Formula Ns As To Form (Gerber Good Start Protect),Baby Foods,67,1.48,7.45,3.41,1 fl oz,31
Infant Formula Powder Made With Water NFS (Gerber Good Start Protect),Baby Foods,67,1.48,7.45,3.41,1 fl oz,31
Infant Formula Powder Made With Tap Water (Gerber Good Start Protect),Baby Foods,67,1.48,7.45,3.41,1 fl oz,31
Infant Formula Powder Made With Plain Bottled Water (Gerber Good Start Protect),Baby Foods,67,1.48,7.45,3.41,1 fl oz,31
Infant Formula Powder Made With Baby Water (Gerber Good Start Protect),Baby Foods,67,1.48,7.45,3.41,1 fl oz,31
Infant Formula Ns As To Form (Gerber Graduates Gentle),Baby Foods,64,1.41,7.46,3.28,1 fl oz,31
Infant Formula Ns As To Form (Gerber Graduates Protect),Baby Foods,64,1.41,7.46,3.28,1 fl oz,31
Infant Formula Ns As To Form (Store Brand),Baby Foods,66,1.38,7.12,3.56,1 fl oz,31
Infant Formula Liquid Concentrate Made With Water NFS (Store Brand),Baby Foods,66,1.38,7.12,3.56,1 fl oz,31
Infant Formula Powder Made With Water NFS (Store Brand),Baby Foods,66,1.38,7.12,3.56,1 fl oz,31
Infant Formula Ready-To-Feed (Store Brand),Baby Foods,66,1.38,7.12,3.56,1 fl oz,31
Infant Formula Liquid Concentrate Made With Tap Water (Store Brand),Baby Foods,66,1.38,7.12,3.56,1 fl oz,31
Infant Formula Liquid Concentrate Made With Plain Bottled Water (Store Brand),Baby Foods,66,1.38,7.12,3.56,1 fl oz,31
Infant Formula Liquid Concentrate Made With Baby Water (Store Brand),Baby Foods,66,1.38,7.12,3.56,1 fl oz,31
Infant Formula Powder Made With Tap Water (Store Brand),Baby Foods,66,1.38,7.12,3.56,1 fl oz,31
Infant Formula Powder Made With Plain Bottled Water (Store Brand),Baby Foods,66,1.38,7.12,3.56,1 fl oz,31
Infant Formula Powder Made With Baby Water (Store Brand),Baby Foods,66,1.38,7.12,3.56,1 fl oz,31
Infant Formula Ns As To Form (Enfamil Prosobee),Baby Foods,66,1.62,6.86,3.49,1 fl oz,31
Infant Formula Ready-To-Feed (Enfamil Prosobee),Baby Foods,66,1.62,6.86,3.49,1 fl oz,31
Infant Formula Liquid Concentrate Made With Water NFS (Enfamil Prosobee),Baby Foods,66,1.62,6.86,3.49,1 fl oz,31
Infant Formula Powder Made With Water NFS (Enfamil Prosobee),Baby Foods,66,1.62,6.86,3.49,1 fl oz,31
Infant Formula Liquid Concentrate Made With Tap Water (Enfamil Prosobee),Baby Foods,66,1.62,6.86,3.49,1 fl oz,31
Infant Formula Liquid Concentrate Made With Plain Bottled Water (Enfamil Prosobee),Baby Foods,66,1.62,6.86,3.49,1 fl oz,31
Infant Formula Liquid Concentrate Made With Baby Water (Enfamil Prosobee),Baby Foods,66,1.62,6.86,3.49,1 fl oz,31
Infant Formula Powder Made With Tap Water (Enfamil Prosobee),Baby Foods,66,1.62,6.86,3.49,1 fl oz,31
Infant Formula Powder Made With Plain Bottled Water (Enfamil Prosobee),Baby Foods,66,1.62,6.86,3.49,1 fl oz,31
Infant Formula Powder Made With Baby Water (Enfamil Prosobee),Baby Foods,66,1.62,6.86,3.49,1 fl oz,31
Infant Formula Ns As To Form (Enfamil Enfagrow Toddler Transitions Soy),Baby Foods,110,3.66,13.06,4.9,1 fl oz,31
Infant Formula Powder Made With Water NFS (Enfamil Enfagrow Toddler Transitions Soy),Baby Foods,110,3.66,13.06,4.9,1 fl oz,31
Infant Formula Ns As To Form (Similac Isomil Soy),Baby Foods,65,1.58,6.73,3.53,1 fl oz,31
Infant Formula Ready-To-Feed (Similac Isomil Soy),Baby Foods,65,1.58,6.73,3.53,1 fl oz,31
Infant Formula Liquid Concentrate Made With Water NFS (Similac Isomil Soy),Baby Foods,65,1.58,6.73,3.53,1 fl oz,31
Infant Formula Powder Made With Water NFS (Similac Isomil Soy),Baby Foods,65,1.58,6.73,3.53,1 fl oz,31
Infant Formula Liquid Concentrate Made With Tap Water (Similac Isomil Soy),Baby Foods,65,1.58,6.73,3.53,1 fl oz,31
Infant Formula Liquid Concentrate Made With Plain Bottled Water (Similac Isomil Soy),Baby Foods,65,1.58,6.73,3.53,1 fl oz,31
Infant Formula Liquid Concentrate Made With Baby Water (Similac Isomil Soy),Baby Foods,65,1.58,6.73,3.53,1 fl oz,31
Infant Formula Powder Made With Tap Water (Similac Isomil Soy),Baby Foods,65,1.58,6.73,3.53,1 fl oz,31
Infant Formula Powder Made With Plain Bottled Water (Similac Isomil Soy),Baby Foods,65,1.58,6.73,3.53,1 fl oz,31
Infant Formula Powder Made With Baby Water (Similac Isomil Soy),Baby Foods,65,1.58,6.73,3.53,1 fl oz,31
Infant Formula Ns As To Form (Gerber Good Start Soy),Baby Foods,66,1.63,7.27,3.35,1 fl oz,31
Infant Formula Ready-To-Feed (Gerber Good Start Soy),Baby Foods,66,1.63,7.27,3.35,1 fl oz,31
Infant Formula Liquid Concentrate Made With Water NFS (Gerber Good Start Soy),Baby Foods,66,1.63,7.27,3.35,1 fl oz,31
Infant Formula Powder Made With Water NFS (Gerber Good Start Soy),Baby Foods,66,1.63,7.27,3.35,1 fl oz,31
Infant Formula Liquid Concentrate Made With Tap Water (Gerber Good Start Soy),Baby Foods,66,1.63,7.27,3.35,1 fl oz,31
Infant Formula Liquid Concentrate Made With Plain Bottled Water (Gerber Good Start Soy),Baby Foods,66,1.63,7.27,3.35,1 fl oz,31
Infant Formula Liquid Concentrate Made With Baby Water (Gerber Good Start Soy),Baby Foods,66,1.63,7.27,3.35,1 fl oz,31
Infant Formula Powder Made With Tap Water (Gerber Good Start Soy),Baby Foods,66,1.63,7.27,3.35,1 fl oz,31
Infant Formula Powder Made With Plain Bottled Water (Gerber Good Start Soy),Baby Foods,66,1.63,7.27,3.35,1 fl oz,31
Infant Formula Powder Made With Baby Water (Gerber Good Start Soy),Baby Foods,66,1.63,7.27,3.35,1 fl oz,31
Infant Formula Ns As To Form (Store Brand Soy),Baby Foods,65,1.6,6.79,3.51,1 fl oz,31
Infant Formula Ready-To-Feed (Store Brand Soy),Baby Foods,65,1.6,6.79,3.51,1 fl oz,31
Infant Formula Liquid Concentrate Made With Water NFS (Store Brand Soy),Baby Foods,65,1.6,6.79,3.51,1 fl oz,31
Infant Formula Powder Made With Water NFS (Store Brand Soy),Baby Foods,65,1.6,6.79,3.51,1 fl oz,31
Infant Formula Powder Made With Tap Water (Store Brand Soy),Baby Foods,65,1.6,6.79,3.51,1 fl oz,31
Infant Formula Powder Made With Plain Bottled Water (Store Brand Soy),Baby Foods,65,1.6,6.79,3.51,1 fl oz,31
Infant Formula Powder Made With Baby Water (Store Brand Soy),Baby Foods,65,1.6,6.79,3.51,1 fl oz,31
Infant Formula Ns As To Form (Enfamil Nutramigen),Baby Foods,64,1.8,6.6,3.36,1 fl oz,31
Infant Formula Ready-To-Feed (Enfamil Nutramigen),Baby Foods,64,1.8,6.6,3.36,1 fl oz,31
Infant Formula Liquid Concentrate Made With Water NFS (Enfamil Nutramigen),Baby Foods,64,1.8,6.6,3.36,1 fl oz,31
Infant Formula Powder Made With Water NFS (Enfamil Nutramigen),Baby Foods,64,1.8,6.6,3.36,1 fl oz,31
Infant Formula Ns As To Form (Puramino),Baby Foods,65,1.81,6.6,3.36,1 fl oz,31
Infant Formula Powder Made With Water NFS (Puramino),Baby Foods,65,1.81,6.6,3.36,1 fl oz,31
Infant Formula Ns As To Form (Enfamil Pregestimil),Baby Foods,67,1.81,6.83,3.62,1 fl oz,31
Infant Formula Ready-To-Feed (Enfamil Pregestimil),Baby Foods,67,1.81,6.83,3.62,1 fl oz,31
Infant Formula Powder Made With Water NFS (Enfamil Pregestimil),Baby Foods,67,1.81,6.83,3.62,1 fl oz,31
Infant Formula Ready-To-Feed With Iron (Enfamil Premature 20 Cal),Baby Foods,66,1.97,7.21,3.34,1 fl oz,31
Custard Pudding Flavor Other Than Chocolate Baby Food Ns As To Strained Or Junior,Baby Foods,86,1.68,16.79,1.49,1 tablespoon,14
Meat Baby Food Ns As To Type Ns As To Strained Or Junior,Baby Foods,106,12.86,1.26,5.21,1 tablespoon,15
Lamb Baby Food Strained,Baby Foods,87,14.07,0.85,3.41,1 tablespoon,15
Chicken Baby Food Ns As To Strained Or Junior,Baby Foods,138,13.85,0.05,8.75,1 tablespoon,15
Beef Stew Baby Food Toddler,Baby Foods,51,5.1,5.5,1.2,No data available,No data available
Beef And Egg Noodles Baby Food Ns As To Strained Or Junior,Baby Foods,60,2.47,7.74,2.08,1 tablespoon,16
Beef With Vegetables Baby Food Toddler,Baby Foods,68,3.5,8.72,2.1,No data available,No data available
Chicken Noodle Dinner Baby Food Ns As To Strained Or Junior,Baby Foods,60,2.53,8.94,1.62,1 tablespoon,16
Chicken Noodle Dinner Baby Food Strained,Baby Foods,66,2.69,9.08,2.06,No data available,No data available
Chicken Noodle Dinner Baby Food Junior,Baby Foods,55,2.37,8.79,1.18,No data available,No data available
Chicken Noodles And Vegetables Baby Food Toddler,Baby Foods,66,3.8,8.89,1.7,1 tablespoon,16
Turkey Rice And Vegetables Baby Food Ns As To Strained Or Junior,Baby Foods,54,2.32,8.76,1.08,1 tablespoon,16
Cookie Teething Baby,Baby Foods,392,10.7,76.4,4.2,"1 medium cookie (3"" x 1"")",11
Finger Foods Puffs Baby Food,Baby Foods,389,6.19,85.79,2.3,10 pieces,1
Cereal Nestum,Baby Foods,64,2.21,11.36,1.09,1 cup/ cooked,245
Cereal Baby Food Jarred Nfs,Baby Foods,76,0.89,15.82,0.89,1 tablespoon,16
Mixed Cereal With Applesauce And Bananas Baby Food Jarred,Baby Foods,83,0.71,18.58,0.51,1 tablespoon,16
Oatmeal With Applesauce And Bananas Baby Food Jarred,Baby Foods,76,0.89,15.82,0.89,1 tablespoon,16
Macaroni Tomatoes And Beef Baby Food Ns As To Strained Or Junior,Baby Foods,60,2.43,9.43,1.28,1 tablespoon,16
Macaroni With Beef And Tomato Sauce Baby Food Toddler,Baby Foods,81,4.34,11.53,1.9,1 tablespoon,16
Macaroni And Cheese Baby Food Strained,Baby Foods,64,2.87,8.57,2.06,1 tablespoon,16
Tropical Fruit Medley Baby Food Strained,Baby Foods,51,0.31,12.22,0.14,1 tablespoon,16
Apples Baby Food Toddler,Baby Foods,51,0.2,12.1,0.1,1 tablespoon,15
Apple-Raspberry Baby Food Ns As To Strained Or Junior,Baby Foods,60,0.2,15.98,0.2,1 tablespoon,16
Apple-Raspberry Baby Food Junior,Baby Foods,60,0.2,16,0.2,1 tablespoon,16
Applesauce Baby Food Ns As To Strained Or Junior,Baby Foods,39,0.1,10.55,0.1,1 tablespoon,16
Applesauce And Apricots Baby Food Ns As To Strained Or Junior,Baby Foods,46,0.2,12.02,0.2,1 tablespoon,16
Bananas With Orange Baby Food Strained,Baby Foods,86,1.06,20.41,0,1 tablespoon,15
Pears Baby Food Ns As To Strained Or Junior,Baby Foods,43,0.3,11.2,0.15,1 tablespoon,16
Apples And Pears Baby Food Ns As To Strained Or Junior,Baby Foods,41,0.2,10.88,0.12,1 tablespoon,16
Apples And Pears Baby Food Strained,Baby Foods,42,0.25,10.8,0.2,1 tablespoon,16
Apples And Pears Baby Food Junior,Baby Foods,40,0.15,10.95,0.05,1 tablespoon,16
Pears And Pineapple Baby Food Ns As To Strained Or Junior,Baby Foods,42,0.3,11.15,0.15,1 tablespoon,16
Pear Juice Baby Food,Baby Foods,47,0,11.86,0,1 fl oz,31
Apple-Sweet Potato Juice Baby Food,Baby Foods,48,0.3,11.4,0.1,1 fl oz,31
Banana Juice With Lowfat Yogurt Baby Food,Baby Foods,89,2.5,17.54,0.8,1 fl oz,32
Mixed Fruit Juice With Lowfat Yogurt Baby Food,Baby Foods,76,2.4,14.68,0.8,1 fl oz,32
Fruit Juice And Water Drink With High Vitamin C And Added Calcium Baby Food,Baby Foods,31,0,7.4,0,1 fl oz,31
Plums Baby Food Ns As To Strained Or Junior,Baby Foods,72,0.1,20.1,0,1 tablespoon,15
Apricots Baby Food Ns As To Strained Or Junior,Baby Foods,62,0.3,16.8,0,1 tablespoon,15
Bananas Baby Food Ns As To Strained Or Junior,Baby Foods,62,0.4,16.55,0.15,1 tablespoon,15
Bananas And Pineapple Baby Food Ns As To Strained Or Junior,Baby Foods,66,0.2,18.1,0.05,1 tablespoon,15
Fruit Dessert Baby Food Ns As To Strained Or Junior,Baby Foods,61,0.3,16.6,0,1 tablespoon,15
Apple Yogurt Dessert Baby Food Strained,Baby Foods,96,0.8,19.5,1.6,1 tablespoon,15
Peach Cobbler Baby Food Ns As To Strained Or Junior,Baby Foods,66,0.3,18.05,0,1 tablespoon,15
Cherry Vanilla Pudding Baby Food Strained,Baby Foods,68,0.2,18.1,0.25,1 tablespoon,15
Dutch Apple Dessert Baby Food Ns As To Strained Or Junior,Baby Foods,77,0.2,19.46,0.28,1 tablespoon,15
Peach Yogurt Dessert Baby Food Strained,Baby Foods,76,0.9,17.6,0.18,1 tablespoon,15
Tutti-Fruitti Pudding Baby Food Ns As To Strained Or Junior,Baby Foods,68,0.4,15.74,0.35,1 tablespoon,15
Broccoli Carrots And Cheese Baby Food Junior,Baby Foods,63,2.55,8.99,2.18,1 tablespoon,15
Carrots Baby Food Ns As To Strained Or Junior,Baby Foods,29,0.8,6.6,0.15,1 tablespoon,14
Carrots Baby Food Toddler,Baby Foods,26,0.6,5.23,0.3,1 tablespoon,10
Carrots And Peas Baby Food Strained,Baby Foods,38,2.04,7.18,0.26,1 tablespoon,14
Squash Baby Food Ns As To Strained Or Junior,Baby Foods,26,0.81,5.73,0.2,1 tablespoon,14
Sweet Potatoes Baby Food Ns As To Strained Or Junior,Baby Foods,58,1.1,13.6,0.1,1 tablespoon,14
Beans Green String Baby Food Ns As To Strained Or Junior,Baby Foods,26,1.2,6.04,0.14,1 tablespoon,15
Corn Creamed Baby Food Ns As To Strained Or Junior,Baby Foods,61,1.4,15.18,0.4,1 tablespoon,15
Mixed Vegetables Garden Vegetables Baby Food Ns As To Strained Or Junior,Baby Foods,34,1.85,7.5,0.3,1 tablespoon,15
Vegetable And Chicken Baby Food Ns As To Strained Or Junior,Baby Foods,56,2.26,8.54,1.42,1 tablespoon,16
Vegetable And Turkey Baby Food Ns As To Strained Or Junior,Baby Foods,50,2.02,7.58,1.32,1 tablespoon,16
Nutritional Powder Mix (Kellogg's Special K20 Protein Water),Baby Foods,380,35.2,58.4,0.6,1 packet,14
