Pillsbury Golden Layer Buttermilk Biscuits Artificial Flavor Refrigerated Dough,Baked Foods,307,5.88,41.18,13.24,1 serving,34
Pillsbury Cinnamon Rolls With Icing Refrigerated Dough,Baked Foods,330,4.34,53.42,11.27,1 serving 1 roll with icing,44
Kraft Foods Shake N Bake Original Recipe Coating For Pork Dry,Baked Foods,377,6.1,79.8,3.7,1 serving,28
George Weston Bakeries Thomas English Muffins,Baked Foods,232,8,46,1.8,1 serving,57
Waffles Buttermilk Frozen Ready-To-Heat,Baked Foods,273,6.58,41.05,9.22,1 waffle/ square,39
Waffle Buttermilk Frozen Ready-To-Heat Toasted,Baked Foods,309,7.42,48.39,9.49,1 oz,28
Waffle Buttermilk Frozen Ready-To-Heat Microwaved,Baked Foods,289,6.92,44.16,9.4,1 waffle,35
Waffle Plain Frozen Ready-To-Heat Microwave,Baked Foods,298,6.71,45.41,9.91,1 waffle/ round (4 inchdia),32
Pie Crust Cookie-Type Graham Cracker Ready Crust,Baked Foods,501,5.1,64.3,24.83,1 oz,28.4
Pie Crust Cookie-Type Chocolate Ready Crust,Baked Foods,484,6.08,64.48,22.42,1 crust,182
Dutch Apple Pie,Baked Foods,290,2.17,44.54,11.5,1/8 pie 1 pie (1/8 of 9 inch pie),131
Pie Crust Deep Dish Frozen Unbaked Made With Enriched Flour,Baked Foods,468,5.52,46.79,28.74,1 pie crust (average weight),225
Waffles Chocolate Chip Frozen Ready-To-Heat,Baked Foods,297,5.8,45.68,10.1,2 waffles,70
Tostada Shells Corn,Baked Foods,474,6.15,64.43,23.38,1 piece,12.3
Bread Salvadoran Sweet Cheese (Quesadilla Salvadorena),Baked Foods,374,7.12,47.84,17.12,1 serving (approximate serving size),55
Bread Pound Cake Type Pan De Torta Salvadoran,Baked Foods,390,7.06,51.29,17.45,1 serving,55
Pastry Pastelitos De Guava (Guava Pastries),Baked Foods,379,5.48,47.76,18.5,1 piece,86
Crackers Snack Goya Crackers,Baked Foods,433,14.25,64.35,13.35,1 serving (1 nlea serving - about 4 crackers),30
Crackers Cream Gamesa Sabrosas,Baked Foods,484,7.01,64.55,20.37,11 crackers (1 nlea serving),31
Crackers Cream La Moderna Rikis Cream Crackers,Baked Foods,464,7.19,64.88,19.5,10 crackers (1 nlea serving),32
Bread White Wheat,Baked Foods,238,10.66,43.91,2.15,1 slice,28
Bagels Wheat,Baked Foods,250,10.2,48.89,1.53,1 bagel,98
Cream Puff Eclair Custard Or Cream Filled Iced,Baked Foods,334,4.41,37.43,18.52,4 oz,113
Tortillas Ready-To-Bake Or -Fry Flour Shelf Stable,Baked Foods,297,8.01,49.27,7.58,1 tortilla,49
Andreas Gluten Free Soft Dinner Roll,Baked Foods,257,5.65,40.24,8.2,1 roll,69
Crunchmaster Multi-Grain Crisps Snack Crackers Gluten-Free,Baked Foods,456,10.91,67.18,15.92,3 crackers,3.9
Glutino Gluten Free Cookies Chocolate Vanilla Creme,Baked Foods,474,2.19,76.03,17.89,3 cookies,44
Glutino Gluten Free Cookies Vanilla Creme,Baked Foods,487,2.19,77.34,18.79,3 cookies,45
Pepperidge Farm Goldfish Baked Snack Crackers Original,Baked Foods,467,9.42,65.81,18.42,10 goldfish,5.2
Pepperidge Farm Goldfish Baked Snack Crackers Parmesan,Baked Foods,459,11.16,64.7,17.29,10 goldfish,5.3
Pepperidge Farm Goldfish Baked Snack Crackers Pizza,Baked Foods,469,9.67,65.11,18.93,10 goldfish,5.1
Rudis Gluten-Free Bakery Original Sandwich Bread,Baked Foods,320,3.13,52.83,10.7,1 slice,34
Udis Gluten Free Soft & Delicious White Sandwich Bread,Baked Foods,298,5.4,51.15,8.02,1 slice,28
Udis Gluten Free Soft & Hearty Whole Grain Bread,Baked Foods,309,7.25,49.09,9.34,1 slice,25
Udis Gluten Free Whole Grain Dinner Rolls,Baked Foods,329,11.8,44.29,11.6,1 roll,44
Vans Gluten Free Totally Original Pancakes,Baked Foods,215,3.31,40.32,4.55,1 pancake,48
Pillsbury Grands Buttermilk Biscuits Refrigerated Dough,Baked Foods,293,6.16,42.41,11.34,1 biscuit,34
Heinz Weight Watcher Chocolate Eclair Frozen,Baked Foods,241,4.4,40.3,6.9,1 eclair/ frozen,59
Interstate Brands Corp Wonder Hamburger Rolls,Baked Foods,273,8.07,50.84,4.15,1 serving,43
Nabisco Nabisco Snackwells Fat Free Devils Food Cookie Cakes,Baked Foods,305,5,74.25,1.09,1 serving,16
Crackers Cheese Sandwich-Type With Cheese Filling,Baked Foods,490,8.92,58.76,24.41,6 cracker 1 cracker = 6.5g,39
Pancakes Plain Frozen Ready-To-Heat Microwave (Includes Buttermilk),Baked Foods,239,5.88,43.33,4.73,1 oz,28.4
Toaster Pastries Fruit Frosted (Include Apples Blueberry Cherry Strawberry),Baked Foods,385,4.01,71.83,9.02,1 piece,53
Toaster Pastries Fruit Toasted (Include Apple Blueberry Cherry Strawberry),Baked Foods,409,4.7,72.7,11.03,1 pastry,51
Muffin Blueberry Commercially Prepared Low-Fat,Baked Foods,255,4.23,50.05,4.22,1 muffin small,71
Pie Crust Refrigerated Regular Baked,Baked Foods,506,3.41,58.52,28.69,1 pie crust,198
Pie Crust Deep Dish Frozen Baked Made With Enriched Flour,Baked Foods,521,6.1,52.47,31.84,1 pie crust (average weight),202
Pie Crust Refrigerated Regular Unbaked,Baked Foods,445,2.97,51.11,25.46,1 pie crust (average weight),229
Crackers Whole-Wheat Reduced Fat,Baked Foods,416,11.34,75.52,7.59,1 serving,29
Crackers Wheat Reduced Fat,Baked Foods,444,9.34,71.52,13.37,1 serving,29
Bread Pan Dulce Sweet Yeast Bread,Baked Foods,367,9.42,56.38,11.58,1 slice (average weight of 1 slice),63
Keikitos (Muffins) Latino Bakery Item,Baked Foods,467,6.81,53.16,25.24,1 piece,42
Cake Pound Bimbo Bakeries Usa Panque Casero Home Baked Style,Baked Foods,418,6.62,48.94,21.7,1 slice,39
Pan Dulce La Ricura Salpora De Arroz Con Azucar Cookie-Like Contains Wheat Flour And Rice Flour,Baked Foods,445,8.81,66.28,16.11,1 piece (1 serving),42
Garlic Bread Frozen,Baked Foods,350,8.36,41.72,16.61,1 slice presliced,43
Cinnamon Buns Frosted (Includes Honey Buns),Baked Foods,452,4.45,48.6,26.61,1 bun,65
Crackers Cheese Reduced Fat,Baked Foods,418,10,68.19,11.67,1 serving,30
Crackers Saltines Whole Wheat (Includes Multi-Grain),Baked Foods,398,7.14,68.25,10.71,1 serving,14
Bread Potato,Baked Foods,266,12.5,47.07,3.13,1 slice,32
Bread Cheese,Baked Foods,408,10.42,44.83,20.83,1 slice,48
Focaccia Italian Flatbread Plain,Baked Foods,249,8.77,35.82,7.89,1 piece,57
Glutino Gluten Free Wafers Lemon Flavored,Baked Foods,515,0,74.39,24.18,3 cookies,30
Glutino Gluten Free Wafers Milk Chocolate,Baked Foods,541,4.06,62.82,30.42,3 cookies,23
Marys Gone Crackers Original Crackers Organic Gluten Free,Baked Foods,446,12.06,64.29,15.63,3 crackers,7.4
Pepperidge Farm Goldfish Baked Snack Crackers Cheddar,Baked Foods,457,11.71,66.2,16.11,10 goldfish,5.2
Pepperidge Farm Goldfish Baked Snack Crackers Explosive Pizza,Baked Foods,458,9.56,67.2,16.82,10 goldfish,5.3
Sage Valley Gluten Free Vanilla Sandwich Cookies,Baked Foods,499,3.13,71.88,22.15,3 cookies,44
Schar Gluten-Free Classic White Rolls,Baked Foods,239,3.34,50.47,2.65,1 roll,78
Schar Gluten-Free Wheat-Free Classic White Bread,Baked Foods,240,3.81,46.13,4.47,No data available,No data available
Udis Gluten Free Classic French Dinner Rolls,Baked Foods,310,7.99,55.1,6.4,1 roll,36
Vans Gluten Free Totally Original Waffles,Baked Foods,248,2.99,40.54,8.22,1 waffle,47
Vans The Perfect 10 Crispy Six Whole Grain + Four Seed Baked Crackers Gluten Free,Baked Foods,471,7.63,67.57,18.93,3 crackers,8.4
Bread Multi-Grain (Includes Whole-Grain),Baked Foods,265,13.36,43.34,4.23,1 oz,28.4
Cookies Animal Crackers (Includes Arrowroot Tea Biscuits),Baked Foods,446,6.9,74.1,13.8,1 oz,28.4
Rolls Pumpernickel,Baked Foods,276,10.8,51.87,2.8,1 medium (2-1/2 inch dia),36
Cookie Vanilla With Caramel Coconut And Chocolate Coating,Baked Foods,489,3.5,64.1,25.8,2 cookies,29
Cookie With Peanut Butter Filling Chocolate-Coated,Baked Foods,562,8.1,52.9,35.3,2 cookies,25
Cookies Animal With Frosting Or Icing,Baked Foods,509,3,70.09,24.1,8 cookies 1 serving,31
Crackers Multigrain,Baked Foods,482,7.1,67.6,20.4,4 crackers,14
Cake Snack Cakes Not Chocolate With Icing Or Filling Low-Fat With Added Fiber,Baked Foods,412,3.71,74.3,11.14,1 cake 1 serving,27
Cookies Brownies Commercially Prepared Reduced Fat With Added Fiber,Baked Foods,345,2.77,61.58,9.68,1 brownie 1 serving,36
Cookies Chocolate Sandwich With Creme Filling Reduced Fat,Baked Foods,436,2.94,76.17,13.24,1 serving,34
Cookies Oatmeal Sandwich With Creme Filling,Baked Foods,398,2.61,55.62,18.29,1 cookie 1 serving,38
Cookies Peanut Butter Commercially Prepared Sugar Free,Baked Foods,523,10.34,50.52,31.03,1 serving 3 cookies,29
Bread Chapati Or Roti Plain Commercially Prepared,Baked Foods,297,11.25,46.36,7.45,1 piece,68
Bread Naan Plain Commercially Prepared Refrigerated,Baked Foods,291,9.62,50.43,5.65,1 piece,90
Crackers Standard Snack-Type With Whole Wheat,Baked Foods,463,7.29,68.37,17.84,5 crackers 1 serving,15
Cookies Coconut Macaroon,Baked Foods,460,3.02,61.22,22.55,2 cookie 1 serving,36
Crackers Sandwich-Type Peanut Butter Filled Reduced Fat,Baked Foods,437,8.33,63.49,16.67,1 package,36
Bread Cinnamon,Baked Foods,253,7.05,44.38,5.29,1 slice 1 serving,28
Bread Wheat Sprouted,Baked Foods,188,13.16,33.88,0,1 slice 1 serving,38
Bread Wheat Sprouted Toasted,Baked Foods,205,14.3,36.82,0,1 slice 1 serving,38
Bagels Multigrain,Baked Foods,241,9.9,47.47,1.24,1 piece bagel,81
Pancakes Whole Wheat Dry Mix Incomplete,Baked Foods,350,10.53,74.11,1.32,1/4 cup mix 1 serving,38
Crackers Toast Thins Low Sodium,Baked Foods,442,6.45,67.66,16.13,1 serving,31
Crackers Whole Grain Sandwich-Type With Peanut Butter Filling,Baked Foods,465,14.12,54.59,21.18,6 cracker 1 serving,43
Crackers Water Biscuits,Baked Foods,384,7.14,72.81,7.14,4 cracker 1 serving,14
Cookies Gluten-Free Chocolate Sandwich With Creme Filling,Baked Foods,474,2.19,76.03,17.89,3 cookies,44
Cookies Gluten-Free Chocolate Wafer,Baked Foods,541,4.06,62.82,30.42,3 cookies,23
Cookies Gluten-Free Lemon Wafer,Baked Foods,515,0,74.39,24.18,3 cookies,30
Cookies Gluten-Free Vanilla Sandwich With Creme Filling,Baked Foods,493,2.66,74.61,20.47,3 cookies,44
Rolls Gluten-Free White Made With Brown Rice Flour Tapioca Starch And Potato Starch,Baked Foods,310,7.99,55.1,6.4,1 roll,36
Rolls Gluten-Free White Made With Rice Flour Rice Starch And Corn Starch,Baked Foods,239,3.34,50.47,2.65,1 roll,78
Rolls Gluten-Free White Made With Brown Rice Flour Tapioca Starch And Sorghum Flour,Baked Foods,257,5.65,40.24,8.2,1 roll,69
Rolls Gluten-Free Whole Grain Made With Tapioca Starch And Brown Rice Flour,Baked Foods,329,11.8,44.29,11.6,1 roll,44
Cookies Oatmeal Reduced Fat,Baked Foods,365,4.02,64.62,10.04,1 cookie,25
Cookies Chocolate Cream Covered Biscuit Sticks,Baked Foods,447,10,51.08,22.5,1 serving,40
Cookies Marie Biscuit,Baked Foods,406,7.05,70.54,10.58,5 cookie,28
Cookies Vanilla Sandwich With Creme Filling Reduced Fat,Baked Foods,423,4.17,78.16,10.42,1 serving cookie,48
Cinnamon Raisin Bagels,Baked Foods,274,9.8,55.2,1.7,1 mini bagel (2-1/2 inch dia),26
Toasted Cinnamon Raisin Bagels,Baked Foods,294,10.6,59.3,1.8,1 mini bagel (2-1/2 inch dia),24
Bagel (Oat Bran),Baked Foods,255,10.7,53.3,1.2,1 mini bagel (2-1/2 inch dia),26
Biscuits Plain Or Buttermilk Frozen Baked,Baked Foods,338,6.2,53.87,11.03,1 oz,28.4
Biscuits Plain Or Buttermilk Refrigerated Dough Higher Fat,Baked Foods,307,6.66,46.32,10.58,1 biscuit,58
Biscuits Plain Or Buttermilk Refrigerated Dough Higher Fat Baked,Baked Foods,324,6.79,49.05,11.22,1 biscuit,51
Biscuits Plain Or Buttermilk Prepared From Recipe,Baked Foods,353,7,44.6,16.3,1 oz,28.4
Biscuits Mixed Grain Refrigerated Dough,Baked Foods,263,6.1,47.4,5.6,1 oz,28.4
Bread Cracked-Wheat,Baked Foods,260,8.7,49.5,3.9,1 oz,28.4
Bread Egg,Baked Foods,287,9.5,47.8,6,1 oz,28.4
Bread Egg Toasted,Baked Foods,315,10.5,52.6,6.6,1 oz,28.4
French Bread,Baked Foods,272,10.75,51.88,2.42,1 oz,28.4
Bread Oat Bran,Baked Foods,236,10.4,39.8,4.4,1 oz,28.4
Bread Oat Bran Toasted,Baked Foods,259,11.4,43.7,4.8,1 oz,28.4
Bread Oatmeal,Baked Foods,269,8.4,48.5,4.4,1 oz,28.4
Bread Oatmeal Toasted,Baked Foods,292,9.2,52.7,4.8,1 oz,28.4
Bread Raisin Enriched,Baked Foods,274,7.9,52.3,4.4,1 oz,28.4
Bread Raisin Enriched Toasted,Baked Foods,297,8.6,56.9,4.8,1 oz,28.4
Bread Reduced-Calorie Oat Bran,Baked Foods,201,8,41.3,3.2,1 oz,28.4
Bread Reduced-Calorie Oat Bran Toasted,Baked Foods,239,9.5,49.2,3.8,1 oz,28.4
Rye Bread,Baked Foods,259,8.5,48.3,3.3,1 oz,28.4
Bread Rye Toasted,Baked Foods,284,9.4,53.1,3.6,1 oz,28.4
Wheat Bread,Baked Foods,274,10.67,47.54,4.53,1 oz,28.4
Bread Wheat Toasted,Baked Foods,313,12.96,55.77,4.27,1 oz,28.4
Whole Wheat Bread,Baked Foods,252,12.45,42.71,3.5,1 slice,32
Toasted Whole Wheat Bread,Baked Foods,306,16.27,51.16,4.07,1 oz,28.4
Bread Whole-Wheat Prepared From Recipe,Baked Foods,278,8.4,51.4,5.4,1 oz,28.4
Bread Whole-Wheat Prepared From Recipe Toasted,Baked Foods,305,9.2,56.4,5.9,1 oz,28.4
Bread Stuffing Cornbread Dry Mix,Baked Foods,389,10,76.7,4.2,1 oz,28.4
Bread Stuffing Cornbread Dry Mix Prepared,Baked Foods,179,2.9,21.9,8.8,1 oz,28.4
Cake Angelfood Commercially Prepared,Baked Foods,258,5.9,57.8,0.8,1 piece (1/12 of 12 oz cake),28
Cake Angelfood Dry Mix Prepared,Baked Foods,257,6.1,58.7,0.3,1 piece (1/12 of 10 inch dia),50
Cake Boston Cream Pie Commercially Prepared,Baked Foods,252,2.4,42.9,8.5,1 oz,28.4
Chocolate Cake,Baked Foods,371,5.3,53.4,15.1,1 piece (1/12 of 9 inch dia),95
White Cake With Coconut Frosting,Baked Foods,356,4.4,63.2,10.3,1 oz,28.4
Coffeecake Cheese,Baked Foods,339,7,44.3,15.2,1 oz,28.4
Cinnamon Coffeecake,Baked Foods,418,6.8,46.7,23.3,1 oz,28.4
Cake Gingerbread Dry Mix,Baked Foods,437,4.4,74.6,13.8,1 oz,28.4
Gingerbread Cake,Baked Foods,356,3.9,49.2,16.4,1 oz,28.4
Upside-Down Pineapple Cake,Baked Foods,319,3.5,50.5,12.1,1 oz,28.4
Cake Pound Commercially Prepared Butter (Includes Fresh And Frozen),Baked Foods,353,5,53.64,13.96,1/6 loaf 1/6 of the loaf,61
Cake White Dry Mix Special Dietary (Includes Lemon-Flavored),Baked Foods,397,3,79.6,8.4,1 oz,28.4
Cake Sponge Commercially Prepared,Baked Foods,290,5.4,61,2.7,1 oz,28.4
Cake Sponge Prepared From Recipe,Baked Foods,297,7.3,57.7,4.3,1 oz,28.4
Cake Pudding-Type White Enriched Dry Mix,Baked Foods,423,3.9,80.9,9.5,1 oz,28.4
Cake White Prepared From Recipe Without Frosting,Baked Foods,357,5.4,57.2,12.4,1 piece (1/12 of 9 inch dia),74
Cake Yellow Prepared From Recipe Without Frosting,Baked Foods,361,5.3,53,14.6,1 piece (1/12 of 8 inch dia),68
Cheesecake Commercially Prepared,Baked Foods,321,5.5,25.5,22.5,1 oz,28.4
Cheesecake Prepared From Mix No-Bake Type,Baked Foods,274,5.5,35.5,12.7,1 oz,28.4
Cookies Brownies Commercially Prepared,Baked Foods,405,4.8,63.9,16.3,1 oz,28.4
Cookies Chocolate Wafers,Baked Foods,433,6.6,72.7,14.2,1 oz,28.4
Cookies Chocolate Chip Commercially Prepared Regular Lower Fat,Baked Foods,451,5.97,67.49,17.91,1 serving 3 cookies,34
Cookies Chocolate Chip Commercially Prepared Regular Higher Fat Enriched,Baked Foods,492,5.1,65.36,24.72,1 cookie,12.9
Cookies Chocolate Chip Commercially Prepared Soft-Type,Baked Foods,444,3.63,65.75,19.77,1 cookie,14.2
Cookies Chocolate Sandwich With Creme Filling Regular,Baked Foods,464,5.21,71,19.14,3 cookie,36
Cookies Chocolate Sandwich With Creme Filling Regular Chocolate-Coated,Baked Foods,481,3.6,66.4,26.4,1 oz,28.4
Cookies Chocolate Sandwich With Extra Creme Filling,Baked Foods,497,4.33,68.2,24.52,1 oz,28.4
Fig Bars,Baked Foods,348,3.7,70.9,7.3,1 oz,28.4
Forunte Cookies,Baked Foods,378,4.2,84,2.7,1 oz,28.4
Chocolate Coated Marshmallows,Baked Foods,421,4,67.7,16.9,1 oz,28.4
Molasses Cookies,Baked Foods,430,5.6,73.8,12.8,1 oz,28.4
Oatmeal Cookies,Baked Foods,450,6.2,68.7,18.1,1 oz,28.4
Cookies Oatmeal Commercially Prepared Soft-Type,Baked Foods,409,6.1,65.7,14.7,1 oz,28.4
Cookies Peanut Butter Commercially Prepared Regular,Baked Foods,473,8.92,58.15,23.82,1 oz,28.4
Cookies Peanut Butter Commercially Prepared Soft-Type,Baked Foods,457,5.3,57.7,24.4,1 oz,28.4
Cookies Peanut Butter Refrigerated Dough,Baked Foods,458,8.2,52.1,25,1 oz,28.4
Cookies Peanut Butter Refrigerated Dough Baked,Baked Foods,503,9.1,57.3,27.5,1 oz,28.4
Cookies Brownies Dry Mix Sugar Free,Baked Foods,426,2.9,80.4,12.5,1 oz,28.4
Cookies Chocolate Chip Commercially Prepared Special Dietary,Baked Foods,450,3.9,73.4,16.8,1 oz,28.4
Cookies Chocolate Sandwich With Creme Filling Special Dietary,Baked Foods,461,4.5,68,22.1,1 oz,28.4
Cookies Oatmeal Commercially Prepared Special Dietary,Baked Foods,449,4.8,69.9,18,1 oz,28.4
Cookies Sugar Refrigerated Dough Baked,Baked Foods,489,4.7,65.6,23.1,1 oz,28.4
Cookies Sugar Wafers With Creme Filling Regular,Baked Foods,502,3.84,70.64,23.24,3 cookies,36
Cookies Vanilla Sandwich With Creme Filling,Baked Foods,483,4.5,72.1,20,1 oz,28.4
Puff Pastry Frozen Ready-To-Bake Baked,Baked Foods,558,7.4,45.7,38.5,1 oz,28.4
Rye Crispbread,Baked Foods,366,7.9,82.2,1.3,1/2 oz,14.2
Plain Matzo Crackers,Baked Foods,395,10,83.7,1.4,1/2 oz,14.2
Matzo Egg Crackers,Baked Foods,391,12.3,78.6,2.1,1/2 oz,14.2
Crackers Matzo Whole-Wheat,Baked Foods,351,13.1,78.9,1.5,1/2 oz,14.2
Crackers Rye Sandwich-Type With Cheese Filling,Baked Foods,481,9.2,60.8,22.3,1/2 oz,14.2
Crackers Rye Wafers Plain,Baked Foods,334,9.6,80.4,0.9,1/2 oz,14.2
Crackers Rye Wafers Seasoned,Baked Foods,381,9,73.8,9.2,1/2 oz,14.2
Crackers Saltines (Includes Oyster Soda Soup),Baked Foods,418,9.46,74.05,8.64,5 crackers,14.9
Crackers Wheat Sandwich With Cheese Filling,Baked Foods,497,9.8,58.2,25,1/2 oz,14.2
Crackers Wheat Sandwich With Peanut Butter Filling,Baked Foods,495,13.5,53.8,26.7,1/2 oz,14.2
Crackers Whole-Wheat,Baked Foods,427,10.58,69.55,14.13,1 serving,28
Cracker Meal,Baked Foods,383,9.3,80.9,1.7,1 oz,28.4
Plain Croutons,Baked Foods,407,11.9,73.5,6.6,1/2 oz,14.2
Croutons Seasoned,Baked Foods,465,10.8,63.5,18.3,1/2 oz,14.2
Danish Pastry Cinnamon Enriched,Baked Foods,403,7,44.6,22.4,1 oz,28.4
Danish Pastry Cheese,Baked Foods,374,8,37.2,21.9,1 oz,28.4
Danish Pastry Fruit Enriched (Includes Apple Cinnamon Raisin Lemon Raspberry Strawberry),Baked Foods,371,5.4,47.8,18.5,1 oz,28.4
Doughnuts French Crullers Glazed,Baked Foods,412,3.1,59.5,18.3,1 oz,28.4
Doughnuts Yeast-Leavened With Creme Filling,Baked Foods,361,6.4,30,24.5,1 oz,28.4
Doughnuts Yeast-Leavened Glazed Enriched (Includes Honey Buns),Baked Foods,421,6.14,47.93,22.7,1 oz,28.4
Doughnuts Yeast-Leavened With Jelly Filling,Baked Foods,340,5.9,39,18.7,1 oz,28.4
English Muffins Raisin-Cinnamon Toasted (Includes Apple-Cinnamon),Baked Foods,276,8.87,55.04,2.21,1 oz,28.4
English Muffins,Baked Foods,223,8.7,44.8,2,1 oz,28.4
English Muffins Whole-Wheat,Baked Foods,203,8.8,40.4,2.1,1 oz,28.4
French Toast Frozen Ready-To-Heat,Baked Foods,213,7.4,32.1,6.1,1 oz,28.4
Muffins Plain Prepared From Recipe Made With Low Fat (2%) Milk,Baked Foods,296,6.9,41.4,11.4,1 oz,28.4
Muffins Blueberry Commercially Prepared (Includes Mini-Muffins),Baked Foods,375,4.49,53,16.07,1 oz,28.4
Muffins Blueberry Dry Mix,Baked Foods,293,3.48,61,3.25,1 serving,43
Muffins Blueberry Toaster-Type,Baked Foods,313,4.6,53.3,9.5,1 oz,28.4
Muffins Blueberry Prepared From Recipe Made With Low Fat (2%) Milk,Baked Foods,285,6.5,40.7,10.8,1 oz,28.4
Muffins Oat Bran,Baked Foods,270,7,48.3,7.4,1 oz,28.4
Muffins Wheat Bran Dry Mix,Baked Foods,396,7.1,73,12,1 oz,28.4
Pancakes Plain Frozen Ready-To-Heat (Includes Buttermilk),Baked Foods,233,5.23,37.75,6.83,1 oz,28.4
Pancakes Plain Dry Mix Complete (Includes Buttermilk),Baked Foods,368,9.77,73.65,3.1,1/ 3 cup,52
Pancakes Blueberry Prepared From Recipe,Baked Foods,222,6.1,29,9.2,1 oz,28.4
Pancakes Buckwheat Dry Mix Incomplete,Baked Foods,340,10.9,71.3,2.7,1 oz,28.4
Pancakes Special Dietary Dry Mix,Baked Foods,349,8.9,73.9,1.4,1 oz,28.4
Pancakes Whole-Wheat Dry Mix Incomplete,Baked Foods,344,12.8,71,1.5,1 oz,28.4
Pie Banana Cream Prepared From Recipe,Baked Foods,269,4.4,32.9,13.6,1 oz,28.4
Blueberry Pie,Baked Foods,232,1.8,34.9,10,1 oz,28.4
Pie Blueberry Prepared From Recipe,Baked Foods,245,2.7,33.5,11.9,1 oz,28.4
Pie Cherry Commercially Prepared,Baked Foods,260,2,39.8,11,1 oz,28.4
Pie Cherry Prepared From Recipe,Baked Foods,270,2.8,38.5,12.2,1 oz,28.4
Coconut Custard Pie,Baked Foods,260,5.9,30.2,13.2,1 oz,28.4
Pie Egg Custard Commercially Prepared,Baked Foods,210,5.5,20.8,11.6,1 oz,28.4
Pie Fried Pies Fruit,Baked Foods,316,3,42.6,16.1,1 oz,28.4
Pie Lemon Meringue Commercially Prepared,Baked Foods,268,1.5,47.2,8.7,1 oz,28.4
Pie Pecan Prepared From Recipe,Baked Foods,412,4.9,52.2,22.2,1 oz,28.4
Pie Pumpkin Commercially Prepared,Baked Foods,243,3.9,34.83,9.75,1 oz,28.4
Pie Pumpkin Prepared From Recipe,Baked Foods,204,4.5,26.4,9.3,1 oz,28.4
Pie Vanilla Cream Prepared From Recipe,Baked Foods,278,4.8,32.6,14.4,1 oz,28.4
Puff Pastry,Baked Foods,551,7.3,45.1,38.1,1 oz,28.4
Phyllo Dough,Baked Foods,299,7.1,52.6,6,1 oz,28.4
Popovers Dry Mix Enriched,Baked Foods,371,10.4,71,4.3,1 oz,28.4
Rolls Dinner Plain Commercially Prepared (Includes Brown-And-Serve),Baked Foods,310,10.86,52.04,6.47,1 roll (1 oz),28
Rolls Dinner Whole-Wheat,Baked Foods,266,8.7,51.1,4.7,1 roll (1 oz),28
Rolls French,Baked Foods,277,8.6,50.2,4.3,1 oz,28.4
Rolls Hamburger Or Hotdog Plain,Baked Foods,279,9.77,50.12,3.91,1 roll 1 serving,44
Rolls Hamburger Or Hotdog Mixed-Grain,Baked Foods,263,9.6,44.6,6,1 oz,28.4
Sweet Rolls Cinnamon Refrigerated Dough With Frosting,Baked Foods,333,5,51.6,12.2,1 oz,28.4
Sweet Rolls Cinnamon Refrigerated Dough With Frosting Baked,Baked Foods,362,5.4,56.1,13.2,1 oz,28.4
Taco Shells Baked,Baked Foods,476,6.41,63.49,21.79,1 shell,12.9
Toaster Pastries Brown-Sugar-Cinnamon,Baked Foods,370,4.06,72.64,7.98,1 oz,28.4
Wonton Wrappers (Includes Egg Roll Wrappers),Baked Foods,291,9.8,57.9,1.5,1 oz,28.4
Leavening Agents Baking Powder Double-Acting Sodium Aluminum Sulfate,Baked Foods,53,0,27.7,0,1 tsp,4.6
Leavening Agents Baking Powder Double-Acting Straight Phosphate,Baked Foods,51,0.1,24.1,0,1 tsp,4.6
Leavening Agents Baking Powder Low-Sodium,Baked Foods,97,0.1,46.9,0.4,1 tsp,5
Bread Crumbs Dry Grated Seasoned,Baked Foods,383,14.13,68.49,5.48,1 oz,28.4
Cookies Oatmeal Prepared From Recipe Without Raisins,Baked Foods,447,6.8,66.4,17.9,1 oz,28.4
Cookies Chocolate Chip Prepared From Recipe Made With Butter,Baked Foods,488,5.7,58.2,28.4,1 oz,28.4
Bread Protein (Includes Gluten) Toasted,Baked Foods,270,13.2,48.1,2.4,1 oz,28.4
Rolls Dinner Plain Prepared From Recipe Made With Low Fat (2%) Milk,Baked Foods,316,8.5,53.4,7.3,1 oz,28.4
Pie Crust Cookie-Type Prepared From Recipe Graham Cracker Chilled,Baked Foods,484,4.1,63.9,24.4,1 piece (1/8 of 9 inch crust),30
Crackers Matzo Egg And Onion,Baked Foods,391,10,77.1,3.9,1/2 oz,14.2
Pie Crust Cookie-Type Prepared From Recipe Vanilla Wafer Chilled,Baked Foods,531,3.7,50.2,36.2,1 cup,129
Pie Crust Standard-Type Prepared From Recipe Unbaked,Baked Foods,469,5.7,42.3,30.8,1 piece (1/8 of 9 inch crust),24
Bread Cornbread Dry Mix Unenriched (Includes Corn Muffin Mix),Baked Foods,418,7,69.5,12.2,1 oz,28.4
Bread Pita White Unenriched,Baked Foods,275,9.1,55.7,1.2,1 oz,28.4
Bread Raisin Unenriched,Baked Foods,274,7.9,52.3,4.4,1 oz,28.4
Bread White Commercially Prepared Low Sodium No Salt,Baked Foods,267,8.2,49.6,3.6,1 oz,28.4
Cookies Butter Commercially Prepared Unenriched,Baked Foods,467,6.1,68.9,18.8,1 oz,28.4
Cookies Chocolate Chip Commercially Prepared Regular Higher Fat Unenriched,Baked Foods,481,5.4,66.8,22.6,1 oz,28.4
Cookies Ladyfingers Without Lemon Juice And Rind,Baked Foods,363,10.6,59.7,9.1,1 oz,28.4
Crackers Melba Toast Plain Without Salt,Baked Foods,390,12.1,76.6,3.2,1/2 oz,14.2
Crackers Whole-Wheat Low Salt,Baked Foods,443,8.8,68.6,17.2,1/2 oz,14.2
Danish Pastry Cinnamon Unenriched,Baked Foods,403,7,44.6,22.4,1 oz,28.4
Danish Pastry Fruit Unenriched (Includes Apple Cinnamon Raisin Strawberry),Baked Foods,371,5.4,47.8,18.5,1 oz,28.4
Bread White Commercially Prepared Toasted Low Sodium No Salt,Baked Foods,293,9,54.4,4,1 oz,28.4
Danish Pastry Lemon Unenriched,Baked Foods,371,5.4,47.8,18.5,1 oz,28.4
English Muffins Plain Unenriched With Calcium Propionate (Includes Sourdough),Baked Foods,235,7.7,46,1.8,1 oz,28.4
English Muffins Plain Unenriched Without Calcium Propionate (Includes Sourdough),Baked Foods,235,7.7,46,1.8,1 oz,28.4
Pie Apple Commercially Prepared Unenriched Flour,Baked Foods,237,1.9,34,11,1 oz,28.4
Pie Fried Pies Cherry,Baked Foods,316,3,42.6,16.1,1 oz,28.4
Tortillas Ready-To-Bake Or -Fry Corn Without Added Salt,Baked Foods,222,5.7,46.6,2.5,1 oz,28.4
Tortillas Ready-To-Bake Or -Fry Flour Without Added Calcium,Baked Foods,325,8.7,55.6,7.1,1 oz,28.4
Cake Pound Commercially Prepared Fat-Free,Baked Foods,283,5.4,61,1.2,1 oz,28.4
Cake Yellow Light Dry Mix,Baked Foods,404,4.7,84.1,5.5,1 oz,28.4
Archway Home Style Cookies Coconut Macaroon,Baked Foods,460,3.02,61.23,22.55,1 serving,22
Archway Home Style Cookies Date Filled Oatmeal,Baked Foods,400,4.67,68.16,12.05,1 serving,25
Archway Home Style Cookies Dutch Cocoa,Baked Foods,431,4.5,69.44,14.99,1 serving,24
Archway Home Style Cookies Frosty Lemon,Baked Foods,430,4.41,64.78,17.11,1 serving,26
Archway Home Style Cookies Iced Molasses,Baked Foods,420,3.5,69.12,14.43,1 serving,28
Archway Home Style Cookies Old Fashioned Molasses,Baked Foods,406,4.27,70.55,11.83,1 serving,26
Archway Home Style Cookies Old Fashioned Windmill Cookies,Baked Foods,468,5.17,72.23,17.55,1 serving,20
Archway Home Style Cookies Peanut Butter,Baked Foods,480,9,58.48,24.28,1 serving,21
Archway Home Style Cookies Raspberry Filled,Baked Foods,400,4.35,65.92,13.26,1 serving,25
George Weston Bakeries Brownberry Sage And Onion Stuffing Mix Dry,Baked Foods,390,13.3,72.7,5.1,1 serving,67
Keebler Keebler Chocolate Graham Selects,Baked Foods,465,7.1,71.8,16.6,1 serving,31
Continental Mills Krusteaz Almond Poppyseed Muffin Mix Artificially Flavored Dry,Baked Foods,418,5.6,75.6,10.3,1 serving,40
Mckee Baking Little Debbie Nutty Bars Wafers With Peanut Butter Chocolate Covered,Baked Foods,548,8,55.2,32.8,1 serving,57
Nabisco Nabisco Ritz Crackers,Baked Foods,492,7.23,63.51,23.21,1 cracker,3.3
Pillsbury Buttermilk Biscuits Artificial Flavor Refrigerated Dough,Baked Foods,236,6.4,47.07,2.79,1 biscuit,64
Pillsbury Chocolate Chip Cookies Refrigerated Dough,Baked Foods,450,3.82,60.75,21.26,1 serving 2 cookies,38
Pillsbury Crusty French Loaf Refrigerated Dough,Baked Foods,243,8.59,46.35,2.88,1 serving,52
Bread Chapati Or Roti Whole Wheat Commercially Prepared Frozen,Baked Foods,299,7.85,46.13,9.2,1 piece,43
Bread Paratha Whole Wheat Commercially Prepared Frozen,Baked Foods,326,6.36,45.35,13.2,1 piece,79
Bread Naan Whole Wheat Commercially Prepared Refrigerated,Baked Foods,286,10.2,46.21,6.7,1 piece,106
Bread Roll Mexican Bollilo,Baked Foods,318,10.65,55.77,5.8,1 piece,98
Cookie Butter Or Sugar With Chocolate Icing Or Filling,Baked Foods,503,4.1,68.83,23.5,3 cookies,31
Cookie Chocolate With Icing Or Coating,Baked Foods,507,4.5,67.87,24.2,4 cookies,32
Tortillas Ready-To-Bake Or -Fry Whole Wheat,Baked Foods,310,9.76,45.89,9.76,1 tortilla 1 serving,41
Cake Snack Cakes Creme-Filled Chocolate With Frosting Low-Fat With Added Fiber,Baked Foods,409,3.71,69.37,13,1 cake 1 serving,27
Cookies Graham Crackers Plain Or Honey Lowfat,Baked Foods,386,5.71,77.96,5.71,1 serving,35
Crackers Cheese Whole Grain,Baked Foods,412,9.62,57.29,16.03,1 serving 55 pieces,31
Waffles Whole Wheat Lowfat Frozen Ready-To-Heat,Baked Foods,257,7.14,49.16,3.57,1 serving 2 waffles,70
Pancakes Plain Reduced Fat,Baked Foods,269,5.71,57.32,1.9,1 serving 3 pancakes,105
Cookies Shortbread Reduced Fat,Baked Foods,451,5.37,75.99,14,1 cookie,11.8
Cookies Sugar Wafer Chocolate-Covered,Baked Foods,526,3.45,65.99,27.59,3 cookie,29
Rolls Hamburger Or Hot Dog Wheat/cracked Wheat,Baked Foods,269,11.69,47.31,3.61,1 roll,51
Rolls Hamburger Or Hot Dog Whole Wheat,Baked Foods,269,12.38,44.93,4.38,1 roll,56
Bread French Or Vienna Whole Wheat,Baked Foods,239,8.33,49.1,1.04,1 slice 1 serving,48
Bagels Whole Grain White,Baked Foods,255,9.3,54.52,0,1/2 piece bagel 1 serving,43
English Muffins Whole Grain White,Baked Foods,245,7.02,50.17,1.75,1 muffin 1 serving,57
Rolls Hamburger Whole Grain White Calcium-Fortified,Baked Foods,255,9.3,46.5,3.49,1 piece roll,43
Cookies Chocolate Chip Sandwich With Creme Filling,Baked Foods,425,2.94,63.52,17.65,1 cookie,34
Cookies Chocolate Made With Rice Cereal,Baked Foods,440,3.23,63.26,19.35,1 cookie,62
Cookies Marshmallow With Rice Cereal And Chocolate Chips,Baked Foods,435,4.55,63.26,18.18,1 bar,22
Crackers Flavored Fish-Shaped,Baked Foods,463,10.16,65.67,17.71,10 goldfish,5.2
Bread Gluten-Free White Made With Potato Extract Rice Starch And Rice Flour,Baked Foods,320,3.13,52.83,10.7,1 slice,34
Bread Gluten-Free White Made With Rice Flour Corn Starch And/or Tapioca,Baked Foods,248,4.31,45.78,5.24,1 slice,35
Bread Gluten-Free White Made With Tapioca Starch And Brown Rice Flour,Baked Foods,298,5.4,51.15,8.02,1 slice,28
Bread Gluten-Free Whole Grain Made With Tapioca Starch And Brown Rice Flour,Baked Foods,309,7.25,49.09,9.34,1 slice,25
Crackers Gluten-Free Multigrain And Vegetable Made With Corn Starch And White Rice Flour,Baked Foods,456,2.5,76.94,15.41,3 crackers,10.7
Crackers Gluten-Free Multi-Seeded And Multigrain,Baked Foods,453,11.25,66.3,15.84,3 crackers,6.1
Waffles Gluten-Free Frozen Ready-To-Heat,Baked Foods,263,2.72,43.05,8.84,1 waffle,45
Pancakes Gluten-Free Frozen Ready-To-Heat,Baked Foods,215,3.31,40.32,4.55,1 pancake,48
Rolls Dinner Sweet,Baked Foods,321,10.04,53.58,7.37,1 roll,30
Bagels,Baked Foods,264,10.56,52.38,1.32,1 bagel,99
Toasted Bagels,Baked Foods,287,11.14,57.39,1.43,1 mini bagel (2-1/2 inch dia),24
Egg Bagel,Baked Foods,278,10.6,53,2.1,1 oz,28.4
Biscuits Plain Or Buttermilk Dry Mix,Baked Foods,428,8,63.4,15.4,1 cup/ purchased,120
Plain Buttermilk Biscuits,Baked Foods,335,7.3,48.4,12.1,1 oz,28.4
Biscuits Plain Or Buttermilk Refrigerated Dough Lower Fat,Baked Foods,270,6.7,43.7,7.83,1 serving 1 biscuit,58
Biscuits Plain Or Buttermilk Refrigerated Dough Lower Fat Baked,Baked Foods,319,7.8,51.6,9.1,1 oz,28.4
Bread Banana Prepared From Recipe Made With Margarine,Baked Foods,326,4.3,54.6,10.5,1 oz,28.4
Bread Boston Brown Canned,Baked Foods,195,5.2,43.3,1.5,1 oz,28.4
Bread Cornbread Dry Mix Enriched (Includes Corn Muffin Mix),Baked Foods,418,7,69.5,12.2,1 oz,28.4
Bread Cornbread Dry Mix Prepared With 2% Milk 80% Margarine And Eggs,Baked Foods,330,6.59,54.46,9.58,1 muffin,51
Bread Cornbread Prepared From Recipe Made With Low Fat (2%) Milk,Baked Foods,266,6.7,43.5,7.1,1 oz,28.4
Bread French Or Vienna Toasted (Includes Sourdough),Baked Foods,319,13,61.93,2.14,1 oz,28.4
Bread Irish Soda Prepared From Recipe,Baked Foods,290,6.6,56,5,1 oz,28.4
Bread Italian,Baked Foods,259,9.49,48.11,2.73,1 oz,28.4
Multi-Grain Toast,Baked Foods,288,14.52,47.11,4.6,1 oz,28.4
Pita Bread,Baked Foods,275,9.1,55.7,1.2,1 pita/ large (6-1/2 inch dia),60
Whole Wheat Pita,Baked Foods,262,9.8,55.89,1.71,1 pita/ large (6-1/2 inch dia),64
Bread Protein (Includes Gluten),Baked Foods,245,12.1,43.8,2.2,1 oz,28.4
Bread Pumpernickel,Baked Foods,250,8.7,47.5,3.1,1 oz,28.4
Bread Reduced-Calorie Oatmeal,Baked Foods,210,7.6,43.3,3.5,1 oz,28.4
Bread Reduced-Calorie Rye,Baked Foods,203,9.1,40.5,2.9,1 oz,28.4
Bread Reduced-Calorie Wheat,Baked Foods,217,13.32,42.47,2.92,1 oz,28.4
Bread Reduced-Calorie White,Baked Foods,207,8.7,44.3,2.5,1 oz,28.4
Bread Rice Bran,Baked Foods,243,8.9,43.5,4.6,1 oz,28.4
White Bread,Baked Foods,266,8.85,49.42,3.33,1 slice,29
Toasted White Bread,Baked Foods,290,9,54.5,4,1 oz,28.4
Bread White Prepared From Recipe Made With Nonfat Dry Milk,Baked Foods,274,7.7,53.6,2.6,1 oz,28.4
Bread White Prepared From Recipe Made With Low Fat (2%) Milk,Baked Foods,285,7.9,49.6,5.7,1 oz,28.4
Bread Crumbs Dry Grated Plain,Baked Foods,395,13.35,71.98,5.3,1 oz,28.4
Bread Sticks Plain,Baked Foods,412,12,68.4,9.5,1 cup/ small pieces,46
Bread Stuffing Bread Dry Mix,Baked Foods,386,11,76.2,3.4,1 oz,28.4
Bread Stuffing Bread Dry Mix Prepared,Baked Foods,195,2.73,18.84,12.05,1 oz,28.4
Cake Pudding-Type Carrot Dry Mix,Baked Foods,415,5.1,79.2,9.8,1 oz,28.4
Cake Cherry Fudge With Chocolate Frosting,Baked Foods,264,2.4,38,12.5,1 oz,28.4
Chocolate Cake With Frosting,Baked Foods,389,3.48,52.84,20.05,1 piece (1/12 of a cake),138
Cake Pudding-Type Chocolate Dry Mix,Baked Foods,391,4.6,80.16,8.14,1 oz,28.4
Coffeecake Creme-Filled With Chocolate Frosting,Baked Foods,331,5,53.8,10.8,1 oz,28.4
Coffeecake Fruit,Baked Foods,311,5.2,51.5,10.2,1 oz,28.4
Coffeecake Cinnamon With Crumb Topping Dry Mix Prepared,Baked Foods,318,5.5,52.8,9.6,1 oz,28.4
Cake Fruitcake Commercially Prepared,Baked Foods,324,2.9,61.6,9.1,1 oz,28.4
Cake Pound Commercially Prepared Other Than All Butter Enriched,Baked Foods,389,5.2,52.5,17.9,1 piece (1/10 of 10.6 oz cake),30
Cake Shortcake Biscuit-Type Prepared From Recipe,Baked Foods,346,6.1,48.5,14.2,1 oz,28.4
Cake Snack Cakes Creme-Filled Chocolate With Frosting,Baked Foods,399,3.63,60.31,15.93,1 oz,28.4
Cake Snack Cakes Creme-Filled Sponge,Baked Foods,374,3.47,64.03,11.54,1 oz,28.4
Yellow Cake With Chocolate Frosting,Baked Foods,379,3.16,55.36,17.75,1 piece (1/12 of a cake),144
Yellow Cake With Vanilla Frosting,Baked Foods,391,2.99,56.2,17.91,1 serving,67
Cake Pudding-Type Yellow Dry Mix,Baked Foods,423,4,80,9.8,1 oz,28.4
Cake Yellow Enriched Dry Mix,Baked Foods,374,3.7,81.92,3.5,1 serving,43
Cookies Brownies Dry Mix Regular,Baked Foods,434,4,76.6,14.9,1 oz,28.4
Cookies Brownies Prepared From Recipe,Baked Foods,466,6.2,50.2,29.1,1 oz,28.4
Cookies Butter Commercially Prepared Enriched,Baked Foods,467,6.1,68.9,18.8,1 oz,28.4
Cookies Fudge Cake-Type (Includes Trolley Cakes),Baked Foods,349,5,78.3,3.7,1 oz,28.4
Cookies Chocolate Chip Dry Mix,Baked Foods,497,4.6,66.1,25.2,1 oz,28.4
Cookies Chocolate Chip Refrigerated Dough,Baked Foods,451,3.98,61.02,21.33,1 serving,33
Cookies Chocolate Chip Refrigerated Dough Baked,Baked Foods,492,4.9,68.2,22.6,1 oz,28.4
Cookies Chocolate Chip Prepared From Recipe Made With Margarine,Baked Foods,488,5.7,58.4,28.3,1 oz,28.4
Gingersnaps,Baked Foods,416,5.6,76.9,9.8,1 oz,28.4
Plain Graham Crackers,Baked Foods,430,6.69,77.66,10.6,1 oz,28.4
Chocolate Coated Graham Crackers,Baked Foods,500,4,66.78,25.8,3 pieces,27
Ladyfingers,Baked Foods,365,10.6,59.7,9.1,1 oz,28.4
Cookies Oatmeal Dry Mix,Baked Foods,462,6.5,67.3,19.2,1 oz,28.4
Cookies Oatmeal Refrigerated Dough,Baked Foods,424,5.4,59.1,18.9,1 oz,28.4
Cookies Oatmeal Refrigerated Dough Baked,Baked Foods,471,6,65.7,21,1 oz,28.4
Cookies Oatmeal Prepared From Recipe With Raisins,Baked Foods,441,5.86,68.95,15.76,1 oz,28.4
Cookies Peanut Butter Prepared From Recipe,Baked Foods,475,9,58.9,23.8,1 oz,28.4
Cookies Peanut Butter Sandwich Regular,Baked Foods,478,8.8,65.6,21.1,1 oz,28.4
Cookies Raisin Soft-Type,Baked Foods,401,4.1,68,13.6,1 oz,28.4
Cookies Shortbread Commercially Prepared Plain,Baked Foods,514,5.37,63.78,26.22,1 oz,28.4
Cookies Shortbread Commercially Prepared Pecan,Baked Foods,542,4.9,58.3,32.5,1 oz,28.4
Cookies Peanut Butter Sandwich Special Dietary,Baked Foods,535,10,50.8,34,1 oz,28.4
Cookies Sugar Wafer With Creme Filling Sugar Free,Baked Foods,531,3.57,66.26,28.57,1 oz,28.4
Cookies Sugar Commercially Prepared Regular (Includes Vanilla),Baked Foods,464,5.35,67.34,19.55,1 oz,28.4
Cookies Sugar Refrigerated Dough,Baked Foods,436,4,61.22,19.48,1 serving,33
Cookies Vanilla Wafers Lower Fat,Baked Foods,441,5,73.6,15.2,1 oz,28.4
Cookies Vanilla Wafers Higher Fat,Baked Foods,455,4.9,72.6,16.41,8 wafers,30
Crackers Cheese Regular,Baked Foods,489,10.93,59.42,22.74,1/2 oz,14.2
Crackers Cheese Sandwich-Type With Peanut Butter Filling,Baked Foods,496,12.41,56.74,25.12,1/2 oz,14.2
Melba Toast,Baked Foods,390,12.1,76.6,3.2,1/2 oz,14.2
Pumpernickel Melba Rye Toast,Baked Foods,389,11.6,77.3,3.4,1/2 oz,14.2
Wheat Melba Toast Crackers,Baked Foods,374,12.9,76.4,2.3,1/2 oz,14.2
Crackers Milk,Baked Foods,446,7.6,71.73,13.77,1/2 oz,14.2
Crackers Rusk Toast,Baked Foods,407,13.5,72.3,7.2,1/2 oz,14.2
Crackers Standard Snack-Type Regular,Baked Foods,510,6.64,61.3,26.43,5 crackers,16
Crackers Standard Snack-Type Sandwich With Cheese Filling,Baked Foods,477,9.3,61.7,21.1,1/2 oz,14.2
Crackers Standard Snack-Type Sandwich With Peanut Butter Filling,Baked Foods,494,11.47,58.38,24.54,1/2 oz,14.2
Crackers Wheat Regular,Baked Foods,455,7.3,70.73,16.4,16 crackers 1 serving,34
Cream Puff Shell Prepared From Recipe,Baked Foods,360,9,22.8,25.9,1 oz,28.4
Butter Croissants,Baked Foods,406,8.2,45.8,21,1 oz,28.4
Croissants Apple,Baked Foods,254,7.4,37.1,8.7,1 oz,28.4
Cheese Croissants,Baked Foods,414,9.2,47,20.9,1 oz,28.4
Doughnuts Cake-Type Plain (Includes Unsugared Old-Fashioned),Baked Foods,434,5.31,47.06,24.93,1 donut,40
Doughnuts Cake-Type Plain Chocolate-Coated Or Frosted,Baked Foods,452,4.93,51.33,25.25,1 oz,28.4
Doughnuts Cake-Type Plain Sugared Or Glazed,Baked Foods,426,5.2,50.8,22.9,1 oz,28.4
Doughnuts Cake-Type Chocolate Sugared Or Glazed,Baked Foods,417,4.5,57.4,19.9,1 oz,28.4
English Muffins Plain Enriched With Ca Prop (Includes Sourdough),Baked Foods,227,8.87,44.17,1.69,1 oz,28.4
English Muffins Plain Toasted Enriched With Calcium Propionate (Includes Sourdough),Baked Foods,270,10.32,52.65,2.02,1 oz,28.4
English Muffins Mixed-Grain (Includes Granola),Baked Foods,235,9.1,46.3,1.8,1 oz,28.4
English Muffins Raisin-Cinnamon (Includes Apple-Cinnamon),Baked Foods,240,7.91,48.1,1.8,1 oz,28.4
French Toast Prepared From Recipe Made With Low Fat (2%) Milk,Baked Foods,229,7.7,25,10.8,1 oz,28.4
Hush Puppies Prepared From Recipe,Baked Foods,337,7.7,46,13.5,1 oz,28.4
Ice Cream Cones Cake Or Wafer-Type,Baked Foods,417,8.1,79,6.9,1 oz,28.4
Ice Cream Cones Sugar Rolled-Type,Baked Foods,402,7.9,84.1,3.8,1 oz,28.4
Corn Muffins,Baked Foods,305,5.9,51,8.4,1 oz,28.4
Muffins Corn Dry Mix Prepared,Baked Foods,321,7.4,49.1,10.2,1 oz,28.4
Muffins Corn Toaster-Type,Baked Foods,346,5.3,57.9,11.3,1 oz,28.4
Muffins Corn Prepared From Recipe Made With Low Fat (2%) Milk,Baked Foods,316,7.1,44.2,12.3,1 oz,28.4
Pancakes Plain Dry Mix Complete Prepared,Baked Foods,194,5.2,36.7,2.5,1 oz,28.4
Pancakes Plain Dry Mix Incomplete (Includes Buttermilk),Baked Foods,355,10,73.6,1.7,1 oz,28.4
Pancakes Plain Dry Mix Incomplete Prepared,Baked Foods,218,7.8,28.9,7.7,1 oz,28.4
Pancakes Plain Prepared From Recipe,Baked Foods,227,6.4,28.3,9.7,1 oz,28.4
Pancakes Whole-Wheat Dry Mix Incomplete Prepared,Baked Foods,208,8.5,29.4,6.5,1 oz,28.4
Pie Apple Commercially Prepared Enriched Flour,Baked Foods,237,1.9,34,11,1 oz,28.4
Pie Apple Prepared From Recipe,Baked Foods,265,2.4,37.1,12.5,1 oz,28.4
Pie Banana Cream Prepared From Mix No-Bake Type,Baked Foods,251,3.4,31.6,12.9,1 oz,28.4
Pie Chocolate Creme Commercially Prepared,Baked Foods,353,4.15,38.44,22.41,1 serving .167 pie,120
Pie Chocolate Mousse Prepared From Mix No-Bake Type,Baked Foods,260,3.5,29.6,15.4,1 oz,28.4
Pie Coconut Creme Commercially Prepared,Baked Foods,298,2.1,37.3,16.6,1 oz,28.4
Pie Coconut Cream Prepared From Mix No-Bake Type,Baked Foods,276,2.8,28.5,17.6,1 oz,28.4
Pie Lemon Meringue Prepared From Recipe,Baked Foods,285,3.8,39.1,12.9,1 oz,28.4
Pie Mince Prepared From Recipe,Baked Foods,289,2.6,48,10.8,1 oz,28.4
Pie Peach,Baked Foods,224,1.9,32.9,10,1 oz,28.4
Pie Pecan Commercially Prepared,Baked Foods,407,4.5,59.61,16.69,1 oz,28.4
Pie Crust Standard-Type Dry Mix,Baked Foods,518,6.9,52.1,31.4,1 oz,28.4
Pie Crust Standard-Type Dry Mix Prepared Baked,Baked Foods,501,6.7,50.4,30.4,1 piece (1/8 of 9 inch crust),20
Pie Crust Standard-Type Frozen Ready-To-Bake Enriched,Baked Foods,457,6.16,48.62,26.07,1 piece (1/8 of 9 inch crust),18
Pie Crust Standard-Type Frozen Ready-To-Bake Enriched Baked,Baked Foods,508,6.5,56.24,28.59,1 pie crust (average weight of 1 baked crust),154
Pie Crust Standard-Type Prepared From Recipe Baked,Baked Foods,527,6.4,47.5,34.6,1 piece (1/8 of 9 inch crust),23
Rolls Dinner Egg,Baked Foods,307,9.5,52,6.4,1 oz,28.4
Rolls Dinner Oat Bran,Baked Foods,236,9.5,40.2,4.6,1 oz,28.4
Rolls Dinner Rye,Baked Foods,286,10.3,53.1,3.4,1 large (approx 3-1/2 inch to 4 inch dia),43
Rolls Dinner Wheat,Baked Foods,273,8.6,46,6.3,1 roll (1 oz),28
Rolls Hard (Includes Kaiser),Baked Foods,293,9.9,52.7,4.3,1 oz,28.4
Apple Strudel,Baked Foods,274,3.3,41.1,11.2,1 oz,28.4
Sweet Rolls Cheese,Baked Foods,360,7.1,43.7,18.3,1 oz,28.4
Sweet Rolls Cinnamon Commercially Prepared With Raisins,Baked Foods,372,6.2,50.9,16.4,1 oz,28.4
Toaster Pastries Fruit (Includes Apple Blueberry Cherry Strawberry),Baked Foods,388,4.2,70.32,9.95,1 oz,28.4
Tortillas Ready-To-Bake Or -Fry Corn,Baked Foods,218,5.7,44.64,2.85,1 oz,28.4
Tortillas Ready-To-Bake Or -Fry Flour Refrigerated,Baked Foods,306,8.2,49.38,7.99,1 tortilla,48
Waffles Plain Frozen Ready-To-Heat,Baked Foods,285,6.47,42.98,9.7,1 oz,28.4
Waffles Plain Prepared From Recipe,Baked Foods,291,7.9,32.9,14.1,1 oz,28.4
Leavening Agents Baking Soda,Baked Foods,0,0,0,0,1 tsp,4.6
Leavening Agents Cream Of Tartar,Baked Foods,258,0,61.5,0,1 tsp,3
Leavening Agents Yeast Bakers Compressed,Baked Foods,105,8.4,18.1,1.9,1 cake (0.6 oz),17
Leavening Agents Yeast Bakers Active Dry,Baked Foods,325,40.44,41.22,7.61,1 tsp,4
Bread Rice Bran Toasted,Baked Foods,264,9.7,47.3,5,1 oz,28.4
Muffins Blueberry Toaster-Type Toasted,Baked Foods,333,4.9,56.7,10.1,1 oz,28.4
Muffins Wheat Bran Toaster-Type With Raisins Toasted,Baked Foods,313,5.5,55.5,9.4,1 oz,28.4
Pancakes Buttermilk Prepared From Recipe,Baked Foods,227,6.8,28.7,9.3,1 oz,28.4
Waffles Plain Frozen Ready -To-Heat Toasted,Baked Foods,312,7.19,49.29,9.61,1 oz,28.4
Bagels Plain Enriched Without Calcium Propionate (Includes Onion Poppy Sesame),Baked Foods,275,10.5,53.4,1.6,1 oz,28.4
Bagels Plain Unenriched With Calcium Propionate (Includes Onion Poppy Sesame),Baked Foods,275,10.5,53.4,1.6,1 oz,28.4
Bagels Plain Unenriched Without Calcium Propionate(Includes Onion Poppy Sesame),Baked Foods,275,10.5,53.4,1.6,1 oz,28.4
Coffeecake Cinnamon With Crumb Topping Commercially Prepared Unenriched,Baked Foods,418,6.8,46.7,23.3,1 oz,28.4
Cake Pound Commercially Prepared Other Than All Butter Unenriched,Baked Foods,389,5.2,52.5,17.9,1 piece (1/10 of 10.6 oz cake),30
Cake Pudding-Type White Unenriched Dry Mix,Baked Foods,423,3.9,81,9.5,1 oz,28.4
Cake Yellow Unenriched Dry Mix,Baked Foods,432,4.4,78.1,11.6,1 oz,28.4
Crackers Saltines Low Salt (Includes Oyster Soda Soup),Baked Foods,421,9.5,74.34,8.85,1/2 oz,14.2
Crackers Saltines Unsalted Tops (Includes Oyster Soda Soup),Baked Foods,434,9.2,71.5,11.8,1/2 oz,14.2
Crackers Standard Snack-Type Regular Low Salt,Baked Foods,502,7.4,61,25.3,1/2 oz,14.2
Crackers Wheat Low Salt,Baked Foods,473,8.6,64.9,20.6,1/2 oz,14.2
Crackers Cheese Low Sodium,Baked Foods,503,10.1,58.2,25.3,1/2 oz,14.2
Danish Pastry Raspberry Unenriched,Baked Foods,371,5.4,47.8,18.5,1 oz,28.4
Doughnuts Yeast-Leavened Glazed Unenriched (Includes Honey Buns),Baked Foods,403,6.4,44.3,22.8,1 oz,28.4
English Muffins Plain Enriched Without Calcium Propionate(Includes Sourdough),Baked Foods,235,7.7,46,1.8,1 oz,28.4
Pie Fried Pies Lemon,Baked Foods,316,3,42.6,16.1,1 oz,28.4
Pie Crust Standard-Type Frozen Ready-To-Bake Unenriched,Baked Foods,457,3.9,44.1,29.2,1 crust/ single 9 inch,142
Popovers Dry Mix Unenriched,Baked Foods,371,10.4,71,4.3,1 oz,28.4
Taco Shells Baked Without Added Salt,Baked Foods,468,7.2,62.4,22.6,1 oz,28.4
Crackers Saltines Fat-Free Low-Sodium,Baked Foods,393,10.5,82.3,1.6,3 saltines,15
Breakfast Tart Low Fat,Baked Foods,372,3.99,76.8,5.99,1 tart,52
Archway Home Style Cookies Sugar Free Oatmeal,Baked Foods,442,5.54,67.2,20.92,1 serving,24
Archway Home Style Cookies Chocolate Chip Ice Box,Baked Foods,497,4.28,65.02,24.4,1 serving,24
Archway Home Style Cookies Iced Oatmeal,Baked Foods,435,4.89,66.76,16.53,1 serving,28
Archway Home Style Cookies Molasses,Baked Foods,403,4.25,69.41,12.06,1 serving,26
Archway Home Style Cookies Oatmeal,Baked Foods,421,5.48,68.17,14.08,1 serving,25
Archway Home Style Cookies Oatmeal Raisin,Baked Foods,406,5.17,69.27,12.08,1 serving,26
Archway Home Style Cookies Strawberry Filled,Baked Foods,400,4.35,65.92,13.26,1 serving,25
Archway Home Style Cookies Reduced Fat Ginger Snaps,Baked Foods,424,4.67,76.23,11.14,1 serving,32
Artificial Blueberry Muffin Mix Dry,Baked Foods,407,4.7,77.45,8.7,1 muffin,31
Kraft Stove Top Stuffing Mix Chicken Flavor,Baked Foods,381,12.6,73.1,4.1,1 nlea serving (makes 1/2 cup prepared),28
Martha White Foods Martha Whites Chewy Fudge Brownie Mix Dry,Baked Foods,407,4.42,83.58,6.16,1 serving,28
Martha White Foods Martha Whites Buttermilk Biscuit Mix Dry,Baked Foods,388,7.81,59.41,13.23,1 serving,41
Mission Foods Mission Flour Tortillas Soft Taco 8 Inch,Baked Foods,287,8.7,49.6,6,1 serving,51
Nabisco Nabisco Grahams Crackers,Baked Foods,424,6.99,76.2,10,1 serving,28
Nabisco Nabisco Oreo Crunchies Cookie Crumb Topping,Baked Foods,476,4.78,70.23,21.5,1 serving,11
Tiramisu,Baked Foods,354,5.91,29.61,24.26,1 piece,174
Topping From Cheese Pizza,Baked Foods,228,16.89,8.03,14.32,topping from 1 piece,40
Topping From Vegetable Pizza,Baked Foods,246,15.61,12.6,15.26,topping from 1 piece,49
Topping From Meat Pizza,Baked Foods,328,19.48,6.55,24.63,topping from 1 piece,41
Topping From Meat And Vegetable Pizza,Baked Foods,305,17.81,8.47,22.13,topping from 1 piece,51
Bread Made From Home Recipe Or Purchased At A Bakery Ns As To Major Flour,Baked Foods,270,8.62,50.09,3.42,1 small or thin/very thin slice,33
Bread Made From Home Recipe Or Purchased At A Bakery Toasted Ns As To Major Flour,Baked Foods,297,9.47,55.04,3.76,1 small or thin/very thin slice,30
Bread White Made From Home Recipe Or Purchased At A Bakery,Baked Foods,270,8.62,50.09,3.42,1 small or thin/very thin slice,33
Bread White Made From Home Recipe Or Purchased At A Bakery Toasted,Baked Foods,297,9.47,55.04,3.76,1 small or thin/very thin slice,30
Bread White With Whole Wheat Swirl,Baked Foods,259,10.65,46.06,3.42,1 small or thin/very thin slice,24
Bread White With Whole Wheat Swirl Toasted,Baked Foods,298,11.79,53.41,4.12,1 small or thin/very thin slice,22
Bread Cuban Toasted,Baked Foods,299,11.81,57.01,2.66,1 small or thin/very thin slice,9
Bread Native Water Puerto Rican Style,Baked Foods,277,8.78,51.98,3.26,1 slice,25
Bread Native Water Toasted Puerto Rican Style,Baked Foods,305,9.65,57.12,3.58,1 slice,23
Bread Lard Puerto Rican Style,Baked Foods,280,6.97,55.51,2.92,1 slice,25
Bread Lard Toasted Puerto Rican Style,Baked Foods,311,7.74,61.67,3.25,1 slice,23
Bread Caressed Puerto Rican Style,Baked Foods,273,7.76,49.34,4.57,1 slice,25
Bread Caressed Toasted Puerto Rican Style,Baked Foods,300,8.53,54.22,5.02,1 slice,23
Naan Indian Flatbread,Baked Foods,311,11.09,50.23,7.28,"1 piece (1/4 of 10"" dia)",44
Bread Italian Grecian Armenian,Baked Foods,271,8.8,50.1,3.5,1 small or thin/very thin slice,24
Bread Italian Grecian Armenian Toasted,Baked Foods,298,9.67,55.06,3.85,1 small or thin/very thin slice,22
Bread Pita Toasted,Baked Foods,302,10,61.21,1.32,No data available,No data available
Bread Pita With Fruit,Baked Foods,279,8.2,59.19,1.09,No data available,No data available
Bread Pita With Fruit Toasted,Baked Foods,306,9.02,65.04,1.2,No data available,No data available
Bread Cheese Toasted,Baked Foods,448,11.45,49.26,22.89,1 small or thin/very thin slice,22
Bread Cornmeal And Molasses,Baked Foods,283,6.7,55.21,3.81,No data available,No data available
Bread Cornmeal And Molasses Toasted,Baked Foods,311,7.37,60.67,4.19,No data available,No data available
Bread Egg Challah Toasted,Baked Foods,315,10.44,52.53,6.59,1 small or thin/very thin slice,18
Garlic Bread Nfs,Baked Foods,349,8.34,41.64,16.58,1 small slice,39
Garlic Bread From Fast Food / Restaurant,Baked Foods,349,8.34,41.64,16.58,1 small slice,37
Garlic Bread With Parmesan Cheese From Fast Food / Restaurant,Baked Foods,351,8.74,41.09,16.8,1 small slice,39
Garlic Bread With Parmesan Cheese From Frozen,Baked Foods,351,8.75,41.18,16.83,1 small slice,39
Garlic Bread With Melted Cheese From Fast Food / Restaurant,Baked Foods,338,11.42,34.44,17.22,1 small slice,44
Garlic Bread With Melted Cheese From Frozen,Baked Foods,343,10.37,37.01,17.02,1 small slice,44
Bread Onion,Baked Foods,236,7.52,44.17,2.93,1 small or thin/very thin slice,24
Bread Onion Toasted,Baked Foods,260,8.26,48.54,3.22,1 small or thin/very thin slice,18
Bread White Special Formula Added Fiber Toasted,Baked Foods,262,11.71,48.25,2.36,No data available,No data available
Bread High Protein Toasted,Baked Foods,269,13.3,48.13,2.42,No data available,No data available
Bread Potato Toasted,Baked Foods,292,13.74,51.72,3.44,1 small or thin/very thin slice,24
Bread Raisin,Baked Foods,269,8.27,52.4,3.04,No data available,No data available
Bread Raisin Toasted,Baked Foods,296,9.09,57.58,3.34,No data available,No data available
Bread White Low Sodium Or No Salt Toasted,Baked Foods,293,9.01,54.5,3.96,No data available,No data available
Bread Sweet Potato,Baked Foods,239,7.4,45.24,2.85,No data available,No data available
Bread Sweet Potato Toasted,Baked Foods,263,8.13,49.72,3.13,1 small or thin/very thin slice,22
Bread Vegetable,Baked Foods,259,8.28,48.64,3.19,1 slice,44
Bread Vegetable Toasted,Baked Foods,285,9.1,53.44,3.5,1 slice,40
Bread Dough Fried,Baked Foods,382,8.02,44.83,18.81,1 slice or roll,26
Roll Cheese,Baked Foods,315,11.46,49.59,7.81,1 roll,41
Roll Garlic,Baked Foods,309,10.84,51.95,6.44,No data available,No data available
Roll Sweet With Fruit Frosted,Baked Foods,379,5.23,53.56,16.37,1 small,54
Roll Sweet Frosted,Baked Foods,400,5.49,50.92,20.06,1 small,54
Pan Dulce With Sugar Topping,Baked Foods,373,8.72,56.31,12.68,No data available,No data available
Pan Dulce With Raisins And Icing,Baked Foods,368,8.28,58.56,11.4,1 roll,93
Croissant Chocolate,Baked Foods,421,7.4,49.4,22.79,No data available,No data available
Croissant Fruit,Baked Foods,396,7.77,46.99,19.78,No data available,No data available
Brioche,Baked Foods,419,8.74,35.86,26.82,1 piece,77
Bread Spanish Coffee,Baked Foods,344,7.6,58.27,8.68,1 piece,85
Bagel,Baked Foods,264,10.56,52.38,1.32,No data available,No data available
Bagel With Raisins,Baked Foods,268,9.81,55.06,1.23,No data available,No data available
Bagel With Fruit Other Than Raisins,Baked Foods,243,9.55,48.36,1.25,No data available,No data available
Breadsticks Nfs,Baked Foods,342,12.18,44.39,12.85,1 small stick,28
Breadsticks Soft Nfs,Baked Foods,342,12.18,44.39,12.85,1 small stick,28
Breadsticks Soft From Fast Food / Restaurant,Baked Foods,342,12.18,44.39,12.85,1 small stick,26
Breadsticks Soft From Frozen,Baked Foods,312,10.86,46.46,9.06,1 small stick,26
Breadsticks Soft With Parmesan Cheese From Fast Food / Restaurant,Baked Foods,344,12.49,43.8,13.15,1 small stick,28
Breadsticks Soft With Parmesan Cheese From Frozen,Baked Foods,312,10.86,46.46,9.06,No data available,No data available
Breadsticks Soft Topped With Melted Cheese,Baked Foods,333,14.49,36.64,14.24,No data available,No data available
Breadsticks Soft Stuffed With Melted Cheese,Baked Foods,333,14.49,36.64,14.24,No data available,No data available
Muffin English With Raisins,Baked Foods,234,8.29,47.67,1.57,1 muffin,58
Muffin English Cheese,Baked Foods,236,9.57,42.12,3.27,1 muffin,58
Muffin English With Fruit Other Than Raisins,Baked Foods,243,9.31,47.63,1.8,1 muffin,58
Pannetone,Baked Foods,321,8.61,53.79,8.24,1 slice,27
Bread Whole Grain White Toasted,Baked Foods,262,11.71,48.25,2.36,No data available,No data available
Bagel Whole Grain White,Baked Foods,250,10.2,48.89,1.53,1 miniature,26
Bread Whole Wheat Toasted,Baked Foods,277,13.68,46.93,3.85,1 small or thin/very thin slice,22
Bread Whole Wheat Made From Home Recipe Or Purchased At Bakery,Baked Foods,248,9.21,47.44,4.09,1 small or thin/very thin slice,33
Bread Whole Wheat Made From Home Recipe Or Purchased At Bakery Toasted,Baked Foods,272,10.12,52.13,4.5,1 small or thin/very thin slice,30
Bread Puri Wheat,Baked Foods,396,6.21,39.25,24.55,"1 puri (approx 4-4/5"" dia)",36
Bread Whole Wheat With Raisins,Baked Foods,273,7.74,56.31,4.07,No data available,No data available
Bread Whole Wheat With Raisins Toasted,Baked Foods,301,8.51,61.88,4.47,No data available,No data available
Bread Sprouted Wheat Toasted,Baked Foods,207,14.46,37.23,0,1 slice,24
Bread Wheat Or Cracked Wheat Toasted,Baked Foods,301,11.72,52.24,4.98,No data available,No data available
Bread Wheat Or Cracked Wheat Made From Home Recipe Or Purchased At Bakery,Baked Foods,263,8.93,49.23,3.65,No data available,No data available
Bread Wheat Or Cracked Wheat Made From Home Recipe Or Purchased At Bakery Toasted,Baked Foods,289,9.81,54.1,4.01,No data available,No data available
Bread Wheat Or Cracked Wheat With Raisins,Baked Foods,285,7.58,57.38,3.72,No data available,No data available
Bread Wheat Or Cracked Wheat With Raisins Toasted,Baked Foods,313,8.33,63.06,4.09,No data available,No data available
Bread French Or Vienna Whole Wheat Toasted,Baked Foods,263,9.15,53.96,1.14,No data available,No data available
Bread Pita Whole Wheat Toasted,Baked Foods,288,10.77,61.42,1.88,No data available,No data available
Bread Pita Wheat Or Cracked Wheat Toasted,Baked Foods,288,10.77,61.42,1.88,No data available,No data available
Bagel Wheat,Baked Foods,250,10.2,48.89,1.53,No data available,No data available
Bagel Whole Wheat,Baked Foods,250,10.2,48.89,1.53,1 miniature,26
Bagel Wheat With Raisins,Baked Foods,255,9.49,51.92,1.42,1 miniature,26
Bagel Whole Wheat With Raisins,Baked Foods,255,9.49,51.92,1.42,1 miniature,26
Bagel Wheat With Fruit And Nuts,Baked Foods,261,9.53,50.82,2.69,No data available,No data available
Bagel Wheat Bran,Baked Foods,250,10.2,48.89,1.53,1 miniature,26
Muffin English Wheat Bran With Raisins,Baked Foods,231,8.14,48.24,1.85,1 muffin,58
Muffin English Wheat Or Cracked Wheat With Raisins,Baked Foods,230,8.19,47.92,1.86,1 muffin,58
Muffin English Whole Wheat With Raisins,Baked Foods,230,8.19,47.92,1.86,1 muffin,58
Bread Marble Rye And Pumpernickel Toasted,Baked Foods,285,9.34,53.08,3.63,No data available,No data available
Bread Pumpernickel Toasted,Baked Foods,275,9.56,52.2,3.41,No data available,No data available
Bagel Pumpernickel,Baked Foods,250,10.2,48.89,1.53,1 miniature,26
Bread Black Toasted,Baked Foods,275,9.56,52.2,3.41,No data available,No data available
Bagel Oat Bran,Baked Foods,250,10.2,48.89,1.53,1 miniature,26
Muffin English Oat Bran With Raisins,Baked Foods,272,7.87,51.57,4.01,1 muffin,58
Bread Multigrain Toasted,Baked Foods,291,14.68,47.63,4.65,No data available,No data available
Bread Multigrain With Raisins,Baked Foods,268,12.33,46.92,3.85,No data available,No data available
Bread Multigrain With Raisins Toasted,Baked Foods,295,13.55,51.56,4.23,No data available,No data available
Bagel Multigrain,Baked Foods,250,10.2,48.89,1.53,1 miniature,26
Bagel Multigrain With Raisins,Baked Foods,255,9.49,51.92,1.42,1 miniature,26
Bread Barley Toasted,Baked Foods,301,11.72,52.24,4.98,1 small or thin/very thin slice,22
Bread Soy,Baked Foods,258,15.4,42.01,3.45,No data available,No data available
Bread Soy Toasted,Baked Foods,284,16.92,46.16,3.8,No data available,No data available
Bread Sunflower Meal,Baked Foods,304,9.94,47.41,8.39,No data available,No data available
Bread Sunflower Meal Toasted,Baked Foods,334,10.92,52.1,9.22,No data available,No data available
Bread Rice Toasted,Baked Foods,273,4.74,50.31,5.76,No data available,No data available
Injera Ethiopian Bread,Baked Foods,88,3.48,18.31,0.83,1 cup/ pieces,68
Bread Gluten Free Toasted,Baked Foods,273,4.74,50.31,5.76,1 small or thin/very thin slice,22
Biscuit Dough Fried,Baked Foods,350,6.55,42.72,17.43,1 piece,43
Crumpet,Baked Foods,193,7.21,28.42,5.55,"1 small (2-1/2"" dia)",20
Crumpet Toasted,Baked Foods,217,8.1,31.93,6.24,"1 small (2-1/2"" dia)",18
Biscuit Baking Powder Or Buttermilk Type Made From Mix,Baked Foods,324,7.16,46.78,11.77,"1 small (1-1/2"" dia)",14
Biscuit Baking Powder Or Buttermilk Type Made From Home Recipe,Baked Foods,354,6.98,44.64,16.34,"1 small (1-1/2"" dia)",14
Biscuit Whole Wheat,Baked Foods,312,9.37,45.93,11.97,"1 small (1-1/2"" dia)",14
Biscuit Cheese,Baked Foods,346,8.13,48,13.61,"1 biscuit (2"" dia)",30
Biscuit Cinnamon-Raisin,Baked Foods,345,5.77,53.43,12.5,"1 biscuit (3"" dia)",64
Scone,Baked Foods,353,9.15,45.17,14.86,1 scone,42
Scone With Fruit,Baked Foods,352,8.55,49.86,13.39,1 scone,42
Cornbread Made From Home Recipe,Baked Foods,283,6.42,42.74,9.42,1 surface inch,11
Cornbread Muffin Stick Round Made From Home Recipe,Baked Foods,303,6.88,45.79,10.1,1 small,66
Corn Flour Patty Or Tart Fried,Baked Foods,216,3.98,41.23,4.55,1 patty,10
Corn Pone Baked,Baked Foods,214,3.5,39.68,4.31,"1 pone (8"" dia x 3/4"")",377
Corn Pone Fried,Baked Foods,254,3.34,37.79,9.78,1 piece,61
Gordita/sope Shell Plain No Filling,Baked Foods,303,4.18,36.65,16.19,No data available,No data available
Johnnycake,Baked Foods,275,7.89,43.78,7.22,1 piece,49
Spoonbread,Baked Foods,164,6.65,18.52,6.88,1 cup,187
Tortilla Nfs,Baked Foods,262,6.95,47.01,5.42,No data available,No data available
Taco Shell Flour,Baked Foods,511,8.83,53.2,29.07,No data available,No data available
Arepa Dominicana,Baked Foods,267,5.64,30.49,13.96,"1 piece (4"" x 2"" x 1-3/4"")",115
Muffin Chocolate Chip,Baked Foods,397,5.64,55.29,18.55,No data available,No data available
Muffin Chocolate,Baked Foods,390,6.39,50.81,18.2,No data available,No data available
Muffin Whole Wheat,Baked Foods,355,7.2,44.46,17.86,No data available,No data available
Muffin Wheat,Baked Foods,360,6.61,45.76,17.4,No data available,No data available
Muffin Whole Grain,Baked Foods,360,6.61,45.76,17.4,1 miniature,25
Muffin Wheat Bran,Baked Foods,215,6.22,39.09,5.83,No data available,No data available
Muffin Oatmeal,Baked Foods,362,6.33,43.96,18.29,No data available,No data available
Muffin Plain,Baked Foods,368,5.77,51.88,15.62,No data available,No data available
Muffin Cheese,Baked Foods,360,9.5,30.32,22.28,No data available,No data available
Muffin Pumpkin,Baked Foods,300,4.84,43.08,12.45,No data available,No data available
Muffin Zucchini,Baked Foods,300,4.92,42.51,12.66,No data available,No data available
Muffin Carrot,Baked Foods,307,4.88,44.14,12.71,No data available,No data available
Popover,Baked Foods,265,10.82,34.8,8.78,1 popover,31
Bread Nut,Baked Foods,392,6.49,49.72,19.24,1 slice,49
Bread Pumpkin,Baked Foods,300,4.84,43.08,12.45,1 slice,60
Bread Fruit,Baked Foods,362,5.96,47.37,17.33,1 slice,41
Bread Zucchini,Baked Foods,300,4.92,42.51,12.66,1 slice,40
Bread Irish Soda,Baked Foods,297,6.27,49.88,8.93,No data available,No data available
Cake Batter Raw Chocolate,Baked Foods,290,4.35,40.55,13.48,1 tablespoon,14
Cake Batter Raw Not Chocolate,Baked Foods,281,3.9,41.44,11.14,1 tablespoon,15
Cake Angel Food With Icing Or Filling,Baked Foods,333,4.1,65.27,6.99,No data available,No data available
Cake Angel Food With Fruit And Icing Or Filling,Baked Foods,209,4.35,42.52,3.02,No data available,No data available
Cake Or Cupcake Applesauce Without Icing Or Filling,Baked Foods,408,4.93,44.82,24.24,No data available,No data available
Cake Or Cupcake Applesauce With Icing Or Filling,Baked Foods,424,3.86,46.5,25.86,1 regular cupcake,75
Cake Or Cupcake Banana Without Icing Or Filling,Baked Foods,424,5.33,47.08,25.06,1 regular cupcake,50
Cake Or Cupcake Banana With Icing Or Filling,Baked Foods,435,4.1,47.98,26.42,1 regular cupcake,75
Cake Or Cupcake Carrot Without Icing Or Filling,Baked Foods,413,5.31,43.69,25.17,1 regular cupcake,50
Cake Or Cupcake Carrot With Icing Or Filling,Baked Foods,428,4.08,45.88,26.5,1 regular cupcake,75
Cheesecake With Fruit,Baked Foods,209,3.63,18.62,13.92,"1 cake or pie (9"" dia/ approx 1-1/2"" high)",1704
Cheesecake Chocolate,Baked Foods,374,5.97,32.55,25.82,"1 cake or pie (9"" dia/ approx 1-1/2"" high)",1533
Cake Or Cupcake Chocolate Devil's Food Or Fudge Without Icing Or Filling,Baked Foods,326,4.89,45.56,15.14,1 regular cupcake,50
Cake Or Cupcake German Chocolate With Icing Or Filling,Baked Foods,401,3.85,51.49,21.92,1 regular cupcake,75
Cake Cream Without Icing Or Topping,Baked Foods,370,4.87,45.94,18.72,"1 cake (8"" dia)",510
Cake Dobos Torte,Baked Foods,390,3.59,55.58,17.87,"1 cake (8-1/2"" dia)",1472
Cake Or Cupcake Gingerbread,Baked Foods,308,4.02,50.68,10.15,1 regular cupcake,50
Cake Ice Cream And Cake Roll Chocolate,Baked Foods,313,3.49,40.67,16.28,1 ice cream roll (12 oz),340
Cake Ice Cream And Cake Roll Not Chocolate,Baked Foods,314,3.2,42.63,15.03,1 ice cream roll (12 oz),340
Cake Jelly Roll,Baked Foods,366,4.02,56.3,13.92,1 jelly roll,506
Cake Or Cupcake Lemon Without Icing Or Filling,Baked Foods,344,4.55,45.47,16.08,1 regular cupcake,50
Cake Or Cupcake Lemon With Icing Or Filling,Baked Foods,386,3.44,55,17.39,1 regular cupcake,75
Cake Or Cupcake Marble Without Icing Or Filling,Baked Foods,335,4.72,45.51,15.62,1 regular cupcake,50
Cake Or Cupcake Marble With Icing Or Filling,Baked Foods,390,3.24,54.52,18.98,1 regular cupcake,75
Cake Or Cupcake Nut Without Icing Or Filling,Baked Foods,425,6.54,46.11,24.7,1 regular cupcake,50
Cake Or Cupcake Nut With Icing Or Filling,Baked Foods,404,4.16,53.77,20.18,1 regular cupcake,75
Cake Or Cupcake Oatmeal,Baked Foods,370,3.22,63.26,12.63,1 regular cupcake,50
Cake Or Cupcake Peanut Butter,Baked Foods,413,5.15,53.7,21.08,1 regular cupcake,50
Cake Pound With Icing Or Filling,Baked Foods,403,3.59,62.78,15.82,"1 loaf (9-1/4"" x 5-1/4"" x 3-1/8"")",1228
Cake Pound Chocolate,Baked Foods,414,5.42,61.38,18.29,"1 loaf (9"" x 5"" x 3"")",909
Cake Pound Puerto Rican Style,Baked Foods,465,6.96,45.26,29.01,"1 slice (3-1/2"" x 3-1/2"" x 1"")",90
Cake Or Cupcake Pumpkin Without Icing Or Filling,Baked Foods,387,5.09,41.07,23.57,1 regular cupcake,50
Cake Or Cupcake Pumpkin With Icing Or Filling,Baked Foods,411,3.98,44.05,25.38,1 regular cupcake,75
Cake Or Cupcake Raisin-Nut,Baked Foods,411,6.08,52.25,21.15,1 regular cupcake,50
Cake Ravani,Baked Foods,274,3.82,48.98,7.46,1 cake,564
Cake Rice Flour Without Icing Or Filling,Baked Foods,262,4.51,44.15,8.02,No data available,No data available
Cake Or Cupcake Spice Without Icing Or Filling,Baked Foods,408,4.93,44.82,24.24,1 regular cupcake,50
Cake Or Cupcake Spice With Icing Or Filling,Baked Foods,424,3.86,46.5,25.86,1 regular cupcake,75
Cake Sponge With Icing Or Filling,Baked Foods,362,3.69,68.29,8.21,"1 tube cake (10-1/2"" dia/ 4-1/4"" high)",1109
Cake Sponge Chocolate,Baked Foods,354,4.12,66.45,8.75,"1 tube cake (10"" dia/ 4"" high)",790
Cake Torte,Baked Foods,283,3.68,37.14,13.57,1 torte,912
Cake Tres Leche,Baked Foods,267,6.35,41.92,8.67,1 cake,1448
Cake Pineapple Upside Down,Baked Foods,331,3.5,44.18,16.45,No data available,No data available
Cake Or Cupcake White Without Icing Or Filling,Baked Foods,329,3.8,49.64,12.97,1 regular cupcake,50
Cake Or Cupcake Yellow Without Icing Or Filling,Baked Foods,344,4.55,45.47,16.08,1 regular cupcake,50
Cake Shortcake Biscuit Type With Whipped Cream And Fruit,Baked Foods,219,4.02,27.84,10.43,"1 biscuit (2"" dia) with fruit and whipped cream",74
Cake Shortcake Biscuit Type With Fruit,Baked Foods,217,4.24,30.95,8.73,"1 biscuit (2"" dia) with fruit",65
Cake Shortcake Sponge Type With Whipped Cream And Fruit,Baked Foods,242,4.21,47.32,4.24,"1 cake (3"" dia) with fruit and whipped cream",118
Cake Shortcake Sponge Type With Fruit,Baked Foods,247,4.44,52.65,2.21,"1 cake (3"" dia) with fruit",102
Cake Shortcake With Whipped Topping And Fruit Diet,Baked Foods,217,3.62,40.51,4.74,1 individual cake,94
Cake Or Cupcake Zucchini,Baked Foods,437,4.25,46.16,27.26,"1 1-layer cake (8"" or 9"" dia/ 1-1/2"" high)",579
Cookie Batter Or Dough Raw,Baked Foods,431,4.8,54.19,22.18,1 cup,250
Cookie Biscotti,Baked Foods,366,7.39,66.57,7.84,1 cookie,32
Cookie Brownie With Icing Or Filling,Baked Foods,401,2.94,63.55,16.95,1 small,40
Cookie Chocolate Chip Made From Home Recipe Or Purchased At A Bakery,Baked Foods,490,5.8,59.31,28.18,1 miniature/bite size,5
Cookie Graham Cracker With Chocolate And Marshmallow,Baked Foods,465,6.36,68.97,18.57,1 suddenly s'mores cookie,19
Cookie Lemon Bar,Baked Foods,432,5.01,62.49,18.62,No data available,No data available
Cookie Marshmallow With Rice Cereal No Bake,Baked Foods,414,3.4,80.5,9,No data available,No data available
Cookie Marshmallow And Peanut Butter With Oat Cereal No Bake,Baked Foods,414,3.4,80.5,9,No data available,No data available
Cookie Meringue,Baked Foods,339,5.75,80.75,0.09,No data available,No data available
Cookie Oatmeal With Chocolate Chips,Baked Foods,457,5.72,67.56,20.92,1 miniature/bite size,5
Cookie Peanut Butter With Chocolate,Baked Foods,475,7.8,59.51,25.29,1 miniature/bite size,5
Cookie Peanut Butter With Rice Cereal No Bake,Baked Foods,414,3.4,80.5,9,No data available,No data available
Cookie Shortbread With Icing Or Filling,Baked Foods,515,5.05,62.6,28.31,1 miniature/bite size,7
Cookie Butter Or Sugar With Fruit And/or Nuts,Baked Foods,466,6.59,65.08,20.96,1 miniature/bite size,5
Cookie Butter Or Sugar With Icing Or Filling Other Than Chocolate,Baked Foods,430,3.37,72.59,14.62,1 miniature/bite size,7
Cookies Puerto Rican Style,Baked Foods,508,5.91,66.49,24,No data available,No data available
Pie Apple One Crust,Baked Foods,242,1.8,39.01,9.27,"1 pie (9"" dia)",1203
Pie Apple Diet,Baked Foods,227,2.13,44.71,5.33,1 individual serving,85
Pie Apricot Two Crust,Baked Foods,278,3.16,39.13,12.53,"1 pie (9"" dia)",1203
Pie Blackberry Two Crust,Baked Foods,262,2.83,35.72,12.53,"1 pie (10"" dia)",1521
Pie Blackberry Individual Size Or Tart,Baked Foods,284,3.13,36.93,14.19,1 tart,117
Pie Berry Not Blackberry Blueberry Boysenberry Huckleberry Raspberry Or Strawberry; Two Crust,Baked Foods,289,2.6,39.62,13.78,"1 pie (9"" dia)",1203
Pie Berry Not Blackberry Blueberry Boysenberry Huckleberry Raspberry Or Strawberry; One Crust,Baked Foods,249,1.76,38.73,10.31,"1 pie (9"" dia)",1096
Pie Berry Not Blackberry Blueberry Boysenberry Huckleberry Raspberry Or Strawberry Individual Size Or Tart,Baked Foods,310,2.96,40.66,15.52,1 tart,117
Pie Blueberry One Crust,Baked Foods,213,2.22,32.59,8.72,"1 pie (9"" dia)",1096
Pie Blueberry Individual Size Or Tart,Baked Foods,287,2.82,38.84,13.96,1 tart,117
Pie Cherry One Crust,Baked Foods,228,2.08,36.73,8.56,"1 pie (9"" dia)",1096
Pie Lemon Not Cream Or Meringue,Baked Foods,384,5.06,57.19,15.52,"1 pie (9"" dia)",791
Pie Lemon Not Cream Or Meringue Individual Size Or Tart,Baked Foods,395,5.25,56.8,16.76,1 tart,117
Pie Mince Individual Size Or Tart,Baked Foods,306,3.33,42.01,14.44,1 tart,117
Pie Peach One Crust,Baked Foods,232,2.22,38.49,8.27,"1 pie (9"" dia)",1203
Pie Peach Individual Size Or Tart,Baked Foods,293,3.21,39.07,14.2,1 tart,117
Pie Pear Two Crust,Baked Foods,267,2.47,37.99,12.12,"1 pie (9"" dia)",1203
Pie Pear Individual Size Or Tart,Baked Foods,290,2.82,39.06,14.08,1 tart,117
Pie Pineapple Two Crust,Baked Foods,263,2.53,36.9,12.07,"1 pie (9"" dia)",1203
Pie Plum Two Crust,Baked Foods,292,2.78,40.73,13.61,"1 pie (9"" dia)",1203
Pie Prune One Crust,Baked Foods,301,3.75,51.25,9.64,"1 pie (9"" dia)",1203
Pie Raisin Two Crust,Baked Foods,251,2.62,36.93,10.96,"1 pie (9"" dia)",1203
Pie Raisin Individual Size Or Tart,Baked Foods,290,3.13,40.46,13.54,1 tart,117
Pie Raspberry One Crust,Baked Foods,240,2.13,37.87,9.62,"1 pie (9"" dia)",1096
Pie Raspberry Two Crust,Baked Foods,281,2.84,38.48,13.42,"1 pie (9"" dia)",1203
Pie Rhubarb Two Crust,Baked Foods,296,3.25,36.8,15.34,"1 pie (9"" dia)",1203
Pie Rhubarb One Crust,Baked Foods,245,2.42,35.58,10.69,"1 pie (9"" dia)",1096
Pie Rhubarb Individual Size Or Tart,Baked Foods,318,3.58,37.79,17.09,1 tart,117
Pie Strawberry One Crust,Baked Foods,230,2.29,34.6,9.58,"1 pie (9"" dia)",1343
Pie Strawberry-Rhubarb Two Crust,Baked Foods,281,3.1,35.64,14.31,"1 pie (10"" dia)",1521
Pie Strawberry Individual Size Or Tart,Baked Foods,265,2.82,36.31,12.5,1 tart,117
Pie Apple-Sour Cream,Baked Foods,205,1.84,29.98,9.22,"1 pie (9"" dia)",1274
Pie Cherry Made With Cream Cheese And Sour Cream,Baked Foods,283,3.13,39.96,12.95,"1 pie (9"" dia)",1274
Pie Banana Cream Individual Size Or Tart,Baked Foods,237,4.49,31.04,10.82,1 tart,117
Pie Buttermilk,Baked Foods,380,4.14,51.63,18.08,"1 pie (9"" dia)",1154
Pie Chess,Baked Foods,409,5.31,53.44,20.04,"1 pie (9"" dia)",714
Pie Chocolate Cream Individual Size Or Tart,Baked Foods,289,5.3,36.19,13.83,1 tart,117
Pie Coconut Cream Individual Size Or Tart,Baked Foods,225,5.45,25.46,11.31,1 tart,117
Pie Custard Individual Size Or Tart,Baked Foods,172,5.74,26.5,4.66,1 tart,117
Mixed Fruit Tart Filled With Custard Or Cream Cheese,Baked Foods,173,3.5,21.02,8.8,"1 tart (9"" dia)",1265
Dessert Pizza,Baked Foods,209,1.92,30.94,8.96,1 piece,108
Pie Lemon Cream,Baked Foods,267,4.61,38.65,10.82,"1 pie (9"" dia)",1154
Pie Lemon Cream Individual Size Or Tart,Baked Foods,283,4.68,38.72,12.48,1 tart,117
Pie Peanut Butter Cream,Baked Foods,293,7.65,34.08,14.63,"1 pie (9"" dia)",1154
Pie Pineapple Cream,Baked Foods,201,3.73,29.86,7.65,"1 pie (9"" dia)",1154
Pie Raspberry Cream,Baked Foods,198,2.46,23.12,11.31,"1 pie (9"" dia)",1154
Pie Sour Cream Raisin,Baked Foods,354,5.05,34.55,22.68,"1 pie (9"" dia)",1154
Pie Squash,Baked Foods,189,4.16,25.88,8,"1 pie (9"" dia)",1235
Pie Strawberry Cream,Baked Foods,204,1.65,26.31,10.71,"1 pie (10"" dia)",1449
Pie Strawberry Cream Individual Size Or Tart,Baked Foods,240,2.23,28.73,13.31,1 tart,117
Pie Sweet Potato,Baked Foods,260,3.26,29.03,15.06,"1 pie (10"" dia)",1530
Pie Yogurt Frozen,Baked Foods,247,3.28,27.37,14.22,"1 pie (9"" dia)",1154
Pie Chiffon Not Chocolate,Baked Foods,290,6.66,40.19,11.74,"1 pie (9"" dia)",792
Pie Chiffon Chocolate,Baked Foods,325,6.39,41.43,15,"1 pie (9"" dia)",792
Pie Black Bottom,Baked Foods,308,5.45,37.47,15.54,"1 pie (9"" dia)",792
Pie Chocolate-Marshmallow,Baked Foods,390,4.6,47.28,20.64,"1 pie (8"" dia)",819
Pie Oatmeal,Baked Foods,390,5.08,60.17,15.65,"1 pie (9"" dia)",915
Pie Pudding Flavors Other Than Chocolate,Baked Foods,224,3.85,27.12,11.1,"1 pie (8"" dia)",885
Pie Pudding Flavors Other Than Chocolate Individual Size Or Tart,Baked Foods,334,4.87,39.8,17.27,1 small tart,117
Pie Pudding Chocolate With Chocolate Coating Individual Size,Baked Foods,389,4.3,42.96,22.2,1 individual pie,142
Pie Pudding Flavors Other Than Chocolate With Chocolate Coating Individual Size,Baked Foods,384,4.06,42.81,21.89,1 individual pie,142
Pie Toll House Chocolate Chip,Baked Foods,535,5.86,44.71,39.21,"1 pie (9"" dia)",915
Pie Shoo-Fly,Baked Foods,354,3.91,60.73,11.04,"1 pie (9"" dia)",915
Pie Tofu With Fruit,Baked Foods,209,4.74,22.64,12.03,"1 pie (9"" dia)",1154
Cobbler Apple,Baked Foods,195,2.31,36.47,4.87,1 cup,217
Cobbler Apricot,Baked Foods,188,2.63,35.77,4.39,1 cup,217
Cobbler Berry,Baked Foods,230,2.78,43.03,5.8,1 cup,217
Cobbler Cherry,Baked Foods,194,2.36,35.69,5.12,1 cup,217
Cobbler Peach,Baked Foods,199,2.48,38.15,4.67,1 cup,217
Cobbler Pear,Baked Foods,215,2.14,42.13,4.88,1 cup,217
Cobbler Pineapple,Baked Foods,191,1.99,36.75,4.6,1 cup,217
Cobbler Plum,Baked Foods,200,2.28,38.35,4.73,1 cup,217
Cobbler Rhubarb,Baked Foods,251,2.36,46.86,6.58,1 cup,217
Crisp Apple Apple Dessert,Baked Foods,157,1.97,30.77,3.45,1 cup,246
Fritter Apple,Baked Foods,381,6.44,34.78,24.45,"1 fritter (2-1/2"" long x 1-5/8"" wide)",17
Fritter Banana,Baked Foods,342,5.03,34.43,21.33,"1 fritter (2"" long)",34
Fritter Berry,Baked Foods,342,5.62,31.44,22.05,"1 fritter (1-1/4"" dia)",24
Crisp Blueberry,Baked Foods,256,1.88,41.15,10.15,1 cup,246
Crisp Cherry,Baked Foods,263,1.94,47.36,7.83,1 cup,246
Crisp Peach,Baked Foods,213,1.71,37.79,6.87,1 cup,246
Crisp Rhubarb,Baked Foods,225,1.2,42.84,6.5,1 cup,246
Cream Puff Eclair Custard Or Cream Filled Ns As To Icing,Baked Foods,276,4.5,10.48,24.36,"1 eclair (5"" x 2"" x 1-3/4"")",102
Cream Puff Eclair Custard Or Cream Filled Not Iced,Baked Foods,260,4.92,12.47,21.35,"1 eclair (5"" x 2"" x 1-3/4"")",90
Cream Puff Eclair Custard Or Cream Filled Iced Reduced Fat,Baked Foods,237,3.43,41.85,7.03,1 eclair/ frozen,60
Air Filled Fritter Or Fried Puff Without Syrup Puerto Rican Style,Baked Foods,436,6.46,50.34,23.64,1 turnover,57
Wheat Flour Fritter Without Syrup,Baked Foods,478,7.64,19.5,41.23,1 fritter,22
Sopaipilla Without Syrup Or Honey,Baked Foods,366,5.49,40.93,19.91,"1 sopaipilla (1 1/2"" x 1 1/2"")",10
Sopaipilla With Syrup Or Honey,Baked Foods,360,4.11,51.85,15.84,"1 sopaipilla (1 1/2"" x 1 1/2"")",12
Tamale Sweet,Baked Foods,257,2.22,35.67,12.52,1 tamale,34
Tamale Sweet With Fruit,Baked Foods,200,1.78,31.23,8.48,1 tamale,49
Strudel Berry,Baked Foods,249,3.48,46.4,6.24,"1 piece (approx 2"" - 2-1/2"" square)",64
Strudel Cherry,Baked Foods,280,4.36,45.06,10.1,"1 piece (approx 2"" - 2-1/2"" square)",64
Strudel Cheese,Baked Foods,305,10.1,37.65,12.83,"1 piece (approx 2"" - 2-1/2"" square)",64
Strudel Peach,Baked Foods,204,3.14,37.67,5.16,"1 piece (approx 2"" - 2-1/2"" square)",64
Strudel Pineapple,Baked Foods,249,2.8,48.19,5.6,"1 piece (approx 2"" - 2-1/2"" square)",64
Strudel Cheese And Fruit,Baked Foods,220,6.89,29.8,8.47,"1 piece (approx 2"" - 2-1/2"" square)",64
Baklava,Baked Foods,428,6.64,37.53,29.13,"1 piece (2"" x 2"" x 1-1/2"")",78
Basbousa,Baked Foods,308,4.99,50.13,10.4,"1 piece (about 3 x 2-1/2"")",82
Turnover Or Dumpling Apple,Baked Foods,348,3.64,43.6,18.04,1 turnover,82
Turnover Or Dumpling Berry,Baked Foods,353,3.79,45.55,17.73,1 turnover,78
Turnover Or Dumpling Cherry,Baked Foods,306,3.27,40.01,15.07,1 turnover,78
Turnover Or Dumpling Lemon,Baked Foods,301,3.47,37.05,15.63,1 turnover,78
Turnover Or Dumpling Peach,Baked Foods,335,3.95,43.15,16.57,1 turnover,78
Turnover Guava,Baked Foods,307,3.98,37.48,16.25,1 turnover,78
Turnover Pumpkin,Baked Foods,251,5.56,25.51,14.34,1 turnover,78
Pastry Fruit-Filled,Baked Foods,339,4.07,39.84,19.24,1 pastry,78
Pastry Made With Bean Or Lotus Seed Paste Filling Baked,Baked Foods,333,6.81,67.89,4.03,1 small square moon cake,51
Pastry Made With Bean Paste And Salted Egg Yolk Filling Baked,Baked Foods,333,8.38,57.24,7.88,1 large square moon cake,204
Pastry Chinese Made With Rice Flour,Baked Foods,243,2.47,45.21,5.92,1 oz,28
Pastry Cookie Type Fried,Baked Foods,390,5.76,35.44,25.24,1 pastry,46
Pastry Italian With Cheese,Baked Foods,276,9.51,32.51,12.03,1 pastry,85
Pastry Puff Custard Or Cream Filled Iced Or Not Iced,Baked Foods,409,5.84,29.87,29.79,1 cream horn,57
Cheese Pastry Puffs,Baked Foods,264,9.21,13.13,19.26,"1 puff or cheese straw (5"" long)",6
Pastry Mainly Flour And Water Fried,Baked Foods,430,7.75,59.3,18.07,No data available,No data available
Empanada Mexican Turnover Fruit-Filled,Baked Foods,316,4.65,40.04,15.34,1 cup,142
Empanada  Mexican Turnover Pumpkin,Baked Foods,288,4.57,41.7,11.63,1 cup,132
Doughnut Cake Type Chocolate Covered Dipped In Peanuts,Baked Foods,418,5.74,47.72,23,"1 doughnut (3-1/4"" dia)",53
Churros,Baked Foods,481,3.02,49.8,30.58,1 churro,26
Doughnut Chocolate Raised Or Yeast With Chocolate Icing,Baked Foods,405,5.9,54,19.66,"1 doughnut (approx 3"" dia)",71
Doughnut Chocolate Raised Or Yeast,Baked Foods,412,6.68,48.39,22.27,"1 doughnut (approx 3"" dia)",50
Doughnut Raised Or Yeast Chocolate Covered,Baked Foods,405,5.38,52.61,19.42,"1 doughnut (approx 3"" dia)",71
Doughnut Chocolate Cream-Filled,Baked Foods,354,5.48,41.66,18.36,1 doughnut,65
Doughnut Custard-Filled With Icing,Baked Foods,361,4.11,55.52,13.95,1 doughnut,70
Coffee Cake Crumb Or Quick-Bread Type,Baked Foods,382,6.36,51.24,17.71,"1 cake (9"" square)",692
Coffee Cake Crumb Or Quick-Bread Type With Fruit,Baked Foods,311,4.12,50.2,11.3,"1 cake (9"" square)",785
Coffee Cake Crumb Or Quick-Bread Type Cheese-Filled,Baked Foods,355,7.24,44.43,17.25,"1 cake (8"" square)",568
Dumpling Plain,Baked Foods,124,3.3,20.25,3.22,1 small,18
Funnel Cake With Sugar,Baked Foods,349,7.65,43.12,16.26,"1 cake (6"" dia)",90
Funnel Cake With Sugar And Fruit,Baked Foods,377,5.68,54.91,15.48,"1 cake (6"" dia)",135
Cornmeal Dumpling,Baked Foods,167,5.31,25.38,4.68,1 cup/ cooked,240
Pizza Cheese From School Lunch Medium Crust,Baked Foods,250,13.67,29.7,8.59,1 piece/ nfs,147
Pizza Extra Cheese Thin Crust,Baked Foods,302,13.46,29.76,14.28,1 piece/ nfs,92
Pizza Extra Cheese Thick Crust,Baked Foods,272,11.42,31.88,10.97,1 piece/ nfs,141
Pizza Cheese With Vegetables From Frozen Thin Crust,Baked Foods,240,9.24,26.51,10.81,1 piece/ nfs,109
Pizza Cheese With Vegetables From Frozen Thick Crust,Baked Foods,245,11.64,31.31,8.22,1 piece/ nfs,143
Pizza Cheese With Vegetables From Restaurant Or Fast Food Thin Crust,Baked Foods,265,11.22,28.02,12.03,1 piece/ nfs,100
Pizza Cheese With Vegetables From Restaurant Or Fast Food Medium Crust,Baked Foods,242,10.31,30.71,8.69,1 piece/ nfs,133
Pizza Cheese With Vegetables From Restaurant Or Fast Food Thick Crust,Baked Foods,245,9.74,30.43,9.39,1 piece/ nfs,149
Pizza With Cheese And Extra Vegetables Thin Crust,Baked Foods,233,9.63,24.46,10.86,1 piece/ nfs,120
Pizza With Cheese And Extra Vegetables Medium Crust,Baked Foods,220,9.21,27.64,8.22,1 piece/ nfs,152
Pizza With Cheese And Extra Vegetables Thick Crust,Baked Foods,240,9.46,29.46,9.45,1 piece/ nfs,155
Pizza Cheese With Fruit Thin Crust,Baked Foods,260,10.72,28.5,11.56,1 piece/ nfs,104
Pizza Cheese With Fruit Medium Crust,Baked Foods,239,9.96,31,8.43,1 piece/ nfs,137
Pizza Cheese With Fruit Thick Crust,Baked Foods,246,9.58,31.06,9.29,1 piece/ nfs,150
Pizza With Pepperoni From Frozen Thin Crust,Baked Foods,274,12.25,27.52,12.71,1 piece/ nfs,97
Pizza With Pepperoni From Frozen Medium Crust,Baked Foods,271,12.43,29.68,11.38,1 piece/ nfs,102
Pizza With Pepperoni From Frozen Thick Crust,Baked Foods,268,12.6,31.83,10.05,1 piece/ nfs,144
Pizza With Pepperoni Stuffed Crust,Baked Foods,296,12.92,27.19,15.01,1 piece/ nfs,164
Pizza With Pepperoni From School Lunch Medium Crust,Baked Foods,256,13.56,29.77,9.22,1 piece/ nfs,147
Pizza With Meat Other Than Pepperoni From Frozen Thin Crust,Baked Foods,269,12.4,27.13,12.18,1 piece/ nfs,97
Pizza With Meat Other Than Pepperoni From Frozen Medium Crust,Baked Foods,266,12.56,29.3,10.94,1 piece/ nfs,102
Pizza With Meat Other Than Pepperoni From Frozen Thick Crust,Baked Foods,264,12.71,31.48,9.71,1 piece/ nfs,144
Pizza With Meat Other Than Pepperoni Stuffed Crust,Baked Foods,281,12.9,27.49,13.16,1 piece/ nfs,164
Pizza With Meat Other Than Pepperoni From School Lunch Medium Crust,Baked Foods,254,12.94,31.41,8.45,1 piece/ nfs,147
Pizza With Extra Meat Thin Crust,Baked Foods,306,16.04,22.86,16.51,1 piece/ nfs,120
Pizza With Extra Meat Medium Crust,Baked Foods,277,14.05,26.73,12.46,1 piece/ nfs,150
Pizza With Extra Meat Thick Crust,Baked Foods,280,13.53,26.75,13.08,1 piece/ nfs,166
Pizza With Meat And Vegetables From Restaurant Or Fast Food Thin Crust,Baked Foods,271,12.72,25.12,13.2,1 piece/ nfs,113
Pizza With Meat And Vegetables From Restaurant Or Fast Food Thick Crust,Baked Foods,260,10.97,30.16,10.56,1 piece/ nfs,149
Pizza With Extra Meat And Extra Vegetables Thin Crust,Baked Foods,248,12.53,22.4,12.06,1 piece/ nfs,129
Pizza With Extra Meat And Extra Vegetables Thick Crust,Baked Foods,240,11.06,26.53,10.01,1 piece/ nfs,173
Pizza With Extra Meat And Extra Vegetables Medium Crust,Baked Foods,234,11.51,26.1,9.33,1 piece/ nfs,159
Pizza With Meat And Fruit Thin Crust,Baked Foods,254,11.98,25.6,11.51,1 piece/ nfs,115
Pizza With Meat And Fruit Medium Crust,Baked Foods,234,10.98,28.36,8.58,1 piece/ nfs,150
Pizza With Meat And Fruit Thick Crust,Baked Foods,245,10.58,29.26,9.52,1 piece/ nfs,157
Pizza With Beans And Vegetables Thin Crust,Baked Foods,226,10.24,25.22,9.48,1 piece/ nfs,129
Pizza With Beans And Vegetables Thick Crust,Baked Foods,225,9.44,28.48,8.18,1 piece/ nfs,173
Pizza No Cheese Thin Crust,Baked Foods,276,7.38,30.77,13.64,1 piece/ nfs,75
Pizza No Cheese Thick Crust,Baked Foods,292,7.41,37.95,12.13,1 piece/ nfs,124
White Pizza Cheese Thin Crust,Baked Foods,294,12.18,27.48,14.88,1 piece/ nfs,92
White Pizza Cheese Thick Crust,Baked Foods,289,11.48,32.16,12.53,1 piece/ nfs,141
White Pizza Cheese With Vegetables Thin Crust,Baked Foods,248,9.95,23.53,12.65,1 piece/ nfs,106
White Pizza Cheese With Vegetables Thick Crust,Baked Foods,252,9.76,28.11,11.07,1 piece/ nfs,155
White Pizza Cheese With Meat Thin Crust,Baked Foods,314,13.48,22.95,18.49,1 piece/ nfs,100
White Pizza Cheese With Meat Thick Crust,Baked Foods,307,12.67,27.69,15.87,1 piece/ nfs,154
White Pizza Cheese With Meat And Vegetables Thin Crust,Baked Foods,281,12.01,21.21,16.3,1 piece/ nfs,118
White Pizza Cheese With Meat And Vegetables Thick Crust,Baked Foods,279,11.51,25.75,14.29,1 piece/ nfs,155
Calzone With Cheese Meatless,Baked Foods,385,17.41,28.83,22.05,1 calzone or stromboli,424
Calzone With Meat And Cheese,Baked Foods,348,14.28,31.16,18.24,1 calzone or stromboli,424
Pizza Rolls,Baked Foods,345,9.19,53.39,10.5,1 cup,119
Pizza Cheese Whole Wheat Thin Crust,Baked Foods,273,11.04,28.88,13.28,1 piece/ nfs,119
Pizza Cheese Whole Wheat Thick Crust,Baked Foods,272,10.69,33.54,11.26,1 piece/ nfs,132
Pizza With Meat Whole Wheat Thin Crust,Baked Foods,297,12.57,24.04,17.22,1 piece/ nfs,124
Pizza With Meat Whole Wheat Thick Crust,Baked Foods,292,12,28.83,14.81,1 piece/ nfs,139
Pizza Cheese And Vegetables Whole Wheat Thin Crust,Baked Foods,231,9.02,24.61,11.35,1 piece/ nfs,133
Pizza Cheese And Vegetables Whole Wheat Thick Crust,Baked Foods,237,9.08,29.23,9.99,1 piece/ nfs,149
Pizza Cheese Gluten-Free Thin Crust,Baked Foods,264,8.32,25.84,14.16,1 piece/ nfs,119
Pizza Cheese Gluten-Free Thick Crust,Baked Foods,261,7.49,30,12.3,1 piece/ nfs,132
Pizza With Meat Gluten-Free Thin Crust,Baked Foods,290,10.36,21.58,17.93,1 piece/ nfs,124
Pizza With Meat Gluten-Free Thick Crust,Baked Foods,283,9.3,25.84,15.69,1 piece/ nfs,139
Pizza Cheese And Vegetables Gluten-Free Thin Crust,Baked Foods,223,6.85,22.19,12.05,1 piece/ nfs,133
Pizza Cheese And Vegetables Gluten-Free Thick Crust,Baked Foods,228,6.41,26.28,10.86,1 piece/ nfs,149
Cornmeal Fritter Puerto Rican Style,Baked Foods,266,6.77,20.78,17.21,"1 fritter (2-1/2"" x 2-1/2"" x 1/4"")",40
Cornmeal Stick Puerto Rican Style,Baked Foods,410,6.94,48.5,20.58,"1 stick (3"" x 3/4"")",20
Sweet Bread Dough Filled With Bean Paste Meatless Steamed,Baked Foods,265,6.56,53.99,2.87,1 manapua,103
Pastry Cheese-Filled,Baked Foods,271,8.28,15.02,19.73,1 pastry,28
Casabe Cassava Bread,Baked Foods,299,2.54,71.22,0.52,"1 piece (6"" dia)",100
Yam Buns; Puerto Rican Style,Baked Foods,302,3.46,29.77,19,1 cup,153
Coconut Cream Cake Puerto Rican Style,Baked Foods,318,2.41,47.44,14.65,1 tablespoon,15
