Chicken Meatless Breaded Fried,Beans and Lentils,234,21.28,8.51,12.77,1 cup/ diced,130
Tofu Yogurt,Beans and Lentils,94,3.5,15.96,1.8,1 cup,262
Papad,Beans and Lentils,371,25.56,59.87,3.25,No data available,No data available
Beans Baked Canned No Salt Added,Beans and Lentils,105,4.8,20.49,0.4,1 cup,253
Cooked Blackeyed Peas,Beans and Lentils,97,3.17,20.32,0.38,1 cup,165
Edamame,Beans and Lentils,121,11.91,8.91,5.2,1 cup,155
Fava Beans (Raw),Beans and Lentils,88,7.92,17.63,0.73,1 cup,126
Beans Chili Barbecue Ranch Style Cooked,Beans and Lentils,97,5,16.9,1,1 cup,253
Luncheon Slices Meatless,Beans and Lentils,189,17.78,4.44,11.11,1 slice/ thin,14
Meatballs Meatless,Beans and Lentils,197,21,8,9,1 cup,144
Vegetarian Fillets,Beans and Lentils,290,23,9,18,1 fillet,85
Sandwich Spread Meatless,Beans and Lentils,149,8,9,9,1 tbsp,15
Soybean Curd Cheese,Beans and Lentils,151,12.5,6.9,8.1,1 cup,225
Green Soybeans,Beans and Lentils,147,12.95,11.05,6.8,1 cup,256
Cooked Green Soybeans,Beans and Lentils,141,12.35,11.05,6.4,1 cup,180
Peanut Butter Reduced Sodium,Beans and Lentils,590,24,21.83,49.9,1 tbsp,16
Vermicelli Made From Soy,Beans and Lentils,331,0.1,82.32,0.1,1 cup,140
Beans Liquid From Stewed Kidney Beans,Beans and Lentils,47,1.8,2.8,3.2,1 cup,240
Chicken Meatless,Beans and Lentils,224,23.64,3.64,12.73,1 cup,168
Frankfurter Meatless,Beans and Lentils,233,19.61,7.7,13.73,1 cup/ sliced,140
Vegetarian Meatloaf Or Patties,Beans and Lentils,197,21,8,9,1 slice,56
Bacon Bits Meatless,Beans and Lentils,476,32,28.6,25.9,1 tbsp,7
Cooked Broadbeans,Beans and Lentils,62,4.8,10.1,0.5,No data available,No data available
Lentils Raw,Beans and Lentils,352,24.63,63.35,1.06,1 cup,192
Lentils (Cooked),Beans and Lentils,116,9.02,20.13,0.38,1 cup,198
Lima Beans Thin Seeded (Baby) Mature Seeds Cooked Boiled Without Salt,Beans and Lentils,126,8.04,23.31,0.38,1 cup,182
Lupins Mature Seeds Raw,Beans and Lentils,371,36.17,40.37,9.74,1 cup,180
Boiled Lupin Beans,Beans and Lentils,119,15.57,9.88,2.92,1 cup,166
Mothbeans Mature Seeds Raw,Beans and Lentils,343,22.94,61.52,1.61,1 cup,196
Mothbeans Mature Seeds Cooked Boiled Without Salt,Beans and Lentils,117,7.81,20.96,0.55,1 cup,177
Mungo Beans (Cooked),Beans and Lentils,105,7.54,18.34,0.55,1 cup,180
Peas Green Split Mature Seeds Raw,Beans and Lentils,364,23.12,61.63,3.89,1 cup,197
Split Peas,Beans and Lentils,118,8.34,21.1,0.39,1 cup,196
Raw Peanuts,Beans and Lentils,567,25.8,16.13,49.24,1 oz,28.4
Peanuts Spanish Oil-Roasted With Salt,Beans and Lentils,579,28.01,17.45,49.04,1 cup,147
Peanuts Valencia Raw,Beans and Lentils,570,25.09,20.91,47.58,1 cup,146
Peanuts Valencia Oil-Roasted With Salt,Beans and Lentils,589,27.04,16.3,51.24,1 cup,144
Peanuts Virginia Raw,Beans and Lentils,563,25.19,16.54,48.75,1 cup,146
Peanut Flour Low Fat,Beans and Lentils,428,33.8,31.27,21.9,1 cup,60
Pigeon Peas (Red Gram) Mature Seeds Raw,Beans and Lentils,343,21.7,62.78,1.49,1 cup,205
Pigeon Peas (Red Gram) Mature Seeds Cooked Boiled Without Salt,Beans and Lentils,121,6.76,23.25,0.38,1 cup,168
Refried Beans Canned Traditional Style (Includes USDA Commodity),Beans and Lentils,90,4.98,13.55,2.01,1 cup,238
Bacon Meatless,Beans and Lentils,309,11.69,5.31,29.52,1 cup,144
Soybeans Mature Seeds Roasted Salted,Beans and Lentils,469,38.55,30.22,25.4,1 cup,172
Dry-Roasted Soybeans,Beans and Lentils,449,43.32,28.98,21.62,1 cup,93
Miso,Beans and Lentils,198,12.79,25.37,6.01,1 tbsp,17
Natto,Beans and Lentils,211,19.4,12.68,11,1 cup,175
Soy Flour Low-Fat,Beans and Lentils,372,49.81,30.63,8.9,1 cup/ stirred,88
Soy Meal Defatted Raw,Beans and Lentils,337,49.2,35.89,2.39,1 cup,122
Vanilla Soy Milk,Beans and Lentils,54,3.27,6.28,1.75,1 cup,243
Soy Protein Concentrate Produced By Alcohol Extraction,Beans and Lentils,328,63.63,25.41,0.46,1 oz,28.4
Firm Tofu (With Calcium And Magnesium),Beans and Lentils,78,9.04,2.85,4.17,1/2 cup,126
Soft Tofu,Beans and Lentils,61,7.17,1.18,3.69,1 piece (2-1/2 inch x 2-3/4 inch x 1 inch),120
Tofu Dried-Frozen (Koyadofu),Beans and Lentils,477,52.47,10.03,30.34,1 piece,17
Tofu Fried,Beans and Lentils,270,18.82,8.86,20.18,1 oz,28.4
Okara,Beans and Lentils,76,3.52,12.23,1.73,1 cup,122
Winged Beans Mature Seeds Cooked Boiled Without Salt,Beans and Lentils,147,10.62,14.94,5.84,1 cup,172
Hummus (Homemade),Beans and Lentils,177,4.86,20.12,8.59,1 tablespoon,15
Falafel,Beans and Lentils,333,13.31,31.84,17.8,1 patty (approx 2-1/4 inch dia),17
Soy Milk Original And Vanilla With Added Calcium Vitamins A And D,Beans and Lentils,43,2.6,4.92,1.47,1 cup,243
Peanut Spread Reduced Sugar,Beans and Lentils,650,24.8,14.23,54.89,2 tbsp,31
Peanut Butter Smooth Reduced Fat,Beans and Lentils,520,25.9,35.65,34,2 tablespoon,36
Peanut Butter Smooth Vitamin And Mineral Fortified,Beans and Lentils,591,25.72,18.75,50.81,2 tbsp,32
Peanut Butter Chunky Vitamin And Mineral Fortified,Beans and Lentils,593,26.06,17.69,51.47,2 tbsp,32
Mori-Nu Tofu Silken Firm,Beans and Lentils,62,6.9,2.4,2.7,1 slice,84
Mori-Nu Tofu Silken Extra Firm,Beans and Lentils,55,7.4,2,1.9,1 slice,84
Mori-Nu Tofu Silken Lite Firm,Beans and Lentils,37,6.3,1.1,0.8,1 slice,84
Mori-Nu Tofu Silken Lite Extra Firm,Beans and Lentils,38,7,1,0.7,1 slice,84
Refried Beans Canned Fat-Free,Beans and Lentils,79,5.34,13.5,0.45,1 cup,231
Frijoles Rojos Volteados (Refried Beans Red Canned),Beans and Lentils,144,5,15.47,6.93,1 cup,233
Tempeh Cooked,Beans and Lentils,195,19.91,7.62,11.38,No data available,No data available
Vitasoy Usa Nasoya Lite Firm Tofu,Beans and Lentils,54,8.3,1.3,1.7,1/5 package,79
Peanut Butter (Chunk Style),Beans and Lentils,589,24.06,21.57,49.94,2 tbsp,32
Unsalted Peanut Butter (Smooth),Beans and Lentils,598,22.21,22.31,51.36,2 tbsp,32
Peanut Butter With Omega-3 Creamy,Beans and Lentils,608,24.47,17,54.17,1 tbsp,16
Pigeon Peas (Red Gram) Mature Seeds Cooked Boiled With Salt,Beans and Lentils,121,6.76,23.25,0.38,1 cup,168
Soy Sauce Made From Soy And Wheat (Shoyu) Low Sodium,Beans and Lentils,57,9.05,5.59,0.3,1 tbsp,14.2
Soy Sauce Reduced Sodium Made From Hydrolyzed Vegetable Protein,Beans and Lentils,90,8.19,14.44,0.31,1 tbsp,15
Firm Tofu,Beans and Lentils,144,17.27,2.78,8.72,1/2 cup,126
Tofu Prepared With Calcium,Beans and Lentils,76,8.08,1.87,4.78,1/2 cup,124
Winged Beans Mature Seeds Cooked Boiled With Salt,Beans and Lentils,147,10.62,14.94,5.84,1 cup,172
Beans Adzuki Mature Seeds Raw,Beans and Lentils,329,19.87,62.9,0.53,1 cup,197
Adzuki Beans,Beans and Lentils,128,7.52,24.77,0.1,1 cup,230
Beans Adzuki Mature Seeds Canned Sweetened,Beans and Lentils,237,3.8,55.01,0.03,1 cup,296
Yokan Prepared From Adzuki Beans And Sugar,Beans and Lentils,260,3.29,60.72,0.12,1 slice,14
Baked Beans,Beans and Lentils,155,5.54,21.63,5.15,1 cup,253
Beans Baked Canned With Pork And Sweet Sauce,Beans and Lentils,105,4.52,21.57,0.89,1 cup,249
Beans Baked Canned With Pork And Tomato Sauce,Beans and Lentils,94,5.15,18.69,0.93,1 cup,246
Beans Black Mature Seeds Raw,Beans and Lentils,341,21.6,62.36,1.42,1 cup,194
Black Beans,Beans and Lentils,132,8.86,23.71,0.54,1 cup,172
Cranberry Beans (Roman Beans),Beans and Lentils,136,9.34,24.46,0.46,1 cup,177
Canned Cranberry Beans,Beans and Lentils,83,5.54,15.12,0.28,1 cup,260
Beans French Mature Seeds Raw,Beans and Lentils,343,18.81,64.11,2.02,1 cup,184
Beans French Mature Seeds Cooked Boiled Without Salt,Beans and Lentils,129,7.05,24.02,0.76,1 cup,177
Kidney Beans,Beans and Lentils,127,8.67,22.8,0.5,1 cup,177
Canned Kidney Beans,Beans and Lentils,84,5.22,14.5,0.6,1 cup,256
Beans Kidney California Red Mature Seeds Raw,Beans and Lentils,330,24.37,59.8,0.25,1 cup,184
California Red Kidney Beans,Beans and Lentils,124,9.13,22.41,0.09,1 cup,177
Beans Kidney Red Mature Seeds Raw,Beans and Lentils,337,22.53,61.29,1.06,1 cup,184
Beans Navy Mature Seeds Raw,Beans and Lentils,337,22.33,60.75,1.5,1 cup,208
Navy Beans,Beans and Lentils,140,8.23,26.05,0.62,1 cup,182
Canned Navy Beans,Beans and Lentils,113,7.53,20.45,0.43,1 cup,262
Beans Pink Mature Seeds Raw,Beans and Lentils,343,20.96,64.19,1.13,1 cup,210
Beans Small White Mature Seeds Raw,Beans and Lentils,336,21.11,62.25,1.18,1 cup,215
Cooked Small White Beans,Beans and Lentils,142,8.97,25.81,0.64,1 cup,179
Beans Yellow Mature Seeds Raw,Beans and Lentils,345,22,60.7,2.6,1 cup,196
Beans Yellow Mature Seeds Cooked Boiled Without Salt,Beans and Lentils,144,9.16,25.28,1.08,1 cup,177
Broad Beans (Fava),Beans and Lentils,110,7.6,19.65,0.4,1 cup,170
Broadbeans (Fava Beans) Mature Seeds Canned,Beans and Lentils,71,5.47,12.41,0.22,1 cup,256
Carob Flour,Beans and Lentils,222,4.62,88.88,0.65,1 cup,103
Chickpeas (Garbanzo Beans Bengal Gram) Mature Seeds Raw,Beans and Lentils,378,20.47,62.95,6.04,1 cup,200
Chickpeas (Garbanzo Beans) (Cooked),Beans and Lentils,164,8.86,27.42,2.59,1 cup,164
Cowpeas Common (Blackeyes Crowder Southern) Mature Seeds Raw,Beans and Lentils,336,23.52,60.03,1.26,1 cup,167
Black-Eyed Peas (Cowpeas),Beans and Lentils,116,7.73,20.76,0.53,1 cup,171
Cowpeas Common (Blackeyes Crowder Southern) Mature Seeds Canned Plain,Beans and Lentils,77,4.74,13.63,0.55,1 cup,240
Cowpeas Common (Blackeyes Crowder Southern) Mature Seeds Canned With Pork,Beans and Lentils,83,2.74,16.53,1.6,1 cup,240
Vitasoy Usa Organic Nasoya Extra Firm Tofu,Beans and Lentils,98,10.1,2.6,5.2,1/5 package,79
Vitasoy Usa Organic Nasoya Firm Tofu,Beans and Lentils,84,8.9,2.3,4.4,1/5 package,79
Vitasoy Usa Organic Nasoya Silken Tofu,Beans and Lentils,47,4.8,1.4,2.5,1/5 package,91
Soy Milk (All Flavors) Enhanced,Beans and Lentils,45,2.94,3.45,1.99,1 cup,243
Soy Milk Original And Vanilla Light With Added Calcium Vitamins A And D,Beans and Lentils,30,2.38,3.51,0.77,1 cup,243
Soy Milk Chocolate And Other Flavors Light With Added Calcium Vitamins A And D,Beans and Lentils,47,2.1,8.24,0.64,1 cup,243
Soy Milk Original And Vanilla Light Unsweetened With Added Calcium Vitamins A And D,Beans and Lentils,34,2.62,3.85,0.85,1 cup,243
Soy Milk (All Flavors) Lowfat With Added Calcium Vitamins A And D,Beans and Lentils,43,1.65,7.2,0.62,1 cup,243
Silk Chocolate Soy Milk,Beans and Lentils,58,2.06,9.47,1.44,1 cup,243
Silk Light Plain Soy Milk,Beans and Lentils,29,2.47,3.29,0.82,1 cup,243
Silk Light Vanilla Soy Milk,Beans and Lentils,33,2.47,4.12,0.82,1 cup,243
Silk Light Chocolate Soy Milk,Beans and Lentils,49,2.06,9.05,0.62,1 cup,243
Silk Very Vanilla Soy Milk,Beans and Lentils,53,2.47,7.82,1.65,1 cup,243
Silk Nog Soy Milk,Beans and Lentils,74,2.46,12.3,1.64,1/2 cup,122
Silk Chai Soy Milk,Beans and Lentils,53,2.47,7.82,1.44,1 cup,243
Silk Mocha Soy Milk,Beans and Lentils,58,2.06,9.05,1.44,1 cup,243
Silk Raspberry Soy Yogurt,Beans and Lentils,88,2.35,17.65,1.18,1 container,170
Silk Peach Soy Yogurt,Beans and Lentils,94,2.35,18.82,1.18,1 container,170
Silk Black Cherry Soy Yogurt,Beans and Lentils,88,2.35,17.06,1.18,1 container,170
Silk Blueberry Soy Yogurt,Beans and Lentils,88,2.35,17.06,1.18,1 container,170
Silk Hazelnut Creamer,Beans and Lentils,133,0,20,6.67,1 tbsp,15
Vitasoy Usa Organic Nasoya Soft Tofu,Beans and Lentils,70,8.76,0.74,3.5,1/5 package,79
Fortified Silken Tofu,Beans and Lentils,43,8.21,0,1.1,1/5 package,91
Extra Firm Fortified Tofu,Beans and Lentils,92,10.18,1.82,4.9,3 oz,85
Vitasoy Usa Azumaya Silken Tofu,Beans and Lentils,43,4.82,0.58,2.4,1/5 package,91
House Foods Premium Soft Tofu,Beans and Lentils,59,6.38,2.19,2.71,2 oz,56
House Foods Premium Firm Tofu,Beans and Lentils,85,10.92,0.97,4.19,2 oz,56
Beans Adzuki Mature Seed Cooked Boiled With Salt,Beans and Lentils,128,7.52,24.77,0.1,1 cup,230
Beans Great Northern Mature Seeds Cooked Boiled With Salt,Beans and Lentils,118,8.33,21.09,0.45,1 cup,177
Beans Great Northern Mature Seeds Canned Low Sodium,Beans and Lentils,114,7.37,21.02,0.39,1 cup,262
Beans Kidney All Types Mature Seeds Cooked Boiled With Salt,Beans and Lentils,127,8.67,22.8,0.5,1 cup,177
Beans Kidney California Red Mature Seeds Cooked Boiled With Salt,Beans and Lentils,124,9.13,22.41,0.09,1 cup,177
Beans Navy Mature Seeds Cooked Boiled With Salt,Beans and Lentils,140,8.23,26.05,0.62,1 cup,182
Beans Pink Mature Seeds Cooked Boiled With Salt,Beans and Lentils,149,9.06,27.91,0.49,1 cup,169
Beans Pinto Mature Seeds Cooked Boiled With Salt,Beans and Lentils,143,9.01,26.22,0.65,1 cup,171
Beans Pinto Mature Seeds Canned Drained Solids Rinsed In Tap Water,Beans and Lentils,117,7.04,20.77,0.97,1 cup,169
Broadbeans (Fava Beans) Mature Seeds Cooked Boiled With Salt,Beans and Lentils,110,7.6,19.65,0.4,1 cup,170
Chickpeas (Garbanzo Beans Bengal Gram) Mature Seeds Cooked Boiled With Salt,Beans and Lentils,164,8.86,27.42,2.59,1 cup,164
Chickpeas (Garbanzo Beans Bengal Gram) Mature Seeds Canned Drained Solids,Beans and Lentils,139,7.05,22.53,2.77,1 can drained,253
Chickpeas (Garbanzo Beans Bengal Gram) Mature Seeds Canned Drained Rinsed In Tap Water,Beans and Lentils,138,7.04,22.87,2.47,1 can drained/ rinsed,254
Lima Beans Large Mature Seeds Cooked Boiled With Salt,Beans and Lentils,115,7.8,20.88,0.38,1 cup,188
Lima Beans Thin Seeded (Baby) Mature Seeds Cooked Boiled With Salt,Beans and Lentils,126,8.04,23.31,0.38,1 cup,182
Lupin Beans (Cooked),Beans and Lentils,116,15.57,9.29,2.92,1 cup,166
Mothbeans Mature Seeds Cooked Boiled With Salt,Beans and Lentils,117,7.81,20.96,0.55,1 cup,177
Peanuts Spanish Oil-Roasted Without Salt,Beans and Lentils,579,28.01,17.45,49.04,1 cup,147
Peanuts Valencia Oil-Roasted Without Salt,Beans and Lentils,589,27.04,16.3,51.24,1 cup,144
Peanuts Virginia Oil-Roasted Without Salt,Beans and Lentils,578,25.87,19.86,48.62,1 cup,143
Lima Beans Large Mature Seeds Raw,Beans and Lentils,338,21.46,63.38,0.69,1 cup,178
Lima Beans,Beans and Lentils,115,7.8,20.88,0.38,1 cup,188
Canned Mature (White) Lima Beans,Beans and Lentils,79,4.93,14.91,0.17,1 cup,241
Lima Beans Thin Seeded (Baby) Mature Seeds Raw,Beans and Lentils,335,20.62,62.83,0.93,1 cup,202
Mung Beans Mature Seeds Raw,Beans and Lentils,347,23.86,62.62,1.15,1 cup,207
Mung Beans (Cooked),Beans and Lentils,105,7.02,19.15,0.38,1 cup,202
Noodles Chinese Cellophane Or Long Rice (Mung Beans) Dehydrated,Beans and Lentils,351,0.16,86.09,0.06,1 cup,140
Mungo Beans Mature Seeds Raw,Beans and Lentils,341,25.21,58.99,1.64,1 cup,207
Peanuts All Types Cooked Boiled With Salt,Beans and Lentils,318,13.5,21.26,22.01,1 cup in shell/ edible yield,63
Peanuts All Types Oil-Roasted With Salt,Beans and Lentils,599,28.03,15.26,52.5,1 cup/ chopped,144
Peanuts All Types Dry-Roasted With Salt,Beans and Lentils,587,24.35,21.26,49.66,1 oz,28.4
Peanuts Spanish Raw,Beans and Lentils,570,26.15,15.83,49.6,1 cup,146
Peanuts Virginia Oil-Roasted With Salt,Beans and Lentils,578,25.87,19.86,48.62,1 cup,143
Peanut Butter Chunk Style With Salt,Beans and Lentils,589,24.06,21.57,49.94,2 tbsp,32
Peanut Butter Smooth Style With Salt,Beans and Lentils,598,22.21,22.31,51.36,2 tbsp,32
Peanut Flour Defatted,Beans and Lentils,327,52.2,34.7,0.55,1 cup,60
Meat Extender,Beans and Lentils,311,41.71,34.71,2.97,1 cup,88
Sausage Meatless,Beans and Lentils,255,20.28,8.09,18.16,1 link,25
Soybeans Mature Seeds Raw,Beans and Lentils,446,36.49,30.16,19.94,1 cup,186
Boiled Soybeans (Edamame),Beans and Lentils,172,18.21,8.36,8.97,1 cup,172
Tempeh,Beans and Lentils,192,20.29,7.64,10.8,1 cup,166
Soy Flour Full-Fat Raw,Beans and Lentils,434,37.81,31.92,20.65,1 cup/ stirred,84
Soy Flour Full-Fat Roasted,Beans and Lentils,439,38.09,30.38,21.86,1 cup/ stirred,85
Soy Flour Defatted,Beans and Lentils,327,51.46,33.92,1.22,1 cup,105
Soy Protein Powder (Isolate),Beans and Lentils,335,88.32,0,3.39,1 oz,28.4
Soy Sauce,Beans and Lentils,53,8.14,4.93,0.57,1 tbsp,16
Tamari,Beans and Lentils,60,10.51,5.57,0.1,1 tbsp,18
Soy Sauce Made From Hydrolyzed Vegetable Protein,Beans and Lentils,60,7,7.84,0.51,1 tbsp,18
Stinky Tofu,Beans and Lentils,116,8.92,4.38,8,1 block,11
Yardlong Beans Mature Seeds Raw,Beans and Lentils,347,24.33,61.91,1.31,1 cup,167
Yardlong Beans Mature Seeds Cooked Boiled Without Salt,Beans and Lentils,118,8.29,21.09,0.45,1 cup,171
Winged Beans Mature Seeds Raw,Beans and Lentils,409,29.65,41.71,16.32,1 cup,182
Lentils Pink Or Red Raw,Beans and Lentils,358,23.91,63.1,2.17,1 cup,192
Beans Kidney Red Mature Seeds Canned Drained Solids,Beans and Lentils,124,7.98,21.49,1.05,1 can drained solids,266
Beans Pinto Canned Drained Solids,Beans and Lentils,114,6.99,20.22,0.9,1 can drained solids,277
Veggie Burgers,Beans and Lentils,177,15.7,14.27,6.3,1 pattie,70
Chickpea Flour (Besan),Beans and Lentils,387,22.39,57.82,6.69,1 cup,92
Hummus (Commercial),Beans and Lentils,237,7.78,15,17.82,1 tbsp,15
Tofu Extra Firm Prepared With Nigari,Beans and Lentils,83,9.98,1.18,5.26,1/5 block,91
Tofu Hard Prepared With Nigari,Beans and Lentils,145,12.68,4.39,9.99,1/4 block,122
Mori-Nu Tofu Silken Soft,Beans and Lentils,55,4.8,2.9,2.7,1 slice,84
Soy Milk Chocolate Unfortified,Beans and Lentils,63,2.26,9.95,1.53,1 cup,243
Peanut Butter (Smooth),Beans and Lentils,588,21.93,23.98,49.54,2 tbsp,32
Fortified Chocolate Soy Milk,Beans and Lentils,63,2.26,9.95,1.53,1 cup,243
Canned Refried Beans,Beans and Lentils,83,5.28,13.5,0.87,1 cup,242
Vitasoy Usa Organic Nasoya Super Firm Cubed Tofu,Beans and Lentils,118,12.4,2.8,6.3,1/5 package,79
Refried Beans Canned Traditional Reduced Sodium,Beans and Lentils,89,4.98,13.55,2.01,1 cup,238
Soybeans Mature Seeds Cooked Boiled With Salt,Beans and Lentils,172,18.21,8.36,8.97,1 cup,172
Soybeans Mature Seeds Roasted No Salt Added,Beans and Lentils,469,38.55,30.22,25.4,1 cup,172
Soy Protein Concentrate Produced By Acid Wash,Beans and Lentils,328,63.63,25.41,0.46,1 oz,28.4
Soy Protein Isolate Potassium Type,Beans and Lentils,321,88.32,2.59,0.53,1 oz,28.4
Tofu Dried-Frozen (Koyadofu) Prepared With Calcium Sulfate,Beans and Lentils,470,52.43,8.3,30.34,1 piece,17
Tofu Fried Prepared With Calcium Sulfate,Beans and Lentils,270,18.82,8.86,20.18,1 piece,13
Tofu Salted And Fermented (Fuyu) Prepared With Calcium Sulfate,Beans and Lentils,116,8.15,5.15,8,1 block,11
Yardlong Beans Mature Seeds Cooked Boiled With Salt,Beans and Lentils,118,8.29,21.09,0.45,1 cup,171
Canned Baked Beans,Beans and Lentils,94,4.75,21.14,0.37,1 cup,254
Canned Baked Beans With Beef,Beans and Lentils,121,6.38,16.91,3.45,1 cup,266
Beans Baked Canned With Franks,Beans and Lentils,142,6.75,15.39,6.57,1 cup,259
Beans Baked Canned With Pork,Beans and Lentils,106,5.19,19.99,1.55,1 cup,253
Beans Black Turtle Mature Seeds Raw,Beans and Lentils,339,21.25,63.25,0.9,1 cup,184
Black Turtle Beans,Beans and Lentils,130,8.18,24.35,0.35,1 cup,185
Beans Black Turtle Mature Seeds Canned,Beans and Lentils,91,6.03,16.55,0.29,1 cup,240
Beans Cranberry (Roman) Mature Seeds Raw,Beans and Lentils,335,23.03,60.05,1.23,1 cup,195
Beans Great Northern Mature Seeds Raw,Beans and Lentils,339,21.86,62.37,1.14,1 cup,183
Great Northern Beans,Beans and Lentils,118,8.33,21.09,0.45,1 cup,177
Beans Great Northern Mature Seeds Canned,Beans and Lentils,114,7.37,21.02,0.39,1 cup,262
Beans Kidney All Types Mature Seeds Raw,Beans and Lentils,333,23.58,60.01,0.83,1 cup,184
Cooked Red Kidney Beans,Beans and Lentils,127,8.67,22.8,0.5,1 cup,177
Canned Red Kidney Beans,Beans and Lentils,81,5.22,14.83,0.36,1 cup,256
Beans Kidney Royal Red Mature Seeds Raw,Beans and Lentils,329,25.33,58.33,0.45,1 cup,184
Boiled Red Kidney Beans,Beans and Lentils,123,9.49,21.85,0.17,1 cup,177
Beans Pink Mature Seeds Cooked Boiled Without Salt,Beans and Lentils,149,9.06,27.91,0.49,1 cup,169
Beans Pinto Mature Seeds Raw,Beans and Lentils,347,21.42,62.55,1.23,1 cup,193
Pinto Beans (Cooked),Beans and Lentils,143,9.01,26.22,0.65,1 cup,171
Beans Pinto Mature Seeds Canned Solids And Liquids,Beans and Lentils,82,4.6,15.18,0.56,1 cup,240
Beans White Mature Seeds Raw,Beans and Lentils,333,23.36,60.27,0.85,1 cup,202
Cooked Large White Beans,Beans and Lentils,139,9.73,25.09,0.35,1 cup,179
Beans White Mature Seeds Canned,Beans and Lentils,114,7.26,21.2,0.29,1 cup,262
Broadbeans (Fava Beans) Mature Seeds Raw,Beans and Lentils,341,26.12,58.29,1.53,1 cup,150
Chickpeas (Garbanzo Beans Bengal Gram) Mature Seeds Canned Solids And Liquids,Beans and Lentils,88,4.92,13.49,1.95,1 cup,240
Canned Chili With Beans,Beans and Lentils,103,6.12,13.24,3.76,1 cup,256
Cowpeas Catjang Mature Seeds Raw,Beans and Lentils,343,23.85,59.64,2.07,1 cup,167
Cooked Catjang Beans,Beans and Lentils,117,8.13,20.32,0.71,1 cup,171
Hyacinth Beans Mature Seeds Raw,Beans and Lentils,344,23.9,60.74,1.69,1 cup,210
Hyacinth Beans Mature Seeds Cooked Boiled Without Salt,Beans and Lentils,117,8.14,20.69,0.58,1 cup,194
Vitasoy Usa Vitasoy Organic Creamy Original Soy Milk,Beans and Lentils,44,2.9,4.5,1.6,1 cup,243
Vitasoy Usa Vitasoy Organic Classic Original Soy Milk,Beans and Lentils,47,3.2,4.5,1.8,1 cup,243
Vitasoy Usa Vitasoy Light Vanilla Soy Milk,Beans and Lentils,30,1.6,4.1,0.82,1 cup,243
Soy Milk,Beans and Lentils,33,2.86,1.74,1.61,1 cup,243
Soy Milk (All Flavors) Nonfat With Added Calcium Vitamins A And D,Beans and Lentils,28,2.47,4.14,0.04,1 cup,243
Soy Milk Chocolate Nonfat With Added Calcium Vitamins A And D,Beans and Lentils,44,2.47,8.51,0.04,1 cup,243
Silk (Soy Milk),Beans and Lentils,41,2.88,3.29,1.65,1 cup,243
Silk Vanilla Soy Milk,Beans and Lentils,41,2.47,4.12,1.44,1 cup,243
Silk Plus Omega-3 Dha Soy Milk,Beans and Lentils,45,2.88,3.29,2.06,1 cup,243
Silk Plus For Bone Health Soy Milk,Beans and Lentils,41,2.47,4.53,1.44,1 cup,243
Silk Plus Fiber Soy Milk,Beans and Lentils,41,2.47,5.76,1.44,1 cup,243
Unsweetened Soy Milk,Beans and Lentils,33,2.88,1.65,1.65,1 cup,243
Silk Coffee Soy Milk,Beans and Lentils,62,2.06,10.29,1.44,1 cup,243
Silk Vanilla Soy Yogurt (Family Size),Beans and Lentils,79,2.64,13.66,1.76,1 container,227
Silk Vanilla Soy Yogurt (Single Serving Size),Beans and Lentils,88,2.94,14.71,1.76,1 container,170
Silk Plain Soy Yogurt,Beans and Lentils,66,2.64,9.69,1.76,1 container,227
Silk Strawberry Soy Yogurt,Beans and Lentils,94,2.35,18.24,1.18,1 container,170
Silk Key Lime Soy Yogurt,Beans and Lentils,88,2.35,17.65,1.18,1 container,170
Silk Banana-Strawberry Soy Yogurt,Beans and Lentils,88,2.35,17.06,1.18,1 container,170
Silk Original Creamer,Beans and Lentils,100,0,6.67,6.67,1 tbsp,15
Silk French Vanilla Creamer,Beans and Lentils,133,0,20,6.67,1 tbsp,15
Vitasoy Usa Organic Nasoya Tofu Plus Firm,Beans and Lentils,74,9.19,1.71,3.4,3 oz,85
Vitasoy Usa Organic Nasoya Sprouted Tofu Plus Super Firm,Beans and Lentils,115,13.24,2.16,5.9,3 oz,85
Vitasoy Usa Azumaya Extra Firm Tofu,Beans and Lentils,88,10.07,1.53,4.6,1/5 package,79
Vitasoy Usa Azumaya Firm Tofu,Beans and Lentils,80,9.08,1.52,4.2,1/5 package,79
Beans Black Mature Seeds Cooked Boiled With Salt,Beans and Lentils,132,8.86,23.71,0.54,1 cup,172
Beans Black Mature Seeds Canned Low Sodium,Beans and Lentils,91,6.03,16.55,0.29,1 cup,240
Beans Black Turtle Mature Seeds Cooked Boiled With Salt,Beans and Lentils,130,8.18,24.35,0.35,1 cup,185
Beans Cranberry (Roman) Mature Seeds Cooked Boiled With Salt,Beans and Lentils,136,9.34,24.46,0.46,1 cup,177
Beans French Mature Seeds Cooked Boiled With Salt,Beans and Lentils,129,7.05,24.02,0.76,1 cup,177
Beans Kidney Red Mature Seeds Cooked Boiled With Salt,Beans and Lentils,127,8.67,22.8,0.5,1 cup,177
Beans Kidney Red Mature Seeds Canned Drained Solids Rinsed In Tap Water,Beans and Lentils,121,8.12,20.8,0.93,1 cup cup rinsed solids,158
Beans Kidney Royal Red Mature Seeds Cooked Boiled With Salt,Beans and Lentils,123,9.49,21.85,0.17,1 cup,177
Beans Kidney Red Mature Seeds Canned Solids And Liquid Low Sodium,Beans and Lentils,81,5.22,14.83,0.36,1 cup,256
Beans Small White Mature Seeds Cooked Boiled With Salt,Beans and Lentils,142,8.97,25.81,0.64,1 cup,179
Beans Pinto Mature Seeds Canned Solids And Liquids Low Sodium,Beans and Lentils,82,4.6,15.18,0.56,1 cup,240
Beans Yellow Mature Seeds Cooked Boiled With Salt,Beans and Lentils,144,9.16,25.28,1.08,1 cup,177
Beans White Mature Seeds Cooked Boiled With Salt,Beans and Lentils,139,9.73,25.09,0.35,1 cup,179
Chickpeas (Garbanzo Beans Bengal Gram) Mature Seeds Canned Solids And Liquids Low Sodium,Beans and Lentils,88,4.92,13.49,1.95,1 cup,240
Cowpeas Catjang Mature Seeds Cooked Boiled With Salt,Beans and Lentils,117,8.13,20.32,0.71,1 cup,171
Cowpeas Common (Blackeyes Crowder Southern) Mature Seeds Cooked Boiled With Salt,Beans and Lentils,116,7.73,20.76,0.53,1 cup,171
Hyacinth Beans Mature Seeds Cooked Boiled With Salt,Beans and Lentils,117,8.14,20.7,0.58,1 cup,194
Lentils Mature Seeds Cooked Boiled With Salt,Beans and Lentils,114,9.02,19.54,0.38,1 cup,198
Mung Beans Mature Seeds Cooked Boiled With Salt,Beans and Lentils,105,7.02,19.15,0.38,1 cup,202
Mungo Beans Mature Seeds Cooked Boiled With Salt,Beans and Lentils,105,7.54,18.34,0.55,1 cup,180
Peas Split Mature Seeds Cooked Boiled With Salt,Beans and Lentils,116,8.34,20.51,0.39,1 cup,196
Peanuts All Types Oil-Roasted Without Salt,Beans and Lentils,599,28.03,15.26,52.5,1 cup/,144
Beans Dry Cooked Ns As To Type And As To Fat Added In Cooking,Beans and Lentils,197,8.3,24.15,7.94,1 cup,180
Beans Dry Cooked Ns As To Type Fat Added In Cooking,Beans and Lentils,197,8.3,24.15,7.94,1 cup,180
Beans Dry Cooked Ns As To Type Fat Not Added In Cooking,Beans and Lentils,142,8.96,26.07,0.65,1 cup,180
Beans Canned Drained Ns As To Type And As To Fat Added In Cooking,Beans and Lentils,189,7.12,23.49,7.9,1 cup,180
Beans Canned Drained Ns As To Type Fat Added In Cooking,Beans and Lentils,189,7.12,23.49,7.9,1 cup,180
Beans Canned Drained Ns As To Type Fat Not Added In Cooking,Beans and Lentils,137,7.66,25.27,0.93,1 cup,180
White Beans Dry Cooked Ns As To Fat Added In Cooking,Beans and Lentils,191,8.99,23.2,7.36,1 cup,180
White Beans Dry Cooked Fat Added In Cooking Ns As To Type Of Fat,Beans and Lentils,191,8.99,23.2,7.36,1 cup,180
White Beans Dry Cooked Made With Oil,Beans and Lentils,191,8.99,23.2,7.36,1 cup,180
White Beans Dry Cooked Made With Animal Fat Or Meat Drippings,Beans and Lentils,185,9.18,23.29,6.45,1 cup,180
White Beans Dry Cooked Made With Margarine,Beans and Lentils,167,8.98,23.18,4.73,1 cup,180
White Beans Dry Cooked Fat Not Added In Cooking,Beans and Lentils,138,9.68,24.95,0.35,1 cup,180
White Beans Canned Drained Fat Added In Cooking Ns As To Type Of Fat,Beans and Lentils,218,10.07,28.74,7.57,1 cup,180
White Beans Canned Drained Made With Oil,Beans and Lentils,218,10.07,28.74,7.57,1 cup,180
White Beans Canned Drained Fat Not Added In Cooking,Beans and Lentils,168,10.84,30.91,0.57,1 cup,180
White Beans Canned Drained Low Sodium Ns As To Fat Added In Cooking,Beans and Lentils,218,10.07,28.74,7.57,1 cup/ nfs,180
White Beans Canned Drained Low Sodium Fat Added In Cooking,Beans and Lentils,218,10.07,28.74,7.57,1 cup,180
White Beans Canned Drained Low Sodium Fat Not Added In Cooking,Beans and Lentils,168,10.84,30.91,0.57,1 cup,180
Black Brown Or Bayo Beans Dry Cooked Ns As To Fat Added In Cooking,Beans and Lentils,184,8.19,21.93,7.5,1 cup,180
Black Brown Or Bayo Beans Dry Cooked Fat Added In Cooking Ns As To Type Of Fat,Beans and Lentils,184,8.19,21.93,7.5,1 cup,180
Black Brown Or Bayo Beans Dry Cooked Made With Oil,Beans and Lentils,186,8.17,21.85,7.8,1 cup,180
Black Brown Or Bayo Beans Dry Cooked Made With Animal Fat Or Meat Drippings,Beans and Lentils,178,8.38,22.02,6.6,1 cup,180
Black Brown Or Bayo Beans Dry Cooked Made With Margarine,Beans and Lentils,161,8.18,21.91,4.88,1 cup,180
Black Brown Or Bayo Beans Dry Cooked Fat Not Added In Cooking,Beans and Lentils,131,8.81,23.58,0.54,1 cup,180
Black Brown Or Bayo Beans Canned Drained Ns As To Fat Added In Cooking,Beans and Lentils,187,8.24,22.62,7.43,1 cup,180
Black Brown Or Bayo Beans Canned Drained Fat Added In Cooking Ns As To Type Of Fat,Beans and Lentils,187,8.24,22.62,7.43,1 cup,180
Black Brown Or Bayo Beans Canned Drained Made With Oil,Beans and Lentils,187,8.24,22.62,7.43,1 cup,180
Black Brown Or Bayo Beans Canned Drained Made With Animal Fat Or Meat Drippings,Beans and Lentils,181,8.43,22.72,6.52,1 cup,180
Black Brown Or Bayo Beans Canned Drained Made With Margarine,Beans and Lentils,163,8.23,22.61,4.8,1 cup,180
Black Brown Or Bayo Beans Canned Drained Fat Not Added In Cooking,Beans and Lentils,134,8.87,24.34,0.43,1 cup,180
Black Brown Or Bayo Beans Canned Drained Low Sodium Ns As To Fat Added In Cooking,Beans and Lentils,187,8.24,22.62,7.43,1 cup,180
Black Brown Or Bayo Beans Canned Drained Low Sodium Fat Added In Cooking,Beans and Lentils,187,8.24,22.62,7.43,1 cup,180
Black Brown Or Bayo Beans Canned Drained Low Sodium Fat Not Added In Cooking,Beans and Lentils,134,8.87,24.34,0.43,1 cup,180
Fava Beans Dry Cooked Ns As To Fat Added In Cooking,Beans and Lentils,167,7,18.09,7.75,1 cup,180
Fava Beans Dry Cooked Fat Added In Cooking,Beans and Lentils,167,7,18.09,7.75,1 cup,180
Fava Beans Dry Cooked Fat Not Added In Cooking,Beans and Lentils,109,7.56,19.54,0.4,1 cup,180
Fava Beans Canned Drained Fat Added In Cooking,Beans and Lentils,163,7.01,18.13,7.34,1 cup,180
Lima Beans Dry Cooked Ns As To Fat Added In Cooking,Beans and Lentils,166,7.24,19.37,7.08,1 cup,180
Lima Beans Dry Cooked Fat Added In Cooking Ns As To Type Of Fat,Beans and Lentils,166,7.24,19.37,7.08,1 cup,180
Lima Beans Dry Cooked Made With Oil,Beans and Lentils,166,7.24,19.37,7.08,1 cup,180
Lima Beans Dry Cooked Made With Animal Fat Or Meat Drippings,Beans and Lentils,161,7.41,19.45,6.21,1 cup,180
Lima Beans Dry Cooked Made With Margarine,Beans and Lentils,144,7.22,19.37,4.56,1 cup,180
Lima Beans Dry Cooked Fat Not Added In Cooking,Beans and Lentils,114,7.76,20.77,0.38,1 cup,180
Pink Beans Dry Cooked Ns As To Fat Added In Cooking,Beans and Lentils,203,8.34,25.69,7.87,1 cup,180
Pink Beans Dry Cooked Fat Not Added In Cooking,Beans and Lentils,148,9.01,27.75,0.49,1 cup,180
Pink Beans Dry Cooked Fat Added In Cooking,Beans and Lentils,203,8.34,25.69,7.87,1 cup,180
Pink Beans Canned Drained Fat Added In Cooking,Beans and Lentils,200,8.35,25.74,7.48,1 cup,180
Pink Beans Canned Drained Fat Not Added In Cooking,Beans and Lentils,148,8.98,27.68,0.49,1 cup,180
Pinto Calico Or Red Mexican Beans Dry Cooked Ns As To Fat Added In Cooking,Beans and Lentils,197,8.3,24.15,7.94,1 cup,180
Pinto Calico Or Red Mexican Beans Dry Cooked Fat Added In Cooking Ns As To Type Of Fat,Beans and Lentils,197,8.3,24.15,7.94,1 cup,180
Pinto Calico Or Red Mexican Beans Dry Cooked Made With Oil,Beans and Lentils,197,8.3,24.15,7.94,1 cup,180
Pinto Calico Or Red Mexican Beans Dry Cooked Made With Animal Fat Or Meat Drippings,Beans and Lentils,191,8.49,24.26,6.99,1 cup,180
Pinto Calico Or Red Mexican Beans Dry Cooked Made With Margarine,Beans and Lentils,172,8.28,24.13,5.19,1 cup,180
Pinto Calico Or Red Mexican Beans Dry Cooked Fat Not Added In Cooking,Beans and Lentils,142,8.96,26.07,0.65,1 cup,180
Pinto Calico Or Red Mexican Beans Canned Drained Ns As To Fat Added In Cooking,Beans and Lentils,189,7.12,23.5,7.89,1 cup,180
Pinto Calico Or Red Mexican Beans Canned Drained Fat Added In Cooking Ns As To Type Of Fat,Beans and Lentils,189,7.12,23.5,7.89,1 cup,180
Pinto Calico Or Red Mexican Beans Canned Drained Made With Oil,Beans and Lentils,189,7.12,23.5,7.89,1 cup,180
Pinto Calico Or Red Mexican Beans Canned Drained Made With Animal Fat Or Meat Drippings,Beans and Lentils,183,7.3,23.59,6.99,1 cup,180
Pinto Calico Or Red Mexican Beans Canned Drained Made With Margarine,Beans and Lentils,166,7.11,23.48,5.26,1 cup,180
Pinto Calico Or Red Mexican Beans Canned Drained Fat Not Added In Cooking,Beans and Lentils,137,7.66,25.27,0.93,1 cup,180
Pinto Calico Or Red Mexican Beans Canned Drained Low Sodium Ns As To Fat Added In Cooking,Beans and Lentils,189,7.13,23.52,7.9,1 cup,178
Pinto Calico Or Red Mexican Beans Canned Drained Low Sodium Fat Added In Cooking,Beans and Lentils,189,7.13,23.52,7.9,1 cup,178
Pinto Calico Or Red Mexican Beans Canned Drained Low Sodium Fat Not Added In Cooking,Beans and Lentils,137,7.67,25.3,0.93,1 cup,173
Red Kidney Beans Dry Cooked Ns As To Fat Added In Cooking,Beans and Lentils,180,8.01,21.06,7.57,1 cup,180
Red Kidney Beans Dry Cooked Fat Added In Cooking Ns As To Type Of Fat,Beans and Lentils,180,8.01,21.06,7.57,1 cup,180
Red Kidney Beans Dry Cooked Made With Oil,Beans and Lentils,180,8.01,21.06,7.57,1 cup,180
Red Kidney Beans Dry Cooked Made With Animal Fat Or Meat Drippings,Beans and Lentils,174,8.19,21.15,6.65,1 cup,180
Red Kidney Beans Dry Cooked Made With Margarine,Beans and Lentils,157,7.99,21.05,4.91,1 cup,180
Red Kidney Beans Dry Cooked Fat Not Added In Cooking,Beans and Lentils,126,8.62,22.67,0.5,1 cup,180
Red Kidney Beans Canned Drained Fat Added In Cooking Ns As To Type Of Fat,Beans and Lentils,188,8.09,22.98,7.58,1 cup,180
Red Kidney Beans Canned Drained Made With Oil,Beans and Lentils,188,8.09,22.98,7.58,1 cup,180
Red Kidney Beans Canned Drained Fat Not Added In Cooking,Beans and Lentils,135,8.7,24.72,0.6,1 cup,180
Red Kidney Beans Canned Drained Low Sodium Ns As To Fat Added In Cooking,Beans and Lentils,188,8.09,22.98,7.6,1 cup,180
Red Kidney Beans Canned Drained Low Sodium Fat Added In Cooking,Beans and Lentils,188,8.09,22.98,7.6,1 cup,180
Red Kidney Beans Canned Drained Low Sodium Fat Not Added In Cooking,Beans and Lentils,135,8.7,24.72,0.6,1 cup,180
Yellow Canary Or Peruvian Beans Dry Cooked Ns As To Fat Added In Cooking,Beans and Lentils,195,8.47,23.38,8,1 cup,180
Yellow Canary Or Peruvian Beans Dry Cooked Fat Added In Cooking Ns As To Type Of Fat,Beans and Lentils,195,8.47,23.38,8,1 cup,180
Yellow Canary Or Peruvian Beans Dry Cooked Made With Oil,Beans and Lentils,195,8.47,23.38,8,1 cup,180
Yellow Canary Or Peruvian Beans Dry Cooked Made With Animal Fat Or Meat Drippings,Beans and Lentils,189,8.65,23.48,7.1,1 cup,180
Yellow Canary Or Peruvian Beans Dry Cooked Made With Margarine,Beans and Lentils,172,8.45,23.36,5.38,1 cup,180
Yellow Canary Or Peruvian Beans Dry Cooked Fat Not Added In Cooking,Beans and Lentils,143,9.11,25.14,1.07,1 cup,180
Yellow Canary Or Peruvian Beans Canned Drained Fat Added In Cooking Ns As To Type Of Fat,Beans and Lentils,195,8.45,23.32,7.97,1 cup,180
Soybeans Dry Cooked Fat Not Added In Cooking,Beans and Lentils,171,18.1,8.31,8.92,1 cup,180
Soybeans Dry Cooked Fat Added In Cooking,Beans and Lentils,223,16.78,7.7,15.57,1 cup,180
Soybeans Dry Cooked Ns As To Fat Added In Cooking,Beans and Lentils,223,16.78,7.7,15.57,1 cup,180
Mung Beans Dry Cooked Fat Not Added In Cooking,Beans and Lentils,104,6.98,19.06,0.38,1 cup,180
Mung Beans Dry Cooked Fat Added In Cooking,Beans and Lentils,154,6.55,17.86,6.64,1 cup,180
Mung Beans Dry Cooked Ns As To Fat Added In Cooking,Beans and Lentils,154,6.55,17.86,6.64,1 cup,180
Mung Beans Canned Drained Ns As To Fat Added In Cooking,Beans and Lentils,159,6.48,17.67,7.32,1 cup,180
Beans And Tomatoes Ns As To Fat Added In Cooking,Beans and Lentils,141,6.07,17.9,5.48,1 cup,242
Beans And Tomatoes Fat Not Added In Cooking,Beans and Lentils,101,6.28,18.97,0.48,1 cup,242
Beans And Tomatoes Fat Added In Cooking,Beans and Lentils,141,6.07,17.9,5.48,1 cup,242
Black Bean Salad,Beans and Lentils,109,3.92,15.65,3.88,1 cup,231
Refried Beans Fat Added In Cooking Ns As To Type Of Fat,Beans and Lentils,144,6.12,17.8,5.71,1 cup,253
Refried Beans Made With Oil,Beans and Lentils,144,6.12,17.8,5.71,1 cup,253
Refried Beans Made With Animal Fat Or Meat Drippings,Beans and Lentils,140,6.22,17.84,5.14,1 cup,253
Refried Beans Made With Margarine,Beans and Lentils,129,6.11,17.8,4.08,1 cup,253
Refried Beans Ns As To Fat Added In Cooking,Beans and Lentils,144,6.12,17.8,5.71,1 cup,253
Refried Beans With Cheese,Beans and Lentils,107,5.93,13,3.67,1 cup,253
Refried Beans With Meat,Beans and Lentils,116,7.28,17.38,2.17,1 cup,253
Beans And Franks,Beans and Lentils,138,6.74,17.29,5.22,1 cup,259
Beans Dry Cooked With Ground Beef,Beans and Lentils,203,11.97,19.02,9.06,1 cup,266
Beans Dry Cooked With Pork,Beans and Lentils,189,10.35,19.77,7.89,1 cup,178
Bean Cake,Beans and Lentils,408,5.63,49.66,21.2,1 cake,32
Stewed Beans With Pork Tomatoes And Chili Peppers Mexican Style,Beans and Lentils,136,5.48,9.67,8.46,1 cup,242
Stewed Red Beans Puerto Rican Style,Beans and Lentils,84,4.29,10.22,3.02,1 cup,250
Stewed Pink Beans With White Potatoes And Ham Puerto Rican Style,Beans and Lentils,86,4.16,10.54,3.04,1 cup,255
Stewed Pink Beans With Pig's Feet Puerto Rican Style,Beans and Lentils,143,9.18,7.9,8.28,1 cup/ with bone (yield after bone removed),202
Stewed Red Beans With Pig's Feet Puerto Rican Style,Beans and Lentils,142,9.28,7.78,8.26,1 cup/ with bone (yield after bone removed),202
Stewed Red Beans With Pig's Feet And Potatoes Puerto Rican Style,Beans and Lentils,151,9.47,9.7,8.27,1 cup/ with bone (yield after bone removed),220
Black Beans Cuban Style,Beans and Lentils,109,5.99,18.38,1.56,1 cup,270
Chili With Beans Without Meat,Beans and Lentils,42,2.39,8.19,0.33,1 cup,253
Cowpeas Dry Cooked Ns As To Fat Added In Cooking,Beans and Lentils,172,7.12,19.13,7.79,1 cup,180
Cowpeas Dry Cooked Fat Added In Cooking,Beans and Lentils,172,7.12,19.13,7.79,1 cup,180
Cowpeas Dry Cooked Fat Not Added In Cooking,Beans and Lentils,115,7.68,20.64,0.53,1 cup,180
Chickpeas Dry Cooked Ns As To Fat Added In Cooking,Beans and Lentils,218,8.14,25.18,10.01,1 cup,180
Chickpeas Dry Cooked Fat Added In Cooking Ns As To Type Of Fat,Beans and Lentils,218,8.14,25.18,10.01,1 cup,180
Chickpeas Dry Cooked Made With Oil,Beans and Lentils,218,8.14,25.18,10.01,1 cup,180
Chickpeas Dry Cooked Made With Animal Fat Or Meat Drippings,Beans and Lentils,212,8.33,25.29,9.03,1 cup,180
Chickpeas Dry Cooked Made With Margarine,Beans and Lentils,193,8.12,25.15,7.14,1 cup,180
Chickpeas Dry Cooked Fat Not Added In Cooking,Beans and Lentils,163,8.81,27.25,2.57,1 cup,180
Chickpeas Canned Drained Ns As To Fat Added In Cooking,Beans and Lentils,198,7.61,20.87,10.04,1 cup,180
Chickpeas Canned Drained Fat Added In Cooking Ns As To Type Of Fat,Beans and Lentils,198,7.61,20.87,10.04,1 cup,180
Chickpeas Canned Drained Made With Oil,Beans and Lentils,198,7.61,20.87,10.04,1 cup,180
Chickpeas Canned Drained Fat Not Added In Cooking,Beans and Lentils,146,8.19,22.45,3.24,1 cup,180
Chickpeas Canned Drained Low Sodium Ns As To Fat Added In Cooking,Beans and Lentils,199,7.62,20.9,10.06,1 cup,180
Chickpeas Canned Drained Low Sodium Fat Added In Cooking,Beans and Lentils,199,7.62,20.9,10.06,1 cup,180
Chickpeas Canned Drained Low Sodium Fat Not Added In Cooking,Beans and Lentils,147,8.2,22.48,3.25,1 cup,180
Green Or Yellow Split Peas Dry Cooked Fat Not Added In Cooking,Beans and Lentils,117,8.3,20.99,0.39,1 cup,180
Green Or Yellow Split Peas Dry Cooked Fat Added In Cooking Ns As To Type Of Fat,Beans and Lentils,167,7.76,19.64,6.83,1 cup,180
Green Or Yellow Split Peas Dry Cooked Made With Oil,Beans and Lentils,167,7.76,19.64,6.83,1 cup,180
Green Or Yellow Split Peas Dry Cooked Made With Animal Fat Or Meat Drippings,Beans and Lentils,162,7.93,19.71,5.99,1 cup,180
Green Or Yellow Split Peas Dry Cooked Made With Margarine,Beans and Lentils,146,7.75,19.63,4.41,1 cup,180
Green Or Yellow Split Peas Dry Cooked Ns As To Fat Added In Cooking,Beans and Lentils,167,7.76,19.64,6.83,1 cup,180
Peas Dry Cooked With Pork,Beans and Lentils,169,9.23,17.04,7.41,1 cup,197
Cowpeas Dry Cooked With Pork,Beans and Lentils,173,8.86,16.36,8.26,1 cup,179
Lentils Dry Cooked Ns As To Fat Added In Cooking,Beans and Lentils,165,8.4,18.74,6.76,1 cup,180
Lentils Dry Cooked Fat Added In Cooking Ns As To Type Of Fat,Beans and Lentils,165,8.4,18.74,6.76,1 cup,180
Lentils Dry Cooked Made With Oil,Beans and Lentils,165,8.4,18.74,6.76,1 cup,180
Lentils Dry Cooked Made With Animal Fat Or Meat Drippings,Beans and Lentils,159,8.57,18.82,5.93,1 cup,180
Lentils Dry Cooked Made With Margarine,Beans and Lentils,143,8.38,18.74,4.37,1 cup,180
Lentils Dry Cooked Fat Not Added In Cooking,Beans and Lentils,115,8.98,20.03,0.38,1 cup,180
Loaf Lentil,Beans and Lentils,72,2.2,10.7,2.41,"1 slice (3/4"" thick)",47
Stewed Chickpeas Puerto Rican Style,Beans and Lentils,89,4.11,9.81,3.91,1 cup,260
Stewed Chickpeas With Potatoes Puerto Rican Style,Beans and Lentils,160,7.78,21.64,5.12,1 cup,260
Chickpeas Stewed With Pig's Feet Puerto Rican Style,Beans and Lentils,151,9.44,8.1,9.07,1 cup/ with bone (yield after bone removed),202
Stewed Chickpeas With Spanish Sausages Puerto Rican Style,Beans and Lentils,212,6.44,12.4,15.62,1 cup,250
Fried Chickpeas With Bacon Puerto Rican Style,Beans and Lentils,309,11.99,23.46,19.08,1 cup,120
Soybean Curd Breaded Fried,Beans and Lentils,150,8.4,8.7,9.6,"1 slice (2-3/4"" x 1"" x 1/2"")",29
Swiss Steak With Gravy Meatless,Beans and Lentils,180,12.67,14.1,8.07,1 steak with gravy,92
Vegetarian Pot Pie,Beans and Lentils,224,7.69,17.02,13.98,1 pie,227
Vegetarian Chili Made With Meat Substitute,Beans and Lentils,107,7.44,13.89,2.93,1 cup,254
Vegetarian Stew,Beans and Lentils,31,0.8,2.98,2.14,1 cup,247
Vegetarian Stroganoff,Beans and Lentils,166,7.58,11.62,10.16,1 box (3.2 oz)/ dry/ yields,466
Soyburger Meatless With Cheese On Bun,Beans and Lentils,208,12.28,24.76,6.61,1 sandwich,140
Meat Substitute Cereal- And Vegetable Protein-Based Fried,Beans and Lentils,334,11.28,61.87,7.04,1 cup/ cubes,146
