Fruit-Flavored Drink Dry Powdered Mix Low Calorie With Aspartame,Beverages,218,0.45,87.38,0.04,1 tsp,8
Fruit-Flavored Drink Powder With High Vitamin C With Other Added Vitamins Low Calorie,Beverages,227,0.25,91,0.16,1 tsp,2
Chocolate-Flavored Drink Whey And Milk Based,Beverages,49,0.64,10.68,0.4,1 cup,244
Alcoholic Beverage Rice (Sake),Beverages,134,0.5,5,0,1 fl oz,29.1
Abbott Ensure Plus Ready-To-Drink,Beverages,141,5.16,19.88,4.52,1 cup,252
Cocktail Mix Non-Alcoholic Concentrated Frozen,Beverages,287,0.08,71.6,0.01,1 fl oz,36
Coffee Instant With Whitener Reduced Calorie,Beverages,509,1.96,59.94,29.1,1 tsp dry,1.7
Cranberry-Apple Juice Drink Low Calorie With Vitamin C Added,Beverages,19,0.1,4.7,0,1 cup (8 fl oz),240
Beer,Beverages,43,0.46,3.55,0,1 fl oz,29.7
Budweiser Beer,Beverages,41,0.36,2.97,0,1 fl oz,29.8
Alcoholic Beverage Beer Light Budweiser Select,Beverages,28,0.2,0.87,0,1 fl oz,29.5
Light Beer,Beverages,29,0.24,1.64,0,1 fl oz,29.5
Alcoholic Beverage Pina Colada Canned,Beverages,237,0.6,27.6,7.6,1 fl oz,32.6
Sweetened Vanilla Almond Milk,Beverages,38,0.42,6.59,1.04,8 fl oz,240
Alcoholic Beverage Pina Colada Prepared-From-Recipe,Beverages,174,0.42,22.66,1.88,1 fl oz,31.4
Tequila Sunrise,Beverages,110,0.3,11.3,0.1,1 fl oz,31.1
Orange Juice Drink,Beverages,54,0.2,13.41,0,1 cup,249
Alcoholic Beverage Wine Cooking,Beverages,50,0.5,6.3,0,1 tsp,4.9
Alcoholic Beverage Wine Light,Beverages,49,0.07,1.17,0,1 fl oz,29.5
Budweiser Light Beer,Beverages,29,0.25,1.3,0,1 fl oz,29.5
Daiquiri,Beverages,125,0,15.7,0,1 fl oz,30.5
Alcoholic Beverage Daiquiri Prepared-From-Recipe,Beverages,186,0.06,6.94,0.06,1 fl oz,30.2
Alcoholic Beverage Beer Light Low Carb,Beverages,27,0.17,0.73,0,1 fl oz,29.5
Tonic Water,Beverages,34,0,8.8,0,1 fl oz,30.5
Energy Drink Red Bull Sugar Free With Added Caffeine Niacin Pantothenic Acid Vitamins B6 And B12,Beverages,5,0.25,0.7,0.08,1 serving 8.3 fl oz can,250
Root Beer,Beverages,41,0,10.6,0,1 fl oz,30.8
Gamay (Red Wine),Beverages,78,0.07,2.38,0,1 fl oz,29.4
Milk And Soy Chocolate Drink,Beverages,101,4.22,17.3,1.69,8 fl oz,237
Chocolate Malt Powder Prepared With 1% Milk Fortified,Beverages,57,3.32,8.81,0.97,1 cup dry mix,98
Carbonated Limeade High Caffeine,Beverages,17,0,4.11,0.11,1 cup,253
Low Calorie Cola,Beverages,0,0,0.1,0,1 fl oz,29.6
Coffee Ready To Drink Vanilla Light Milk Based Sweetened,Beverages,36,2.14,4.27,1.07, fl oz,281
Lemonade Fruit Juice Drink Light Fortified With Vitamin E And C,Beverages,21,0,5,0,8 fl oz,240
Chocolate-Flavor Beverage Mix Powder Prepared With Whole Milk,Beverages,85,3.23,11.96,3.24,1 cup (8 fl oz),266
Coffee Ready To Drink Milk Based Sweetened,Beverages,71,1.98,12.6,1.38,1 cup,262
Coffee Brewed Breakfast Blend,Beverages,2,0.3,0.17,0,1 cup,248
Clam And Tomato Juice Canned,Beverages,48,0.6,10.95,0.2,1 fl oz,30.2
Tea Green Ready To Drink Ginseng And Honey Sweetened,Beverages,30,0,7.16,0.18,1 cup,260
Minute Maid Lemonade,Beverages,46,0,12.08,0,8 fl oz,240
Diet Green Tea,Beverages,4,0,0.93,0,1 cup,269
Cocoa Mix No Sugar Added Powder,Beverages,377,15.49,71.93,3,1 envelope alba (.675 oz),19
Cocoa Mix Nestle Rich Chocolate Hot Cocoa Mix,Beverages,400,3,75,15,1 serving 1 envelope,20
Tea Black Ready-To-Drink Lemon Sweetened,Beverages,45,0,10.8,0.22,1 cup,271
Decaf Coffee,Beverages,0,0.1,0,0,1 fl oz,29.6
Coffee,Beverages,1,0.12,0,0.02,1 fl oz,29.6
Espresso,Beverages,9,0.12,1.67,0.18,1 fl oz,29.6
Tea Black Ready-To-Drink Lemon Diet,Beverages,1,0,0.22,0,1 cup,265
Coffee Instant Regular Powder,Beverages,353,12.2,75.4,0.5,1 tsp,1
Coffee Instant Decaffeinated Prepared With Water,Beverages,2,0.12,0.43,0,1 fl oz,29.9
Ocean Spray Cranberry-Apple Juice Drink Bottled,Beverages,56,0.29,13.68,0,8 fl oz,249
Ocean Spray Diet Cranberry Juice,Beverages,4,0.07,0.8,0,8 fl oz,237
Coffee Instant With Chicory,Beverages,355,9.3,78.9,0.2,1 tsp/ rounded,1.8
Kraft Coffee Instant French Vanilla Cafe,Beverages,481,2.5,74.6,19.2,1 nlea serving,14
Ocean Spray Cran Raspberry Juice Drink,Beverages,49,0.28,11.96,0,8 fl oz,248
Ocean Spray Cran Lemonade,Beverages,45,0.07,11.12,0,8 fl oz,247
Ocean Spray Diet Cran Cherry,Beverages,4,0.21,0.7,0,8 fl oz,237
Cranberry-Grape Juice Drink Bottled,Beverages,56,0.2,14,0.1,1 fl oz,30.6
Cranberry Juice Cocktail Bottled,Beverages,54,0,13.52,0.1,1 fl oz,31.6
Cranberry Juice Cocktail Bottled Low Calorie With Calcium Saccharin And Corn Sweetener,Beverages,19,0.02,4.6,0.01,1 fl oz,29.6
Eggnog-Flavor Mix Powder Prepared With Whole Milk,Beverages,95,2.93,14.2,3.02,1 cup (8 fl oz),272
High Alcohol Beer,Beverages,58,0.9,0.27,0,1 fl oz,30.6
Malt Liquor Beverage,Beverages,40,0.35,0,0,1 bottle,1184
Rose Wine,Beverages,83,0.36,3.8,0,1 fl oz,30.3
Ocean Spray Cran Pomegranate,Beverages,47,0.07,12.56,0.01,8 fl oz,248
Tea Green Brewed Decaffeinated,Beverages,0,0,0,0, ml,240
Green Tea,Beverages,0,0,0,0,16 fl oz,473
Citrus Fruit Juice Drink Frozen Concentrate,Beverages,162,1.2,40.2,0.1,1 fl oz,35.2
Citrus Fruit Juice Drink Frozen Concentrate Prepared With Water,Beverages,46,0.34,11.42,0.03,1 fl oz,31
Fruit Punch Drink Without Added Nutrients Canned,Beverages,48,0,11.97,0,6 (3/4) fl oz,210
Tropical Punch Ready-To-Drink,Beverages,10,0,2.5,0,1 nlea serving,210
Grape Drink Canned,Beverages,61,0,15.72,0,1 fl oz,31.3
Tea Green Brewed Regular,Beverages,1,0.22,0,0,1 cup,245
Tea Instant Lemon With Added Ascorbic Acid,Beverages,385,0.6,97.6,0.3,1 serving (3 heaping tsp),23
86 Proof Liquor,Beverages,250,0,0.1,0,1 fl oz,27.8
90 Proof Liquor,Beverages,263,0,0,0,1 fl oz,27.8
Carbonated Beverage Chocolate-Flavored Soda,Beverages,42,0,10.7,0,1 fl oz,31
Water Bottled Non-Carbonated Evian,Beverages,0,0,0,0,1 fl oz,29.6
Powerade Zero Ion4 Calorie-Free Assorted Flavors,Beverages,0,0,0,0,8 fl oz,237
Wendys Tea Ready-To-Drink Unsweetened,Beverages,1,0.22,0,0,1 fl oz,29.6
Merlot,Beverages,83,0.07,2.51,0,1 fl oz,29.4
Water Non-Carbonated Bottles Natural Fruit Flavors Sweetened With Low Calorie Sweetener,Beverages,1,0,0.13,0,1 fl oz,29.6
V8 Splash Juice Drinks Diet Tropical Blend,Beverages,4,0,1.26,0,1 serving 8 oz,238
V8 Splash Juice Drinks Berry Blend,Beverages,29,0,7.41,0,1 serving 8 oz,243
V8 Splash Juice Drinks Fruit Medley,Beverages,33,0,7.82,0,1 serving 8 oz,243
V8 Splash Juice Drinks Guava Passion Fruit,Beverages,33,0,7.82,0,1 serving 8 oz,243
V8 Splash Juice Drinks Strawberry Kiwi,Beverages,29,0,7.41,0,1 serving 8 oz,243
V8 Splash Juice Drinks Tropical Blend,Beverages,29,0,7.41,0,1 serving 8 oz,243
V8 V-Fusion Juices Peach Mango,Beverages,49,0.41,11.38,0,1 serving 8 oz,246
V8 V-Fusion Juices Strawberry Banana,Beverages,49,0.41,11.79,0,1 serving 8 oz,246
Energy Drink Monster Fortified With Vitamins C B2 B3 B6 B12,Beverages,47,0.47,11.28,0,1 serving,240
Energy Drink Amp Sugar Free,Beverages,2,0,1.03,0,8 fl oz,240
Energy Drink Rockstar,Beverages,58,0.34,12.7,0.22,1 fl oz,31
Energy Drink Rockstar Sugar Free,Beverages,4,0.25,0.7,0.08,8 fl oz,240
Meal Supplement Drink Canned Peanut Flavor,Beverages,101,3.5,14.74,3.07,1 cup,158
Water With Corn Syrup And/or Sugar And Low Calorie Sweetener Fruit Flavored,Beverages,18,0,4.5,0,1 pouch,200
Horchata,Beverages,54,0.48,11.52,0.71,1 cup,228
Unsweetened Rice Milk,Beverages,47,0.28,9.17,0.97,8 fl oz (approximate weight/ 1 serving),240
Energy Drink Vault Citrus Flavor,Beverages,49,0,12.99,0,1 oz,31
Fruit Flavored Drink Reduced Sugar Greater Than 3% Fruit Juice High Vitamin C Added Calcium,Beverages,29,0,6.67,0.37,8 fl oz,240
Fruit Juice Drink Greater Than 3% Fruit Juice High Vitamin C And Added Thiamin,Beverages,54,0.13,13.16,0,8 fl oz,237
Tea Hibiscus Brewed,Beverages,0,0,0,0,8 fl oz,237
Fruit Juice Drink Greater Than 3% Juice High Vitamin C,Beverages,46,0.13,11.35,0.11,1 cup (8 fl oz),238
Low Carb Monster Energy Drink,Beverages,5,0,1.38,0,8 fl oz,240
Whiskey Sour Mix,Beverages,383,0.6,97.3,0.1,1 packet,17
Alcoholic Beverage Whiskey Sour Prepared With Water Whiskey And Powder Mix,Beverages,164,0.1,15.85,0.02,1 fl oz,29.4
The Coca-Cola Company Nos Energy Drink Original Grape Loaded Cherry Charged Citrus Fortified With Vitamins B6 And B12,Beverages,44,0,11.25,0,16 fl oz,480
Vitamin Fortified Water,Beverages,5,0,1.25,0,8 fl oz,240
Abbott Eas Whey Protein Powder,Beverages,385,66.67,17.95,5.13,2 scoop,39
Alcoholic Beverage Creme De Menthe 72 Proof,Beverages,371,0,41.6,0.3,1 fl oz,33.6
Nestle Boost Plus Nutritional Drink Ready-To-Drink,Beverages,138,5.38,17.29,5.38,1 bottle,237
Slimfast Meal Replacement  High Protein Shake Ready-To-Drink 3-2-1 Plan,Beverages,61,6.59,0.85,3.38,1 bottle,295
Unilever Slimfast Meal Replacement Regular Ready-To-Drink  3-2-1 Plan,Beverages,57,3.32,7.74,1.93,1 bottle,295
Unilever Slimfast Shake Mix Powder 3-2-1 Plan,Beverages,448,8.13,73.92,13.34,1 scoop,26
Fuze Orange Mango Fortified With Vitamins A C E B6,Beverages,38,0.68,9.2,0.06,1 bottle,500
Unilever Slimfast Shake Mix High Protein Whey Powder 3-2-1 Plan,Beverages,433,27.87,50,13.46,1 scoop,26
Acai Berry Drink Fortified,Beverages,62,0.83,12.83,0.83,8 fl oz,266
Sweet Dessert Wine,Beverages,160,0.2,13.69,0,1 fl oz,29.5
Whey Protein Powder Isolate,Beverages,359,58.14,29.07,1.16,3 scoop,86
Orange Juice Light No Pulp,Beverages,21,0.21,5.42,0,8 fl oz,240
The Coca-Cola Company Hi-C Flashin Fruit Punch,Beverages,45,0,12.5,0,6 (3/4) fl oz,200
Protein Powder Whey Based,Beverages,352,78.13,6.25,1.56,1/3 cup,32
Protein Powder Soy Based,Beverages,388,55.56,28.89,5.56,1 scoop,45
Rich Chocolate Powder,Beverages,372,0,92.96,0,2 tbsp,11
Gerolsteiner Brunnen Gmbh & Co. Kg (Gerolsteiner) Naturally Sparkling Mineral Bottled Water,Beverages,0,0,0,0,No data available,No data available
Chocolate Malt Powder Prepared With Fat Free Milk,Beverages,49,3.25,8.64,0.17,1 serving,256
Table Wine,Beverages,83,0.07,2.72,0,1 serving (5 fl oz),148
V8 Splash Smoothies Peach Mango,Beverages,37,1.22,7.76,0,1 serving 8 oz,245
Unsweetened Chocolate Almond Milk,Beverages,21,0.83,1.25,1.46,1 cup,240
The Coca-Cola Company Glaceau Vitamin Water Revive Fruit Punch Fortified,Beverages,0,0,0,0,20 fl oz,591
Minute Maid Lemonada Limeade,Beverages,50,0,13.75,0,8 fl oz,240
Red Wine,Beverages,85,0.07,2.61,0,1 fl oz,29.4
Barbera,Beverages,85,0.07,2.79,0,1 fl oz,29.4
Zinfandel,Beverages,88,0.07,2.86,0,1 fl oz,29.4
Petite Sirah,Beverages,85,0.07,2.68,0,1 fl oz,29.5
Claret,Beverages,83,0.07,3.01,0,1 fl oz,29.4
Chenin Blanc,Beverages,80,0.07,3.31,0,1 fl oz,29.5
Fume Blanc,Beverages,82,0.07,2.27,0,1 fl oz,29.3
Mixed Vegetable And Fruit Juice Drink With Added Nutrients,Beverages,29,0.04,7.47,0.01,8 fl oz,247
Alcoholic Beverage Wine Table White Muller Thurgau,Beverages,76,0.07,3.48,0,1 fl oz,29.5
Cream Soda,Beverages,51,0,13.3,0,1 fl oz,30.9
Riesling,Beverages,80,0.07,3.74,0,1 fl oz,29.6
Sauvignon Blanc,Beverages,81,0.07,2.05,0,1 fl oz,29.3
Late Harvest White Wine,Beverages,112,0.07,13.39,0,1 fl oz,30.8
Grape Soda,Beverages,43,0,11.2,0,1 fl oz,31
Carbonated Low Calorie Other Than Cola Or Pepper  Without Caffeine,Beverages,0,0.1,0,0,1 fl oz,29.6
Carbonated Lemon-Lime Soda No Caffeine,Beverages,41,0.09,10.42,0,1 fl oz,30.8
Sprite,Beverages,40,0.05,10.14,0.02,1 fl oz,30.8
Carbonated Low Calorie Other Than Cola Or Pepper With Aspartame Contains Caffeine,Beverages,0,0.1,0,0,1 fl oz,29.6
Burgundy,Beverages,86,0.07,3.69,0,1 fl oz,29.5
Pepper Soda,Beverages,41,0,10.4,0.1,1 fl oz,30.7
Energy Drink Red Bull,Beverages,43,0.46,10.23,0,1 can 8.4 fl oz,258
Tea Black Ready To Drink Decaffeinated Diet,Beverages,0,0,0.83,0,1 cup,240
Tea Black Ready To Drink Decaffeinated,Beverages,38,0,8.75,0,1 cup,240
Grape Juice Drink Canned,Beverages,57,0,14.55,0,1 fl oz,31.3
Cranberry Juice Cocktail,Beverages,52,0,12.25,0.34,1 cup,271
Snapple Tea Black And Green Ready To Drink Peach Diet,Beverages,2,0.1,0.1,0,No data available,No data available
Lemonade Frozen Concentrate White,Beverages,196,0.22,49.89,0.7,1 fl oz,36.5
Lemonade Frozen Concentrate White Prepared With Water,Beverages,40,0.07,10.42,0.04,1 fl oz,30.9
Snapple Tea Black And Green Ready To Drink Lemon Diet,Beverages,2,0.1,0.1,0,No data available,No data available
Malted Drink Mix Natural With Added Nutrients Powder Prepared With Whole Milk,Beverages,86,3.67,10.67,3.21,1 cup (8 fl oz),265
Malted Drink Mix Natural Powder Dairy Based.,Beverages,428,14.29,71.21,9.52,1 serving (3 heaping tsp or 1 envelope),21
Malted Drink Mix Natural Powder Prepared With Whole Milk,Beverages,88,3.86,10.23,3.62,1 cup (8 fl oz),265
Ovaltine Chocolate Malt Powder,Beverages,372,0,92.96,0,1 cup,78
Orange And Apricot Juice Drink Canned,Beverages,51,0.3,12.7,0.1,1 fl oz,31.2
Pineapple And Grapefruit Juice Drink Canned,Beverages,47,0.2,11.6,0.1,1 fl oz,31.3
Pineapple And Orange Juice Drink Canned,Beverages,50,1.3,11.8,0,1 fl oz,31.3
Shake Fast Food Vanilla,Beverages,148,3.37,19.59,6.52,1 fl oz,20.8
Black Tea (Brewed),Beverages,1,0,0.3,0,1 fl oz,29.6
Tea Instant Decaffeinated Lemon Diet,Beverages,338,3.3,85.4,0.6,2 tsp,1.6
Tea Instant Decaffeinated Lemon Sweetened,Beverages,401,0.12,98.55,0.73,1 serving (3 heaping tsp),23
Tea Instant Unsweetened Powder,Beverages,315,20.21,58.66,0,1 serving 1 tsp,0.7
Tea Instant Lemon Diet,Beverages,2,0.02,0.44,0,1 fl oz,29.8
Tea Herb Other Than Chamomile Brewed,Beverages,1,0,0.2,0,1 fl oz,29.6
Water Bottled Perrier,Beverages,0,0,0,0,1 fl oz,29.6
Water Bottled Poland Spring,Beverages,0,0,0,0,1 fl oz,29.6
Orange-Flavor Drink Breakfast Type Powder,Beverages,386,0,98.94,0,1 serving 2 tbsp,26
Orange-Flavor Drink Breakfast Type Powder Prepared With Water,Beverages,49,0,12.65,0,1 fl oz,33.9
Orange-Flavor Drink Breakfast Type Low Calorie Powder,Beverages,217,3.6,85.9,0,1 portion/ amount of dry mix to make 8 fl oz prepared,2.5
Tap Water,Beverages,0,0,0,0,1 fl oz,29.6
Coffee Substitute Cereal Grain Beverage Powder Prepared With Whole Milk,Beverages,65,3.3,5.6,3.3,6 fl oz,185
Dairy Drink Mix Chocolate Reduced Calorie With Low-Calorie Sweeteners Powder,Beverages,329,25,51.4,2.6,1 packet (.75 oz),21
Dairy Drink Mix Chocolate Reduced Calorie With Aspartame Powder Prepared With Water And Ice,Beverages,29,2.19,4.51,0.23,1 serving,243
Orange-Flavor Drink Breakfast Type With Pulp Frozen Concentrate. Not Manufactured Anymore.,Beverages,172,0.1,42.9,0.5,1 fl oz,35.3
Orange-Flavor Drink Breakfast Type With Pulp Frozen Concentrate Prepared With Water,Beverages,49,0.03,12.21,0.14,1 fl oz,31
Cranberry Juice Cocktail Frozen Concentrate,Beverages,201,0.05,51.45,0,1 fl oz,36.2
Cranberry Juice Cocktail Frozen Concentrate Prepared With Water,Beverages,47,0.01,11.81,0,1 fl oz,29.6
Water Bottled Non-Carbonated Dannon,Beverages,0,0,0,0,1 fl oz,29.6
Water Bottled Non-Carbonated Pepsi Aquafina,Beverages,0,0,0,0,1 fl oz,29.6
Water Bottled Non-Carbonated Naya,Beverages,0,0,0,0,1 fl oz,29.6
Water Bottled Non-Carbonated Dannon Fluoride To Go,Beverages,0,0,0.03,0,1 fl oz,29.6
Drink Mix Quaker Oats Gatorade Orange Flavor Powder,Beverages,388,0,94.11,1.23,1 scoop powder,23
Pepsico Quaker Gatorade G Performance O 2 Ready-To-Drink.,Beverages,26,0,6.43,0,1 fl oz,30.5
Whiskey Sour Mix Bottled With Added Potassium And Sodium,Beverages,84,0.1,21.4,0.1,1 fl oz,32.3
Alcoholic Beverage Whiskey Sour,Beverages,149,0,13.17,0.03,1 fl oz,30.4
94 Proof Liquor,Beverages,275,0,0,0,1 fl oz,27.8
100 Proof Liquor,Beverages,295,0,0,0,1 fl oz,27.8
Alcoholic Beverage Liqueur Coffee 63 Proof,Beverages,308,0.1,32.2,0.3,1 fl oz,34.8
Lemonade Frozen Concentrate Pink,Beverages,192,0.22,48.86,0.69,1 fl oz,36.4
Lemonade Frozen Concentrate Pink Prepared With Water,Beverages,43,0.05,10.81,0.15,1 fl oz,30.9
Citrus Energy Drink,Beverages,45,0,11.27,0,8 fl oz,240
Mouvedre Wine,Beverages,88,0.07,2.64,0,1 fl oz,29.4
Chardonnay,Beverages,84,0.07,2.16,0,1 fl oz,29.3
Kiwi Strawberry Juice Drink,Beverages,47,0,12.26,0,16 fl oz,473
Motts Light Apple Juice,Beverages,22,0,5.1,0.1,8 fl oz,240
Mixed Berry Powerade Zero,Beverages,0,0,0.14,0,12 fl oz,360
Carob-Flavor Beverage Mix Powder,Beverages,372,1.8,93.3,0.2,1 tbsp,12
Carob-Flavor Beverage Mix Powder Prepared With Whole Milk,Beverages,75,3.16,8.68,3.11,1 cup (8 fl oz),256
Coconut Milk Sweetened Fortified With Calcium Vitamins A B12 D2,Beverages,31,0.21,2.92,2.08,1 cup,240
Chocolate Syrup,Beverages,279,2.1,65.1,1.13,1 serving 2 tbsp,39
Chocolate Syrup Prepared With Whole Milk,Beverages,90,3.07,12.78,2.96,1 cup (8 fl oz),282
Ice Mocha,Beverages,60,1.48,11.42,0.98,1 cup,265
Oolong Tea,Beverages,1,0,0.15,0,No data available,No data available
Citrus Green Tea,Beverages,1,0,0.31,0,1 cup,265
Cocoa Mix Powder,Beverages,398,6.67,83.73,4,1 serving (3 heaping tsp or 1 envelope),28
Cocoa Mix Powder Prepared With Water,Beverages,55,0.92,11.54,0.55,1 fl oz,34.3
Cocoa Mix Nestle Hot Cocoa Mix Rich Chocolate With Marshmallows,Beverages,400,2.8,75,15,1 serving 1 envelope,20
Coffee Brewed Espresso Restaurant-Prepared Decaffeinated,Beverages,9,0.1,1.69,0.18,1 fl oz,29.6
Coffee Instant Regular Half The Caffeine,Beverages,352,14.42,73.18,0.5,1 tsp,1
Coffee And Cocoa Instant Decaffeinated With Whitener And Low Calorie Sweetener,Beverages,440,9,71.4,13.21,1 tsp dry,6.4
Tea Green Ready-To-Drink Sweetened,Beverages,27,0,6.2,0.22,1 cup,270
Tea Ready-To-Drink Lemon Diet,Beverages,2,0,0.41,0,1 cup,266
Instant Coffee (Prepared With Water),Beverages,2,0.1,0.34,0,1 fl oz,29.8
Aloe Vera Juice Drink Fortified With Vitamin C,Beverages,15,0,3.75,0,8 fl oz,240
Ocean Spray Cran Grape,Beverages,54,0.21,13.16,0,8 fl oz,240
Coffee Instant Decaffeinated Powder,Beverages,351,11.6,76,0.2,1 tsp rounded,1.8
Coffee Instant Chicory,Beverages,3,0.09,0.75,0,1 fl oz,29.9
Coffee Instant Mocha Sweetened,Beverages,460,5.29,74.04,15.87,1 serving 2 tbsp,13
Ocean Spray Light Cranberry And Raspberry Flavored Juice,Beverages,26,0.73,5.77,0,8 fl oz,242
Ocean Spray White Cranberry Strawberry Flavored Juice Drink,Beverages,49,0.22,11.98,0.01,8 fl oz,247
Coffee Substitute Cereal Grain Beverage Powder,Beverages,360,6.01,78.42,2.52,1 tsp (1 serving),3
Coffee Substitute Cereal Grain Beverage Prepared With Water,Beverages,6,0.1,1.3,0.04,1 fl oz,30.1
Cranberry-Apple Juice Drink Bottled,Beverages,63,0,15.85,0.11,1 fl oz,30.6
Alcoholic Beverage Malt Beer Hard Lemonade,Beverages,68,0,10.07,0, fl oz,335
Cranberry-Apricot Juice Drink Bottled,Beverages,64,0.2,16.2,0,1 fl oz,30.6
Tea Green Instant Decaffeinated Lemon Unsweetened Fortified With Vitamin C,Beverages,378,0,94.45,0,2 tbsp,4.5
Black Tea (Ready To Drink),Beverages,0,0,0,0,16 fl oz,473
Alcoholic Beverage Beer Light Higher Alcohol,Beverages,46,0.25,0.77,0,12 fl oz,356
Amber Hard Cider,Beverages,56,0,5.92,0,12 fl oz,355
Ocean Spray Cran Cherry,Beverages,46,0.19,12.76,0,8 fl oz,248
Ocean Spray Light Cranberry,Beverages,19,0.22,4.72,0.01,8 fl oz,248
Ocean Spray White Cranberry Peach,Beverages,45,0.13,11.88,0.01,8 fl oz,247
Ocean Spray Light Cranberry Concord Grape,Beverages,23,0.36,5.78,0.02,8 fl oz,248
Fruit Punch Drink With Added Nutrients Canned,Beverages,47,0,11.94,0,1 fl oz,31
Fruit Punch Drink Frozen Concentrate,Beverages,162,0.2,41.4,0,1 fl oz,34.8
Fruit Punch Drink Frozen Concentrate Prepared With Water,Beverages,46,0.06,11.66,0,1 fl oz,30.9
Coffee Instant Vanilla Sweetened Decaffeinated With Non Dairy Creamer,Beverages,465,0,86.28,13.33,1 serving,15
Tea Black Brewed Prepared With Distilled Water,Beverages,1,0,0.3,0,1 fl oz,29.6
Tea Herb Brewed Chamomile,Beverages,1,0,0.2,0,1 fl oz,29.6
Wine Non-Alcoholic,Beverages,6,0.5,1.1,0,1 fl oz,29
Bottled Water,Beverages,0,0,0,0,1 fl oz,29.6
Chocolate-Flavor Beverage Mix For Milk Powder With Added Nutrients,Beverages,400,4.55,90.28,2.27,1 serving,22
Chocolate-Flavor Beverage Mix For Milk Powder With Added Nutrients Prepared With Whole Milk,Beverages,89,3.27,11.87,3.17,1 serving,266
Water With Added Vitamins And Minerals Bottles Sweetened Assorted Fruit Flavors,Beverages,22,0,5.49,0,8 fl oz (1 nlea serving),237
V8 Splash Juice Drinks Diet Berry Blend,Beverages,4,0,1.23,0,8 fl oz,243
V8 Splash Juice Drinks Diet Fruit Medley,Beverages,4,0,1.26,0,1 serving 8 oz,238
V8 Splash Juice Drinks Diet Strawberry Kiwi,Beverages,4,0,1.26,0,1 serving,238
V8 Splash Juice Drinks Mango Peach,Beverages,33,0,8.23,0,1 serving 8 oz,243
V8 Splash Juice Drinks Orange Pineapple,Beverages,29,0,7.41,0,1 serving 8 oz,243
V8 Splash Juice Drinks Orchard Blend,Beverages,33,0,7.82,0,1 serving 8 oz,243
V8 Splash Juice Drinks Strawberry Banana,Beverages,29,0,7.41,0,1 serving 8 oz,243
V8 V-Fusion Juices Tropical,Beverages,49,0.41,11.38,0,1 serving 8 oz,246
V8 V- Fusion Juices Acai Berry,Beverages,45,0,10.98,0,1 serving 8 oz,246
Energy Drink Amp,Beverages,46,0.25,12.08,0.08,1 serving,240
Energy Drink Full Throttle,Beverages,46,0.25,12.08,0.08,1 serving 8 fluid oz,240
Vegetable And Fruit Juice Drink Reduced Calorie With Low-Calorie Sweetener Added Vitamin C,Beverages,4,0,1.1,0,1 serving,238
Milk Beverage Reduced Fat Flavored And Sweetened Ready-To-Drink  Added Calcium Vitamin A And Vitamin D,Beverages,77,3.05,12.08,1.83,1 cup,244
Vegetable And Fruit Juice Blend 100% Juice With Added Vitamins A C E,Beverages,46,0.3,11.15,0.01,1 serving 8 oz,246
Fruit Juice Drink Reduced Sugar With Vitamin E Added,Beverages,39,0,10,0.07,1 container,209
Energy Drink Vault Zero Sugar-Free Citrus Flavor,Beverages,1,0.25,0.7,0.08,1 serving (8 fl oz),246
Pepsico Quaker Gatorade G2 Low Calorie,Beverages,8,0.05,1.94,0.01,8 fl oz,237
Fruit Flavored Drink Less Than 3% Juice Not Fortified With Vitamin C,Beverages,64,0,16.03,0,1 cup (8 fl oz),238
Fruit Flavored Drink Containing Less Than 3% Fruit Juice With High Vitamin C,Beverages,27,0,6.67,0,1 cup (8 fl oz),238
Nutritional Shake Mix High Protein Powder,Beverages,392,53.57,20.38,10.71,1 tbsp,10
The Coca-Cola Company Nos Zero Energy Drink Sugar-Free With Guarana Fortified With Vitamins B6 And B12,Beverages,4,0,1.03,0,16 fl oz,480
Alcoholic Beverage Whiskey Sour Canned,Beverages,119,0,13.4,0,1 fl oz,30.8
Whiskey Sour Mix Bottled,Beverages,87,0.1,21.4,0.1,1 fl oz,32.3
Alcoholic Beverage Whiskey Sour Prepared From Item 14028,Beverages,153,0.06,12.82,0.06,1 fl oz,30.4
Abbott Eas Soy Protein Powder,Beverages,405,47.62,43.94,3.57,1 scoop,44
Cytosport Muscle Milk Ready-To-Drink,Beverages,52,5.87,2.28,2.17,14 fl oz,414
Alcoholic Beverage Distilled All (Gin Rum Vodka Whiskey) 80 Proof,Beverages,231,0,0,0,1 fl oz,27.8
Ocean Spray Cran-Energy Cranberry Energy Juice Drink,Beverages,15,0,3.75,0,1 can,250
Rum,Beverages,231,0,0,0,1 fl oz,27.8
Vodka,Beverages,231,0,0,0,1 fl oz,27.8
Whiskey,Beverages,250,0,0.1,0,1 fl oz,27.8
Chocolate Almond Milk,Beverages,50,0.63,9.38,1.25,8 fl oz,240
Energy Drink,Beverages,62,0.42,15,0,8 fl oz,240
Energy Drink Sugar Free,Beverages,4,0.42,0.42,0,8 fl oz,240
Abbott Ensure Nutritional Shake Ready-To-Drink,Beverages,105,3.8,16.88,2.53,8 fl oz,254
Chocolate Drink Powder,Beverages,350,9.09,68.31,4.5,2 tbsp,11
Zevia Cola,Beverages,0,0,1.13,0,1 can,355
Zevia Cola Caffeine Free,Beverages,0,0,1.13,0,1 can,355
Gerolsteiner Brunnen Gmbh & Co. Kggerolsteiner Naturally Sparkling Mineral Water,Beverages,0,0,0,0,8 fl oz,240
Yellow Green Colored Citrus Soft Drink With Caffeine,Beverages,49,0,12.83,0,16 fl oz,473
V8 Splash Smoothies Strawberry Banana,Beverages,37,1.22,8.16,0,1 serving 8 oz,245
V8 Splash Smoothies Tropical Colada,Beverages,41,1.22,8.54,0,1 serving 8 oz,246
Coconut Water Ready-To-Drink Unsweetened,Beverages,18,0.22,4.24,0,1 cup,245
Unsweetened Almond Milk,Beverages,15,0.4,1.31,0.96,1 cup,262
Cabernet Sauvignon,Beverages,83,0.07,2.6,0,1 fl oz,29.4
Cabernet Franc,Beverages,83,0.07,2.45,0,1 fl oz,29.4
Pinot Noir,Beverages,82,0.07,2.31,0,1 fl oz,29.4
Syrah,Beverages,83,0.07,2.58,0,1 fl oz,29.4
White Wine,Beverages,82,0.07,2.6,0,1 fl oz,29.4
Lemberger,Beverages,80,0.07,2.46,0,1 fl oz,29.4
Sangiovese,Beverages,86,0.07,2.62,0,1 fl oz,29.4
Carignane,Beverages,74,0.07,2.4,0,1 fl oz,29.4
Pinot Gris (Grigio),Beverages,83,0.07,2.06,0,1 fl oz,29.3
Club Soda,Beverages,0,0,0,0,1 fl oz,29.6
Gewurztraminer,Beverages,81,0.07,2.6,0,1 fl oz,29.5
Gewurztraminer (Late Harvest),Beverages,108,0.07,11.39,0,1 fl oz,30.5
Semillon,Beverages,82,0.07,3.12,0,1 fl oz,29.5
Ginger Ale,Beverages,34,0,8.76,0,1 fl oz,30.5
Nestea,Beverages,36,0,9.09,0,1 fl oz,30.6
Pinot Blanc,Beverages,81,0.07,1.94,0,1 fl oz,29.3
Muscat Wine,Beverages,82,0.07,5.23,0,1 fl oz,30
Diet Pepper Cola,Beverages,1,0.12,0.12,0,1 fl oz,29.6
Caffeine Free Cola,Beverages,41,0,10.58,0,1 fl oz,30.7
Cola Soft Drink,Beverages,42,0,10.36,0.25,1 fl oz,30.7
Diet Cola,Beverages,20,0,5.16,0,1 fl oz,29.6
Orange Soda,Beverages,48,0,12.3,0,1 fl oz,31
Tea Black Ready-To-Drink Peach Diet,Beverages,1,0,0.25,0,1 cup,268
Ocean Spray Ruby Red Cranberry,Beverages,45,0.07,11.58,0.01,8 fl oz,227
Motts Apple Juice Light Fortified With Vitamin C,Beverages,22,0,5.1,0.1,No data available,No data available
Lemonade Powder,Beverages,376,0,97.57,1.05,1 serving,18
Lemonade Powder Prepared With Water,Beverages,14,0,3.59,0.04,1 fl oz,33
Lemonade-Flavor Drink Powder,Beverages,380,0,97.9,1.01,1 serving,18
Lemonade-Flavor Drink Powder Prepared With Water,Beverages,27,0,6.9,0.07,1 fl oz,31.8
Limeade Frozen Concentrate Prepared With Water,Beverages,52,0,13.79,0,1 fl oz,30.9
Malt Beverage Includes Non-Alcoholic Beer,Beverages,37,0.21,8.05,0.12,1 fl oz,29.6
Ovaltine Classic Malt Powder,Beverages,372,0,93.33,0,1 serving (4 tbsp or 1 envelope),21
Malted Drink Mix Chocolate With Added Nutrients Powder Prepared With Whole Milk,Beverages,87,3.29,11.19,3.26,1 cup (8 fl oz),265
Malted Drink Mix Chocolate Powder,Beverages,411,5.1,86.94,4.76,1 serving (3 heaping tsp or 1 envelope),21
Malted Drink Mix Chocolate Powder Prepared With Whole Milk,Beverages,85,3.37,11.2,3.29,1 cup (8 fl oz),265
Orange Drink Canned With Added Vitamin C,Beverages,49,0,12.34,0.07,1 fl oz,31
Strawberry-Flavor Beverage Mix Powder,Beverages,389,0.1,99.1,0.2,1 serving (2-3 heaping tsp),22
Strawberry-Flavor Beverage Mix Powder Prepared With Whole Milk,Beverages,88,3,12.3,3.1,1 cup (8 fl oz),266
Tea Black Brewed Prepared With Tap Water Decaffeinated,Beverages,1,0,0.3,0,1 fl oz,29.6
Tea Instant Decaffeinated Unsweetened,Beverages,315,20.21,58.66,0,1 serving 2 tsp,0.7
Tea Instant Unsweetened Prepared With Water,Beverages,1,0.06,0.17,0,1 fl oz,29.7
Tea Instant Lemon Unsweetened,Beverages,345,7.4,78.52,0.18,1 tsp/ rounded,1.4
Tea Instant Lemon Sweetened Powder,Beverages,401,0.12,98.55,0.73,1 serving (3 heaping tsp),23
Tea Instant Lemon Sweetened Prepared With Water,Beverages,35,0.01,8.61,0.06,1 cup (8 fl oz),259
Tea Instant Sweetened With Sodium Saccharin Lemon-Flavored Powder,Beverages,338,3.3,85.4,0.6,2 tsp,1.6
Cocoa Mix With Aspartame Powder Prepared With Water,Beverages,29,1.21,5.61,0.23,1 fl oz,32.1
Carbonated Cola Fast-Food Cola,Beverages,37,0.07,9.56,0.02,1 serving child 12 fl oz/ without ice,258
Fruit Punch Juice Drink Frozen Concentrate,Beverages,175,0.3,43.1,0.7,1 fl oz,35.2
Fruit Punch Juice Drink Frozen Concentrate Prepared With Water,Beverages,42,0.07,11.4,0.17,1 fl oz,29.3
Well Water,Beverages,0,0,0,0,1 fl oz,29.6
Coffee Liqueur,Beverages,336,0.1,46.8,0.3,1 fl oz,34.8
Coffee Cream Liqueur,Beverages,327,2.8,20.9,15.7,1 fl oz,31.1
Carbonated Low Calorie Cola Or Pepper-Type With Aspartame Contains Caffeine,Beverages,2,0.11,0.29,0.03,1 fl oz,29.6
Orange Drink Breakfast Type With Juice And Pulp Frozen Concentrate,Beverages,153,0.4,39,0,1 fl oz,36.3
Orange Drink Breakfast Type With Juice And Pulp Frozen Concentrate Prepared With Water,Beverages,45,0.12,11.32,0,1 fl oz,31.3
Shake Fast Food Strawberry,Beverages,113,3.4,18.9,2.8,1 fl oz,23.5
Water Tap Municipal,Beverages,0,0,0,0,1 fl oz,29.6
The Coca-Cola Company Dasani Water Bottled Non-Carbonated,Beverages,0,0,0,0,1 fl oz,29.6
Orange Breakfast Drink Ready-To-Drink With Added Nutrients,Beverages,53,0,13.2,0,1 fl oz,31.6
Water Bottled Non-Carbonated Calistoga,Beverages,0,0,0,0,1 fl oz,29.6
Water Bottled Non-Carbonated Crystal Geyser,Beverages,0,0,0,0,1 fl oz,29.6
Coca-Cola Powerade Lemon-Lime Flavored Ready-To-Drink,Beverages,32,0,7.84,0.05,1 fl oz,30.5
Propel Zero Fruit-Flavored Non-Carbonated,Beverages,5,0,1.14,0,1 fl oz,29.6
Arizona Tea Ready-To-Drink Lemon,Beverages,39,0,9.77,0,1 fl oz,30.6
Lipton Brisk Tea Black Ready-To-Drink Lemon,Beverages,35,0,8.81,0,1 fl oz,30.6
Dry Dessert Wine,Beverages,152,0.2,11.67,0,1 fl oz,29.5
Carbonated Beverage Low Calorie Other Than Cola Or Pepper With Sodium Saccharin Without Caffeine,Beverages,0,0,0.1,0,1 fl oz,29.6
Cocoa Mix Low Calorie Powder With Added Calcium Phosphorus Aspartame Without Added Sodium Or Vitamin A,Beverages,359,25.1,58,3,1 envelope  swiss miss (.53 oz),15
Fruit Punch-Flavor Drink Powder Without Added Sodium Prepared With Water,Beverages,37,0,9.47,0.01,1 fl oz,32.7
Licuado Or Batido,Beverages,71,2.35,13.11,1.39,1 fl oz,27
Fruit Smoothie Nfs,Beverages,63,2.37,11.65,1.08,1 fl oz,27
Fruit Smoothie With Whole Fruit And Dairy,Beverages,63,2.37,11.65,1.08,1 fl oz,27
Fruit Smoothie With Whole Fruit And Dairy Added Protein,Beverages,77,7.31,9.72,1.22,1 fl oz,27
Coconut Water Sweetened,Beverages,38,0.68,8.58,0.19,No data available,No data available
Fruit Smoothie With Whole Fruit No Dairy,Beverages,53,0.64,13.1,0.28,1 fl oz,27
Fruit Smoothie With Whole Fruit No Dairy Added Protein,Beverages,75,6.22,12.61,0.37,1 fl oz,27
Fruit Smoothie Juice Drink No Dairy,Beverages,50,0.63,12.4,0.15,1 fl oz,27
Fruit Smoothie Light,Beverages,52,2.62,9.72,0.62,1 fl oz,27
Apricot Nectar,Beverages,56,0.37,14.39,0.09,No data available,No data available
Banana Nectar,Beverages,70,0.38,17.99,0.12,No data available,No data available
Cantaloupe Nectar,Beverages,62,0.33,15.68,0.08,No data available,No data available
Peach Nectar,Beverages,54,0.27,13.92,0.02,No data available,No data available
Passion Fruit Nectar,Beverages,67,0.16,17.44,0.02,No data available,No data available
Fruit And Vegetable Smoothie,Beverages,60,1.69,13.22,0.62,1 fl oz,27
Fruit And Vegetable Smoothie Added Protein,Beverages,83,7.58,12.68,0.69,1 fl oz,27
Coffee Brewed Blend Of Regular And Decaffeinated,Beverages,0,0.11,0,0.01,1 fl oz,30
Coffee Turkish,Beverages,26,0.11,6.49,0.02,1 fl oz,31
Coffee Cuban,Beverages,33,0.11,7.86,0.17,1 fl oz,31
Coffee Macchiato,Beverages,23,1.16,2.72,0.8,1 fl oz,30
Coffee Macchiato Sweetened,Beverages,38,1.11,6.91,0.76,1 fl oz,31
Coffee Cafe Con Leche,Beverages,39,1.64,5.64,1.08,1 fl oz,31
Coffee Cafe Con Leche Decaffeinated,Beverages,39,1.65,5.72,1.09,1 fl oz,31
Coffee Latte,Beverages,43,2.76,4.27,1.68,1 fl oz,30
Coffee Latte Nonfat,Beverages,30,2.82,4.4,0.1,1 fl oz,30
Coffee Latte With Non-Dairy Milk,Beverages,35,1.28,5.07,1.07,1 fl oz,30
Coffee Latte Flavored,Beverages,54,2.67,7.42,1.62,1 fl oz,31
Coffee Latte Nonfat Flavored,Beverages,42,2.73,7.55,0.09,1 fl oz,31
Coffee Latte With Non-Dairy Milk Flavored,Beverages,47,1.23,8.18,1.04,1 fl oz,31
Coffee Latte Decaffeinated,Beverages,43,2.77,4.29,1.68,1 fl oz,30
Coffee Latte Decaffeinated Nonfat,Beverages,30,2.83,4.42,0.1,1 fl oz,30
Coffee Latte Decaffeinated With Non-Dairy Milk,Beverages,35,1.28,5.09,1.08,1 fl oz,30
Coffee Latte Decaffeinated Flavored,Beverages,55,2.68,7.46,1.63,1 fl oz,31
Coffee Latte Decaffeinated Nonfat Flavored,Beverages,42,2.74,7.59,0.09,1 fl oz,31
Coffee Latte Decaffeinated With Non-Dairy Milk Flavored,Beverages,47,1.24,8.22,1.04,1 fl oz,31
Frozen Coffee Drink,Beverages,67,1.53,13.4,0.93,1 fl oz,31
Frozen Coffee Drink Nonfat,Beverages,59,1.56,13.47,0.06,1 fl oz,31
Frozen Coffee Drink With Non-Dairy Milk,Beverages,62,0.71,13.82,0.6,1 fl oz,31
Frozen Coffee Drink With Whipped Cream,Beverages,81,1.6,12.83,2.8,1 fl oz,31
Frozen Coffee Drink Nonfat With Whipped Cream,Beverages,74,1.63,12.9,1.98,1 fl oz,31
Frozen Coffee Drink With Non-Dairy Milk And Whipped Cream,Beverages,77,0.82,13.23,2.48,1 fl oz,31
Frozen Coffee Drink Decaffeinated,Beverages,67,1.53,13.46,0.94,1 fl oz,31
Frozen Coffee Drink Decaffeinated Nonfat,Beverages,60,1.57,13.53,0.06,1 fl oz,31
Frozen Coffee Drink Decaffeinated With Non-Dairy Milk,Beverages,64,1.21,13.52,0.7,1 fl oz,31
Frozen Coffee Drink Decaffeinated With Whipped Cream,Beverages,81,1.6,12.89,2.81,1 fl oz,31
Frozen Coffee Drink Decaffeinated Nonfat With Whipped Cream,Beverages,75,1.63,12.96,1.98,1 fl oz,31
Frozen Coffee Drink Decaffeinated With Non-Dairy Milk And Whipped Cream,Beverages,77,0.82,13.29,2.49,1 fl oz,31
Coffee Cafe Mocha,Beverages,64,2.52,10.15,1.53,1 fl oz,31
Coffee Cafe Mocha Nonfat,Beverages,52,2.56,10.23,0.09,1 fl oz,31
Coffee Cafe Mocha With Non-Dairy Milk,Beverages,57,1.16,10.81,0.98,1 fl oz,31
Coffee Cafe Mocha Decaffeinated,Beverages,64,2.52,10.15,1.53,1 fl oz,31
Coffee Cafe Mocha Decaffeinated Nonfat,Beverages,52,2.57,10.27,0.09,1 fl oz,31
Coffee Cafe Mocha Decaffeinated With Non-Dairy Milk,Beverages,57,1.16,10.86,0.98,1 fl oz,31
Frozen Mocha Coffee Drink,Beverages,66,1.48,13.04,0.91,1 fl oz,31
Frozen Mocha Coffee Drink Nonfat,Beverages,59,1.51,13.11,0.06,1 fl oz,31
Frozen Mocha Coffee Drink With Non-Dairy Milk,Beverages,61,0.69,13.45,0.59,1 fl oz,31
Frozen Mocha Coffee Drink With Whipped Cream,Beverages,80,1.55,12.51,2.72,1 fl oz,31
Frozen Mocha Coffee Drink Nonfat With Whipped Cream,Beverages,73,1.58,12.58,1.92,1 fl oz,31
Frozen Mocha Coffee Drink With Non-Dairy Milk And Whipped Cream,Beverages,76,0.8,12.9,2.41,1 fl oz,31
Frozen Mocha Coffee Drink Decaffeinated,Beverages,66,1.49,13.1,0.91,1 fl oz,31
Frozen Mocha Coffee Drink Decaffeinated Nonfat,Beverages,59,1.52,13.17,0.06,1 fl oz,31
Frozen Mocha Coffee Drink Decaffeinated With Non-Dairy Milk,Beverages,62,0.69,13.51,0.59,1 fl oz,31
Frozen Mocha Coffee Drink Decaffeinated With Whipped Cream,Beverages,80,1.56,12.56,2.73,1 fl oz,31
Frozen Mocha Coffee Drink Decaffeinated Nonfat With Whipped Cream,Beverages,73,1.59,12.63,1.93,1 fl oz,31
Frozen Mocha Coffee Drink Decaffeinated With Non-Dairy Milk And Whipped Cream,Beverages,76,0.8,12.95,2.42,1 fl oz,31
Iced Coffee Brewed,Beverages,1,0.09,0,0.02,1 fl oz,30
Iced Coffee Brewed Decaffeinated,Beverages,0,0.08,0,0,1 fl oz,30
Iced Coffee Pre-Lightened And Pre-Sweetened,Beverages,30,0.25,4.91,1.1,1 fl oz,31
Coffee Iced Latte,Beverages,27,1.72,2.76,1.05,1 fl oz,30
Coffee Iced Latte Nonfat,Beverages,19,1.75,2.84,0.07,1 fl oz,30
Coffee Iced Latte With Non-Dairy Milk,Beverages,22,0.8,3.26,0.68,1 fl oz,30
Coffee Iced Latte Flavored,Beverages,39,1.66,6.06,1.01,1 fl oz,31
Coffee Iced Latte Nonfat Flavored,Beverages,32,1.69,6.14,0.07,1 fl oz,31
Coffee Iced Latte With Non-Dairy Milk Flavored,Beverages,35,0.77,6.53,0.66,1 fl oz,31
Coffee Iced Latte Decaffeinated,Beverages,27,1.72,2.77,1.05,1 fl oz,30
Coffee Iced Latte Decaffeinated Nonfat,Beverages,19,1.76,2.85,0.07,1 fl oz,30
Coffee Iced Latte Decaffeinated With Non-Dairy Milk,Beverages,23,0.8,3.27,0.68,1 fl oz,30
Coffee Iced Latte Decaffeinated Flavored,Beverages,40,1.66,6.08,1.02,1 fl oz,31
Coffee Iced Latte Decaffeinated Nonfat Flavored,Beverages,32,1.7,6.16,0.07,1 fl oz,31
Coffee Iced Latte Decaffeinated With Non-Dairy Milk Flavored,Beverages,35,0.77,6.56,0.66,1 fl oz,31
Coffee Iced Cafe Mocha,Beverages,50,1.55,8.9,0.95,1 fl oz,31
Coffee Iced Cafe Mocha Nonfat,Beverages,43,1.59,8.98,0.07,1 fl oz,31
Coffee Iced Cafe Mocha With Non-Dairy Milk,Beverages,46,0.72,9.34,0.61,1 fl oz,31
Coffee Iced Cafe Mocha Decaffeinated,Beverages,51,1.56,8.94,0.95,1 fl oz,31
Coffee Iced Cafe Mocha Decaffeinated Nonfat,Beverages,43,1.59,9.02,0.06,1 fl oz,31
Coffee Iced Cafe Mocha Decaffeinated With Non-Dairy Milk,Beverages,46,0.72,9.38,0.62,1 fl oz,31
Coffee Instant Reconstituted,Beverages,3,0.1,0.63,0,1 fl oz,30
Coffee Instant 50% Less Caffeine Reconstituted,Beverages,3,0.12,0.61,0,1 fl oz,30
Coffee Instant Decaffeinated Reconstituted,Beverages,3,0.1,0.64,0,1 fl oz,30
Coffee Instant Pre-Lightened And Pre-Sweetened With Sugar Reconstituted,Beverages,27,0.15,5.12,0.68,1 fl oz,31
Coffee Instant Decaffeinated Pre-Lightened And Pre-Sweetened With Sugar Reconsitituted,Beverages,26,0.14,5.13,0.68,1 fl oz,31
Coffee Instant Pre-Sweetened With Sugar Reconstituted,Beverages,16,0.1,3.98,0,1 fl oz,31
Coffee Mocha Instant Pre-Lightened And Pre-Sweetened With Sugar Reconstituted,Beverages,44,0.43,6.49,1.8,1 fl oz,31
Coffee Mocha Instant Pre-Lightened And Pre-Sweetened With Low Calorie Sweetener Reconstituted,Beverages,15,0.32,2.46,0.43,1 fl oz,30
Coffee Instant Pre-Lightened And Pre-Sweetened With Low Calorie Sweetener Reconstituted,Beverages,16,0.15,2.37,0.7,1 fl oz,30
Coffee Instant Decaffeinated Pre-Lightened And Pre-Sweetened With Low Calorie Sweetener Reconstituted,Beverages,16,0.15,2.38,0.7,1 fl oz,30
Coffee Mocha Instant Decaffeinated Pre-Lightened And Pre-Sweetened With Low Calorie Sweetener Reconstituted,Beverages,14,0.29,2.33,0.43,1 fl oz,30
Coffee Pre-Lightened And Pre-Sweetened With Sugar,Beverages,27,0.15,5.12,0.68,1 fl oz,31
Coffee Decaffeinated Pre-Lightened And Pre-Sweetened With Sugar,Beverages,26,0.14,5.13,0.68,1 fl oz,31
Coffee Pre-Lightened And Pre-Sweetened With Low Calorie Sweetener,Beverages,16,0.15,2.37,0.7,1 fl oz,30
Coffee Decaffeinated Pre-Lightened And Pre-Sweetened With Low Calorie Sweetener,Beverages,16,0.15,2.38,0.7,1 fl oz,30
Coffee Pre-Lightened,Beverages,14,0.15,1.88,0.71,1 fl oz,30
Coffee Decaffeinated Pre-Lightened,Beverages,14,0.15,1.89,0.71,1 fl oz,30
Coffee Pre-Sweetened With Sugar,Beverages,16,0.1,3.98,0,1 fl oz,31
Coffee Decaffeinated Pre-Sweetened With Sugar,Beverages,16,0.09,3.99,0,1 fl oz,31
Coffee Pre-Sweetened With Low Calorie Sweetener,Beverages,5,0.1,1.13,0,1 fl oz,30
Coffee Decaffeinated Pre-Sweetened With Low Calorie Sweetener,Beverages,5,0.1,1.14,0,1 fl oz,30
Coffee Cappuccino,Beverages,27,1.68,2.7,1.03,1 fl oz,30
Coffee Cappuccino Nonfat,Beverages,19,1.72,2.78,0.07,1 fl oz,30
Coffee Cappuccino With Non-Dairy Milk,Beverages,22,0.79,3.2,0.67,1 fl oz,30
Coffee Cappuccino Decaffeinated,Beverages,27,1.69,2.71,1.03,1 fl oz,30
Coffee Cappuccino Decaffeinated Nonfat,Beverages,19,1.72,2.79,0.07,1 fl oz,30
Coffee Cappuccino Decaffeinated With Non-Dairy Milk,Beverages,22,0.79,3.22,0.67,1 fl oz,30
Coffee Bottled/canned Light,Beverages,35,1.25,5.89,0.72,1 fl oz,30
Chicory Beverage,Beverages,7,0.22,1.42,0,1 fl oz,30
Cereal Beverage,Beverages,5,0.08,1,0.03,1 fl oz,30
Cereal Beverage With Beet Roots From Powdered Instant,Beverages,5,0.08,1,0.03,1 fl oz,30
Tea Iced Instant Black Unsweetened,Beverages,1,0.02,0.23,0,No data available,No data available
Tea Iced Instant Black Pre-Sweetened With Sugar,Beverages,30,0.01,7.31,0.05,No data available,No data available
Tea Iced Instant Black Decaffeinated Pre-Sweetened With Sugar,Beverages,31,0.06,7.92,0,No data available,No data available
Tea Iced Instant Black Decaffeinated Pre-Sweetened With Low Calorie Sweetener,Beverages,3,0.03,0.72,0,No data available,No data available
Corn Beverage,Beverages,44,0.84,9.4,0.21,1 fl oz,30
Tea Hot Chai With Milk,Beverages,50,1.55,8.98,0.98,1 fl oz,30
Iced Tea / Lemonade Juice Drink,Beverages,33,0.2,9.17,0.03,1 fl oz (no ice),30
Iced Tea / Lemonade Juice Drink Light,Beverages,21,0.22,6.13,0.04,1 fl oz (no ice),30
Iced Tea / Lemonade Juice Drink Diet,Beverages,2,0,0.57,0,1 fl oz (no ice),30
Tea Iced Brewed Black Pre-Sweetened With Sugar,Beverages,31,0,7.97,0,1 fl oz (no ice),31
Tea Iced Brewed Black Pre-Sweetened With Low Calorie Sweetener,Beverages,2,0,0.68,0,1 fl oz (no ice),30
Tea Iced Brewed Black Decaffeinated Pre-Sweetened With Sugar,Beverages,31,0,7.97,0,1 fl oz (no ice),31
Tea Iced Brewed Black Decaffeinated Pre-Sweetened With Low Calorie Sweetener,Beverages,2,0,0.68,0,1 fl oz (no ice),30
Tea Iced Brewed Green Pre-Sweetened With Sugar,Beverages,31,0.2,7.69,0,1 fl oz (no ice),31
Tea Iced Brewed Green Pre-Sweetened With Low Calorie Sweetener,Beverages,2,0.22,0.38,0,1 fl oz (no ice),30
Tea Iced Brewed Green Decaffeinated Pre-Sweetened With Sugar,Beverages,30,0,7.69,0,1 fl oz (no ice),31
Tea Iced Brewed Green Decaffeinated Pre-Sweetened With Low Calorie Sweetener,Beverages,1,0,0.38,0,1 fl oz (no ice),30
Soft Drink Fruit Flavored Caffeine Containing,Beverages,49,0,12.83,0,1 fl oz (no ice),31
Fruit Juice Drink Citrus Carbonated,Beverages,30,0.47,7.01,0.09,1 fl oz (no ice),31
Fruit Juice Drink Noncitrus Carbonated,Beverages,33,0.23,8.35,0.08,1 fl oz (no ice),31
Tamarind Drink,Beverages,107,0.64,27.72,0.14,No data available,No data available
Fruit Punch Made With Fruit Juice And Soda,Beverages,44,0.18,10.82,0.06,No data available,No data available
Fruit Punch Made With Soda Fruit Juice And Sherbet Or Ice Cream,Beverages,65,0.32,15.15,0.44,No data available,No data available
Lemonade Fruit Flavored Drink,Beverages,25,0,6.55,0.07,1 fl oz (no ice),31
Fruit Juice Beverage 40-50% Juice Citrus,Beverages,46,0.34,11.4,0.03,No data available,No data available
Frozen Daiquiri Mix From Frozen Concentrate Reconstituted,Beverages,66,0.02,16.37,0,1 fl oz,29
Pina Colada Nonalcoholic,Beverages,92,0.46,17.08,2.85,1 fl oz,30
Fruit Flavored Smoothie Drink Frozen No Dairy,Beverages,28,0,7.6,0,1 fl oz,30
Fruit Flavored Smoothie Drink Frozen Light No Dairy,Beverages,12,0,3.19,0.01,1 fl oz,30
Fruit Flavored Drink Powdered Reconstituted,Beverages,25,0,6.55,0.07,No data available,No data available
Fruit Flavored Drink With High Vitamin C Powdered Reconstituted,Beverages,41,0,10.45,0,1 fl oz (no ice),31
Fruit Juice Drink Diet,Beverages,1,0,0.47,0,1 fl oz (no ice),30
Grape Juice Drink Light,Beverages,21,0.13,5.17,0.05,1 fl oz (no ice),30
Fruit Flavored Drink With High Vitamin C Diet,Beverages,2,0,0.87,0,No data available,No data available
Fruit Flavored Drink Diet,Beverages,4,0.01,1.45,0,No data available,No data available
Fruit Flavored Drink With High Vitamin C Powdered Reconstituted Diet,Beverages,2,0,0.87,0,No data available,No data available
Fruit Flavored Drink Powdered Reconstituted Diet,Beverages,2,0,0.73,0,No data available,No data available
Fruit Juice Drink Reduced Sugar (Sunny D),Beverages,2,0,0.95,0,1 fl oz (no ice),31
Horchata Beverage Made With Water,Beverages,87,1.09,20.48,0.11,1 cup,248
Horchata Beverage Made With Milk,Beverages,90,1.4,19.71,0.61,1 cup,248
Oatmeal Beverage With Water,Beverages,43,0.25,10.64,0.12,1 fl oz,31
Oatmeal Beverage With Milk,Beverages,82,1.69,15.59,1.57,1 cup,248
Sugar Cane Beverage,Beverages,74,0,20.17,0,No data available,No data available
Cornmeal Beverage,Beverages,84,1.64,16.4,1.52,1 cup,248
Cornmeal Beverage With Chocolate Milk,Beverages,109,1.89,20.98,2.38,No data available,No data available
Shirley Temple,Beverages,56,0,14.17,0,No data available,No data available
Alcoholic Malt Beverage Higher Alcohol Sweetened,Beverages,88,0,8.86,0,1 fl oz,30
Cocktail Nfs,Beverages,89,0,7.8,0.19,No data available,No data available
Alexander,Beverages,235,1.05,19.08,3.47,No data available,No data available
Bacardi Cocktail,Beverages,123,0.08,16.11,0.08,No data available,No data available
Bloody Mary,Beverages,69,0.64,3.16,0.23,No data available,No data available
Canadian Club And Soda,Beverages,59,0,0,0,No data available,No data available
Cape Cod,Beverages,98,0,10.18,0.08,No data available,No data available
Gelatin Shot Alcoholic,Beverages,165,1.54,17.87,0,1 shot,42
Gimlet,Beverages,188,0.1,5.09,0.02,No data available,No data available
Gin And Tonic,Beverages,84,0,6.57,0,No data available,No data available
Grasshopper,Beverages,283,0.99,32.2,3.38,No data available,No data available
Greyhound,Beverages,83,0.44,5.97,0.08,1 fl oz,30
High Ball,Beverages,59,0,0,0,No data available,No data available
Jagerbomb,Beverages,125,0.34,18.07,0.08,1 fl oz,30
Kamikaze,Beverages,201,0.06,8.27,0.1,No data available,No data available
Manhattan,Beverages,222,0.03,1.82,0,No data available,No data available
Margarita,Beverages,122,0.08,16.06,0.08,No data available,No data available
Martini,Beverages,201,0.07,0.15,0,No data available,No data available
Martini Flavored,Beverages,189,0.09,6.67,0.03,1 fl oz,30
Mimosa,Beverages,65,0.38,7.14,0.06,No data available,No data available
Mint Julep,Beverages,186,0,5.76,0,No data available,No data available
Mojito,Beverages,61,0.09,2.46,0.02,No data available,No data available
Old Fashioned,Beverages,162,0.18,6.24,0.03,No data available,No data available
Orange Blossom,Beverages,99,0.5,10.27,0.09,1 fl oz,30
Rob Roy,Beverages,212,0.05,3.6,0,No data available,No data available
Rusty Nail,Beverages,268,0,10.95,0.08,No data available,No data available
Salty Dog,Beverages,82,0.43,5.93,0.08,No data available,No data available
Screwdriver,Beverages,93,0.51,8.62,0.09,No data available,No data available
Seabreeze,Beverages,90,0.22,8.07,0.08,No data available,No data available
Seven And Seven,Beverages,87,0.04,7.63,0.02,No data available,No data available
Tom Collins,Beverages,123,0.08,16.11,0.08,No data available,No data available
Whiskey Sour,Beverages,123,0.08,16.11,0.08,No data available,No data available
Whiskey And Soda,Beverages,59,0,0,0,No data available,No data available
Whiskey And Water,Beverages,59,0,0,0,1 fl oz,30
Whiskey And Cola,Beverages,89,0,7.8,0.19,1 fl oz,30
Whiskey And Diet Cola,Beverages,60,0.08,0.22,0.02,1 fl oz,30
Whiskey And Ginger Ale,Beverages,83,0,6.59,0,1 fl oz,30
Rum And Cola,Beverages,89,0,7.8,0.19,No data available,No data available
Rum And Diet Cola,Beverages,60,0.08,0.22,0.02,1 fl oz,30
Pina Colada,Beverages,151,0.36,19.5,2.13,No data available,No data available
Brandy And Cola,Beverages,89,0,7.8,0.19,1 fl oz,30
Vodka And Soda,Beverages,59,0,0,0,1 fl oz,30
Vodka And Lemonade,Beverages,93,0,9.02,0,1 fl oz,30
Vodka And Cola,Beverages,89,0,7.8,0.19,1 fl oz,30
Vodka And Diet Cola,Beverages,60,0.08,0.22,0.02,1 fl oz,30
Vodka And Energy Drink,Beverages,90,0.35,7.7,0,1 fl oz,30
Vodka And Water,Beverages,59,0,0,0,1 fl oz,30
Vodka And Tonic,Beverages,84,0,6.57,0,1 fl oz,30
Sloe Gin Fizz,Beverages,66,0.03,2.23,0,No data available,No data available
Black Russian,Beverages,279,0.04,21.21,0.14,No data available,No data available
White Russian,Beverages,176,2.15,11.46,7.14,No data available,No data available
Fruit Punch Alcoholic,Beverages,90,0.14,8.14,0.04,No data available,No data available
Champagne Punch,Beverages,128,0.16,12.23,0.07,1 fl oz,30
Singapore Sling,Beverages,98,0.12,7.8,0.04,No data available,No data available
Stinger,Beverages,271,0,11.89,0.09,No data available,No data available
Mai Tai,Beverages,156,0.18,17.17,0.08,No data available,No data available
Gin Rickey,Beverages,60,0.02,0.47,0.02,No data available,No data available
Golden Cadillac,Beverages,304,2.14,21.56,12.7,No data available,No data available
Long Island Iced Tea,Beverages,107,0.01,8.66,0.15,No data available,No data available
Fuzzy Navel,Beverages,132,0.5,19.3,0.17,No data available,No data available
Irish Coffee,Beverages,88,0.27,2.03,2.41,1 fl oz,30
Frozen Daiquiri,Beverages,127,0.07,17.66,0.07,1 fl oz,30
Frozen Margarita,Beverages,122,0.08,16.06,0.08,1 fl oz,30
Eggnog Alcoholic,Beverages,113,3.74,6.62,3.45,1 fl oz,30
Gin Fizz,Beverages,66,0.03,2.23,0,No data available,No data available
Rum Hot Buttered,Beverages,159,0.08,4.95,4.42,1 fl oz,30
Zombie,Beverages,96,0.15,9.26,0.04,No data available,No data available
Sangria Red,Beverages,96,0.04,8.27,0.04,1 fl oz,30
Sangria White,Beverages,94,0.04,8.26,0.04,1 fl oz,30
Wine Spritzer,Beverages,49,0.04,1.62,0,No data available,No data available
Glug,Beverages,97,0.1,6.43,0.14,No data available,No data available
Nutritional Drink Or Shake Ready-To-Drink (Carnation Instant Breakfast),Beverages,91,5.46,12.93,1.96,1 cup,248
Nutritional Drink Or Shake Ready-To-Drink (Kellogg's Special K Protein),Beverages,64,3.2,9.2,1.6,1 fl oz,32
Nutritional Drink Or Shake Ready-To-Drink (Muscle Milk),Beverages,49,5.87,2.06,2.01,1 cup,256
Nutritional Drink Or Shake Ready-To-Drink Light (Muscle Milk),Beverages,38,4.78,2.1,1.15,1 cup,256
Nutritional Drink Or Shake High Protein Ready-To-Drink (Slim Fast),Beverages,58,6.59,0.85,2.88,1 cup,248
Nutritional Drink Or Shake High Protein Ready-To-Drink Nfs,Beverages,58,6.59,0.85,2.88,1 cup,256
Fluid Replacement 5% Glucose In Water,Beverages,18,0,5,0,1 cup,240
