Post Shredded Wheat N Bran Spoon-Size,Breakfast Cereals,339,10.93,80.65,2.06,1 (1/4) cup (1 nlea serving),59
Millet Puffed,Breakfast Cereals,354,13,80,3.4,1 cup,21
Oat Bran Flakes Health Valley,Breakfast Cereals,380,10,78,3,1 cup (1 nlea serving),50
Post Honey Bunches Of Oats Honey Roasted,Breakfast Cereals,401,7.12,81.19,5.46,3/4 cup (1 nlea serving),30
Frosted Oat Cereal With Marshmallows,Breakfast Cereals,400,7.1,84.7,3.33,3/4 cup (1 nlea serving),30
Weetabix Whole Grain Cereal,Breakfast Cereals,371,11.43,81.5,2.86,2 biscuits (1 nlea serving),35
Post Great Grains Raisin Date & Pecan,Breakfast Cereals,378,7.9,74.3,7.1,3/4 cup (1 nlea serving),55
Alpen,Breakfast Cereals,352,11.2,75.7,3.3,2/3 cup (1 nlea serving),55
Familia,Breakfast Cereals,388,9.5,73.8,6.3,1 cup,122
Wheat And Bran Presweetened With Nuts And Fruits,Breakfast Cereals,385,7.1,76.2,5.6,1 cup (1 nlea serving),55
Post Honey Bunches Of Oats With Almonds,Breakfast Cereals,409,7.7,79.6,7.3,3/4 cup (1 nlea serving),32
Post Great Grains Crunchy Pecan Cereal,Breakfast Cereals,403,9,73,10.5,3/4 cup (1 nlea serving),52
Post Great Grains Banana Nut Crunch,Breakfast Cereals,390,9.8,70.9,8.8,1 cup (1 nlea serving),59
Post Alpha-Bits,Breakfast Cereals,389,10,80.3,4.6,1 cup (1 nlea serving for adults),30
Quaker Capn Crunch,Breakfast Cereals,398,4.39,85.51,5.12,3/4 cup (1 nlea serving),27
Quaker Capn Crunch With Crunchberries,Breakfast Cereals,397,4.45,85.93,4.83,3/4 cup (1 nlea serving),26
Quaker Capn Crunchs Peanut Butter Crunch,Breakfast Cereals,417,7.1,78.65,9.23,3/4 cup (1 nlea serving),27
Post Fruity Pebbles,Breakfast Cereals,402,4.62,86.1,4.02,3/4 cup (1 nlea serving),27
Granola Homemade,Breakfast Cereals,489,13.67,53.88,24.31,1 cup,122
Post Grape-Nuts Cereal,Breakfast Cereals,361,11.22,80.49,1.81,1/2 cup (1 nlea serving),58
Post Grape-Nuts Flakes,Breakfast Cereals,376,9.4,82,3.7,3/4 cup (1 nlea serving),29
Quaker Sweet Crunch/quisp,Breakfast Cereals,406,4.51,85.03,6.08,1 cup (1 nlea serving),27
Post Raisin Bran Cereal,Breakfast Cereals,324,7.6,78.9,1.6,1 cup (1 nlea serving),59
Quaker Quaker Puffed Rice,Breakfast Cereals,383,7.01,87.78,0.9,3/4 cup (1 nlea serving),14
Post Golden Crisp,Breakfast Cereals,380,5.5,90.1,1.7,3/4 cup (1 nlea serving),27
Sun Country Kretschmer Honey Crunch Wheat Germ,Breakfast Cereals,372,26.55,58.11,7.78,2 tbsp (1 nlea serving),14
Corn Grits White Regular And Quick Enriched Dry,Breakfast Cereals,370,7.65,79.09,1.75,1 tbsp,9.7
White Cornmeal (Grits),Breakfast Cereals,71,1.71,14.76,0.46,1 cup,257
Quaker Corn Grits Instant Plain Dry,Breakfast Cereals,343,7.31,78.42,2.14,1 packet,29
Cream Of Wheat Regular (10 Minute) Cooked With Water Without Salt,Breakfast Cereals,50,1.44,10.52,0.21,1 cup (1 serving),251
Farina Enriched Assorted Brands Including Cream Of Wheat Quick (1-3 Minutes) Dry,Breakfast Cereals,360,11.6,73.19,1.41,1 tbsp,11
Farina Enriched Assorted Brands Including Cream Of Wheat Quick (1-3 Minutes) Cooked With Wat,Breakfast Cereals,55,1.82,10.92,0.34,1 cup,240
Cream Of Wheat Instant Dry,Breakfast Cereals,366,10.6,75.5,1.4,1 tbsp,11.5
Oats Instant Fortified Plain Dry,Breakfast Cereals,362,11.92,69.52,6.9,1 packet,28
Oats Instant Fortified Plain Prepared With Water (Boiling Water Added Or Microwaved),Breakfast Cereals,68,2.37,11.67,1.36,1 cup/ cooked,234
Quaker Instant Oatmeal Apples And Cinnamon Dry,Breakfast Cereals,366,8.62,76.74,4.61,1 packet (1 nlea serving),43
Oats Instant Fortified With Cinnamon And Spice Dry,Breakfast Cereals,369,9.53,76.08,4.84,1 packet,45
Wheatena Dry,Breakfast Cereals,357,13.1,75.6,2.9,1/3 cup (1 nlea serving),40
Wheatena Cooked With Water,Breakfast Cereals,56,2,11.8,0.5,1 cup,243
Whole Wheat Hot Natural Cereal Dry,Breakfast Cereals,342,11.2,75.2,2,1 cup,94
Whole Wheat Hot Natural Cereal Cooked With Water Without Salt,Breakfast Cereals,62,2,13.7,0.4,1 cup,242
Quaker Quaker Puffed Wheat,Breakfast Cereals,366,16.26,76.39,2.15,1 cup (1 nlea serving),15
Corn Grits Yellow Regular And Quick Unenriched Dry,Breakfast Cereals,371,8.8,79.6,1.2,1 tbsp,9.7
Corn Grits White Regular And Quick Enriched Cooked With Water With Salt,Breakfast Cereals,71,1.71,14.76,0.46,1 cup,257
Corn Grits Yellow Regular Quick Enriched Cooked With Water With Salt,Breakfast Cereals,65,1.23,13.86,0.39,1 cup,233
Malt-O-Meal Chocolate Dry,Breakfast Cereals,363,10.6,79.55,0.82,3 tbsp (1 nlea serving),35
Oats Regular And Quick And Instant Unenriched Cooked With Water (Includes Boiling And Microw,Breakfast Cereals,71,2.54,12,1.52,1 cup,234
Wheatena Cooked With Water With Salt,Breakfast Cereals,59,2.03,11.74,0.45,1 cup,243
Whole Wheat Hot Natural Cereal Cooked With Water With Salt,Breakfast Cereals,62,2,13.7,0.4,1 cup,242
Malt-O-Meal Blueberry Mini Spooners,Breakfast Cereals,350,8.81,79.4,1.92,1 cup (1 nlea serving),55
Malt-O-Meal Oat Blenders With Honey,Breakfast Cereals,396,6.78,84.94,4.17,3/4 cup (1 nlea serving),30
Malt-O-Meal Oat Blenders With Honey & Almonds,Breakfast Cereals,379,7.8,77.26,4.88,3/4 cup (1 nlea serving),30
Malt-O-Meal Honey Nut Scooters,Breakfast Cereals,387,8.59,79.62,4.51,1 cup (1 nlea serving),30
Quaker Instant Oatmeal Cinnamon Swirl High Fiber,Breakfast Cereals,366,8.79,75.67,4.8,1 packet (1 nlea serving),45
Quaker Oatmeal Real Medleys Blueberry Hazelnut Dry,Breakfast Cereals,386,9.81,69.47,9.8,1 package (1 nlea serving),70
Quaker Oatmeal Real Medleys Apple Walnut Dry,Breakfast Cereals,390,8.18,70.53,10.36,1 package (1 nlea serving),75
Quaker Oatmeal Real Medleys Summer Berry Dry,Breakfast Cereals,353,11.31,72.58,4.4,1 package (1 nlea serving),70
Quaker Quaker Multigrain Oatmeal Dry,Breakfast Cereals,334,12.64,72.62,2.73,1/2 cup (1 nlea serving),40
Chocolate-Flavored Frosted Puffed Corn,Breakfast Cereals,405,3.34,87.2,3.5,1 cup,30
Quaker Toasted Multigrain Crisps,Breakfast Cereals,372,12.38,74.9,5.11,1 (1/4) cup (1 nlea serving),57
Quaker Quaker 100% Natural Granola With Oats Wheat Honey And Raisins,Breakfast Cereals,412,9.66,74.67,10.38,1/2 cup (1 nlea serving),51
Quaker Low Fat 100% Natural Granola With Raisins,Breakfast Cereals,388,8.42,80.57,5.52,2/3 cup (1 nlea serving),55
Quaker Instant Grits Butter Flavor Dry,Breakfast Cereals,369,8.12,74.83,5.64,1 packet (1 nlea serving),28
Oat Bran Quaker Quaker/mothers Oat Bran Prepared With Water Salt,Breakfast Cereals,43,2.03,7.49,0.95,No data available,No data available
Quaker Quaker Multigrain Oatmeal Prepared With Water No Salt,Breakfast Cereals,61,2.08,13.49,0.47,No data available,No data available
Quaker Quaker Multigrain Oatmeal Prepared With Water Salt,Breakfast Cereals,61,2.07,13.47,0.47,No data available,No data available
Health Valley Fiber 7 Flakes,Breakfast Cereals,353,14.44,78.15,1.41,3/4 cup (1 nlea serving),31
Malt-O-Meal Berry Colossal Crunch,Breakfast Cereals,396,4.19,86.55,4.17,3/4 cup (1 nlea serving),30
Malt-O-Meal Crispy Rice,Breakfast Cereals,346,6.07,86.4,1.12,1 (1/4) cup (1 nlea serving),33
Malt-O-Meal Tootie Fruities,Breakfast Cereals,391,4.69,85.94,3.2,1 cup (1 nlea serving),32
Quaker Mothers Peanut Butter Bumpers Cereal,Breakfast Cereals,407,7.62,79.68,7.33,1 cup (1 nlea serving),33
Quaker Mothers Toasted Oat Bran Cereal,Breakfast Cereals,372,11.45,75.41,5.04,3/4 cup (1 nlea serving),32
Quaker Shredded Wheat Bagged Cereal,Breakfast Cereals,348,11.24,81.01,2.01,3 biscuits (1 nlea serving),63
Sun Country Kretschmer Wheat Germ Regular,Breakfast Cereals,366,31.43,49.38,9.56,2 tbsp (1 nlea serving),14
Quaker Quick Oats Dry,Breakfast Cereals,371,13.7,68.18,6.87,1/2 cup,40
Malt-O-Meal Frosted Flakes,Breakfast Cereals,389,4.25,90.2,0.87,3/4 cup (1 nlea serving),31
Quaker Instant Oatmeal Raisin And Spice Dry,Breakfast Cereals,360,9.11,75.68,4,1 packet (1 nlea serving),43
Quaker Instant Grits Redeye Gravy & Country Ham Flavor Dry,Breakfast Cereals,342,9.83,75.86,1.58,1 packet (1 nlea serving),28
Quaker Instant Grits Product With American Cheese Flavor Dry,Breakfast Cereals,360,8.8,74.18,4.67,1 packet (1 nlea serving),28
Quaker Instant Grits Ham N Cheese Flavor Dry,Breakfast Cereals,355,10.73,71.08,4.68,1 packet (1 nlea serving),28
Malt-O-Meal Honey Graham Squares,Breakfast Cereals,398,4.46,74.68,9.97,3/4 cup (1 nlea serving),30
Malt-O-Meal Raisin Bran Cereal,Breakfast Cereals,342,7.63,80.37,1.87,1 cup (1 nlea serving),59
Malt-O-Meal Blueberry Muffin Tops Cereal,Breakfast Cereals,443,4.9,79.91,11.48,3/4 cup (1 nlea serving),30
Malt-O-Meal Farina Hot Wheat Cereal Dry,Breakfast Cereals,365,10.48,77.2,0.49,3 tbsp (1 nlea serving),35
Malt-O-Meal Maple & Brown Sugar Hot Wheat Cereal Dry,Breakfast Cereals,368,8.82,80.52,0.47,1/4 cup (1 nlea serving),45
Malt-O-Meal Frosted Mini Spooners,Breakfast Cereals,354,9.09,81.81,1.94,1 cup (1 nlea serving),55
Malt-O-Meal Fruity Dyno-Bites,Breakfast Cereals,404,3.9,90.1,3.15,3/4 cup,27
Ralston Enriched Bran Flakes,Breakfast Cereals,390,10.21,79.77,3.36,1 serving (nlea serving size = 0.75 cup),29
Ralston Corn Biscuits,Breakfast Cereals,376,5.83,85.79,1.05,1 cup (nlea serving),30
Malt-O-Meal Chocolate Prepared With Water Without Salt,Breakfast Cereals,47,1.37,9.22,0.1,1 serving (3 t dry cereal plus 1 cup water),268
Post Great Grains Cranberry Almond Crunch,Breakfast Cereals,384,8.9,76.6,5.9,3/4 cup (1 nlea serving),48
Quaker Quaker Honey Graham Life Cereal,Breakfast Cereals,373,9.33,78.56,4.14,3/4 cup (1 nlea serving),32
Cream Of Wheat 2 1/2 Minute Cook Time Cooked With Water Stove-Top Without Salt,Breakfast Cereals,56,1.44,11.74,0.2,1 cup,244
Cream Of Wheat 2 1/2 Minute Cook Time Cooked With Water Microwaved Without Salt,Breakfast Cereals,52,1.88,10.1,0.37,1 cup,231
Cream Of Wheat 1 Minute Cook Time Dry,Breakfast Cereals,359,11.77,72.63,1.47,3 tablespoon (1 serving),33
Cream Of Wheat 1 Minute Cook Time Cooked With Water Stove-Top Without Salt,Breakfast Cereals,56,1.65,11.16,0.42,1 cup,245
Cream Of Wheat 1 Minute Cook Time Cooked With Water Microwaved Without Salt,Breakfast Cereals,55,1.95,10.67,0.37,1 cup,237
Quaker Capn Crunchs Oops! All Berries Cereal,Breakfast Cereals,395,4.6,87.1,3.99,1 cup (1 nlea serving),32
Quaker Oatmeal Squares Golden Maple,Breakfast Cereals,380,11.3,78.04,4.83,1 cup (1 nlea serving),56
Post Honey Bunches Of Oats With Vanilla Bunches,Breakfast Cereals,394,7.9,81.8,5.1,1 cup (1 nlea serving),56
Quaker Instant Oatmeal Cinnamon Spice Reduced Sugar,Breakfast Cereals,358,11.26,69.45,6.11,1 packet (1 nlea serving),34
Natures Path Organic Flax Plus Flakes,Breakfast Cereals,350,11.91,75.27,5.46,3/4 cup (1 nlea serving),30
Barbaras Puffins Original,Breakfast Cereals,333,7.41,84,3.7,3/4 cup (1 nlea serving),27
Post Honey Bunches Of Oats With Real Strawberries,Breakfast Cereals,399,6.7,83.3,4.9,3/4 cup (1 nlea serving),31
Post Honey Bunches Of Oats With Cinnamon Bunches,Breakfast Cereals,400,7.1,82.8,5,3/4 cup (1 nlea serving),30
General Mills Cheerios,Breakfast Cereals,372,12.4,73.2,6.6,1 cup (1 nlea serving),28
Post Cocoa Pebbles,Breakfast Cereals,397,4.8,85.7,4.1,3/4 cup (1 nlea serving),29
Quaker Quaker Crunchy Bran,Breakfast Cereals,331,6.37,83.68,4.06,3/4 cup (1 nlea serving),27
Ralston Crisp Rice,Breakfast Cereals,383,6.69,86.22,1.26,1 (1/4) cup (1 nlea serving),33
Post Bran Flakes,Breakfast Cereals,328,9.9,80.5,2.1,3/4 cup (1 nlea serving),30
Post Honeycomb Cereal,Breakfast Cereals,394,6.01,86.63,2.93,1 (1/2) cup (1 nlea serving),32
Quaker King Vitaman,Breakfast Cereals,381,6.41,83.85,3.44,1 (1/2) cup (1 nlea serving),31
Quaker Quaker Oat Life Plain,Breakfast Cereals,374,9.98,77.74,4.43,3/4 cup (1 nlea serving),32
Quaker 100% Natural Granola Oats Wheat And Honey,Breakfast Cereals,421,10.55,73.65,11.62,1/2 cup (1 nlea serving),48
Ralston Tasteeos,Breakfast Cereals,395,10.71,75.96,5.36,1 cup (1 nlea serving),28
Post Honey Nut Shredded Wheat,Breakfast Cereals,373,8.5,83.6,2.9,1 cup (1 nlea serving),59
Malt-O-Meal Corn Bursts,Breakfast Cereals,385,3.32,90.59,0.35,1 cup (1 nlea serving),31
Toasted Wheat Germ,Breakfast Cereals,382,29.1,49.6,10.7,1 oz,28.4
Quaker Corn Grits Instant Plain Prepared (Microwaved Or Boiling Water Added) Without Salt,Breakfast Cereals,74,1.58,15.95,0.49,1 cup,219
Quaker Corn Grits Instant Cheddar Cheese Flavor Dry,Breakfast Cereals,363,8.98,72.96,5.46,1 packet (1 nlea serving),28
Quaker Instant Grits Country Bacon Flavor Dry,Breakfast Cereals,340,9.93,75.39,1.73,1 packet (1 nlea serving),28
Cream Of Rice Dry,Breakfast Cereals,370,6.3,82.4,0.5,1/4 cup (1 nlea serving),45
Cream Of Wheat Regular 10 Minute Cooking Dry,Breakfast Cereals,370,10.5,76.5,1.5,1 tbsp,10.6
Cream Of Wheat Instant Prepared With Water Without Salt,Breakfast Cereals,62,1.84,13.08,0.24,1 cup,241
Malt-O-Meal Original Plain Dry,Breakfast Cereals,365,11.8,77.25,0.7,3 tbsp (1 nlea serving),35
Oats Regular And Quick Not Fortified Dry,Breakfast Cereals,379,13.15,67.7,6.52,1 cup,81
Oats Instant Fortified With Cinnamon And Spice Prepared With Water,Breakfast Cereals,96,2.37,18.95,1.21,1 cup,240
Quaker Instant Oatmeal Maple And Brown Sugar Dry,Breakfast Cereals,368,9.2,76.91,4.63,1 packet,43
Oats Instant Fortified With Raisins And Spice Prepared With Water,Breakfast Cereals,88,1.98,17.91,0.95,1 cup,240
Malt-O-Meal Marshmallow Mateys,Breakfast Cereals,387,6.94,82.77,3.53,1 cup,30
Post Shredded Wheat Original Big Biscuit,Breakfast Cereals,337,11.37,78.96,2.01,2 biscuits (1 nlea serving),47
Post Shredded Wheat Original Spoon-Size,Breakfast Cereals,351,11.8,81.4,2.1,1 cup (1 nlea serving),49
Rice Puffed Fortified,Breakfast Cereals,402,6.3,89.8,0.5,1 cup,14
Wheat Puffed Fortified,Breakfast Cereals,364,14.7,79.6,1.2,1 cup,12
Cream Of Rice Cooked With Water With Salt,Breakfast Cereals,52,0.9,11.5,0.1,1 cup,244
Cream Of Wheat Regular (10 Minute) Cooked With Water With Salt,Breakfast Cereals,50,1.46,10.66,0.21,1 cup (1 serving),251
Farina Unenriched Dry,Breakfast Cereals,369,10.6,78,0.5,1 tbsp,10.9
Farina Enriched Cooked With Water With Salt,Breakfast Cereals,53,1.82,10.92,0.34,1 cup,233
Post Shredded Wheat Lightly Frosted Spoon-Size,Breakfast Cereals,352,7.8,83.8,1.9,1 cup (1 nlea serving),52
Post Selects Blueberry Morning,Breakfast Cereals,395,6.5,81.6,5.3,1 (1/4) cup (1 nlea serving),55
Oats Instant Fortified Maple And Brown Sugar Dry,Breakfast Cereals,386,9.25,76.67,4.73,1 packet,43
Quaker Whole Hearts Oat Cereal,Breakfast Cereals,376,7.63,80.1,5.61,3/4 cup (1 nlea serving),28
Quaker Weight Control Instant Oatmeal Maple And Brown Sugar,Breakfast Cereals,361,16.37,64.25,6.2,1 packet (1 nlea serving),45
Quaker Weight Control Instant Oatmeal Banana Bread,Breakfast Cereals,361,16.5,64.42,6.16,1 packet (1 nlea serving),45
Quaker Oatmeal Real Medleys Peach Almond Dry,Breakfast Cereals,387,10.1,68.61,9.84,1 package (1 nlea serving),75
Quaker Oatmeal Real Medleys Cherry Pistachio Dry,Breakfast Cereals,394,12.02,66.73,11.02,1 package (1 nlea serving),73
Quaker Instant Oatmeal Weight Control Cinnamon,Breakfast Cereals,361,16.5,64.21,6.28,1 packet (1 nlea serving),45
Moms Best Sweetened Wheat-Fuls,Breakfast Cereals,373,8.18,80.91,1.83,1 cup (1 nlea serving),55
Malt-O-Meal Coco-Roos,Breakfast Cereals,389,3.41,86.75,4.61,3/4 cup (1 nlea serving),30
Quaker Quaker Oat Cinnamon Life,Breakfast Cereals,374,9.14,79.02,4.1,3/4 cup (1 nlea serving),32
Quaker Honey Graham Oh!s,Breakfast Cereals,412,3.92,83.65,7.63,3/4 cup (1 nlea serving),27
Quaker Oatmeal Squares,Breakfast Cereals,379,11.38,77.77,4.83,1 cup (1 nlea serving),56
Quaker Oatmeal Squares Cinnamon,Breakfast Cereals,379,11.23,78.09,4.88,1 cup (1 nlea serving),56
Quaker Instant Oatmeal Fruit And Cream Variety Dry,Breakfast Cereals,379,8.3,75.42,6.37,1 packet,35
Quaker Instant Oatmeal Raisins Dates And Walnuts Dry,Breakfast Cereals,371,8.82,72.41,6.98,1 packet,37
Quaker Oat Bran Quaker/mothers Oat Bran Dry,Breakfast Cereals,364,17.03,62.94,7.97,1/2 cup (1 nlea serving),40
Quaker Oat Bran Quaker/mothers Oat Bran Prepared With Water No Salt,Breakfast Cereals,43,2.03,7.49,0.95,No data available,No data available
Post Waffle Crisp,Breakfast Cereals,390,6.6,83,5,1 cup (1 nlea serving),30
Quaker Hominy Grits White Quick Dry,Breakfast Cereals,348,8.8,79.6,1.2,1/4 cup,37
Quaker Hominy Grits White Regular Dry,Breakfast Cereals,361,8.8,79.2,1.6,1/4 cup (1 nlea serving),41
Malt-O-Meal Colossal Crunch,Breakfast Cereals,401,3.64,81.59,5.28,3/4 cup (1 nlea serving),30
Quaker Mothers Cinnamon Oat Crunch,Breakfast Cereals,382,10.6,79.79,4.56,1 cup (1 nlea serving),60
Quaker Mothers Graham Bumpers,Breakfast Cereals,379,4.55,88.89,1.45,3/4 cup (1 nlea serving),28
Quaker Mothers Cocoa Bumpers,Breakfast Cereals,382,4.21,89.91,1.61,1 cup (1 nlea serving),33
Sun Country Kretschmer Toasted Wheat Bran,Breakfast Cereals,200,17.56,59.51,5.16,1/4 cup (1 nlea serving),16
Quaker Instant Oatmeal Cinnamon-Spice Dry,Breakfast Cereals,369,10.39,74.52,5.1,1 packet (1 nlea serving),43
Quaker Instant Oatmeal Dinosaur Eggs Brown Sugar Dry,Breakfast Cereals,384,8.69,73.68,7.59,1 packet (1 nlea serving),50
Quaker Instant Oatmeal Banana Bread Dry,Breakfast Cereals,368,8.97,75.7,4.85,1 packet (1 nlea serving),41
Uncle Sam Cereal,Breakfast Cereals,346,15.98,65.78,11.6,3/4 cup (1 nlea serving),55
Quaker Quick Oats With Iron Dry,Breakfast Cereals,371,13.7,68.18,6.87,1/2 cup,40
Quaker Whole Wheat Natural Cereal Dry,Breakfast Cereals,333,11.8,74.8,2,1/2 cup,40
Malt-O-Meal Honey Buzzers,Breakfast Cereals,379,3.45,89.66,1.72,1 (1/3) cup,29
Malt-O-Meal Golden Puffs,Breakfast Cereals,370,5.77,89.72,0.89,3/4 cup (1 nlea serving),27
Moms Best Honey Nut Toasty Os,Breakfast Cereals,388,8.6,79.84,4.51,1 cup (1 nlea serving),30
Malt-O-Meal Apple Zings,Breakfast Cereals,390,4.51,87.3,2.71,1 cup (1 nlea serving),33
Malt-O-Meal Cinnamon Toasters,Breakfast Cereals,425,3.32,78.33,12.06,3/4 cup (1 nlea serving),30
Malt-O-Meal Cocoa Dyno-Bites,Breakfast Cereals,397,4.15,87.93,3.43,3/4 cup (1 nlea serving),29
Ralston Corn Flakes,Breakfast Cereals,384,5.9,88.01,0.91,1 cup (1 nlea serving),28
Ralston Crispy Hexagons,Breakfast Cereals,379,5.94,86.78,0.95,1 cup (1 nlea serving),29
Malt-O-Meal Original Plain Prepared With Water Without Salt,Breakfast Cereals,48,1.67,10.09,0.09,1 serving (3 t dry cereal plus 1 cup water),268
Quaker Christmas Crunch,Breakfast Cereals,397,4.44,85.92,4.83,3/4 cup (1 nlea serving),26
Post Selects Maple Pecan Crunch,Breakfast Cereals,413,8.5,77.4,8.7,3/4 cup (1 nlea serving),52
Natures Path Organic Flax Plus Pumpkin Granola,Breakfast Cereals,467,11.23,66.1,18.33,3/4 cup (1 nlea serving),55
Cream Of Wheat 2 1/2 Minute Cook Time Dry,Breakfast Cereals,355,11.61,71.79,1.41,3 tablespoon (1 nlea serving),33
Incaparina Dry Mix (Corn And Soy Flours) Unprepared,Breakfast Cereals,379,21.75,60.53,5.58,1 tbsp,8.9
Quaker Capn Crunchs Halloween Crunch,Breakfast Cereals,402,4.41,85.14,5.66,3/4 cup (1 nlea serving),26
Quaker Natural Granola Apple Cranberry Almond,Breakfast Cereals,418,9.21,74.73,11.06,1/2 cup (1 nlea serving),49
Quaker Maple Brown Sugar Life Cereal,Breakfast Cereals,373,9.17,78.86,4.06,3/4 cup (1 nlea serving),32
Quaker Instant Oatmeal Organic Regular,Breakfast Cereals,367,16,67,6.3,1 packet,41
Quaker Instant Oatmeal Fruit And Cream Variety Of Flavors Reduced Sugar,Breakfast Cereals,376,10.16,71.57,7.46,1 packet,33
Quaker Instant Oatmeal Apple And Cinnamon Reduced Sugar,Breakfast Cereals,358,10.29,72.17,5.64,1 packet (1 nlea serving),31
Post Honey Bunches Of Oats Pecan Bunches,Breakfast Cereals,399,7,82,5.4,3/4 cup (1 nlea serving),29
Malt-O-Meal Chocolate Marshmallow Mateys,Breakfast Cereals,392,3.5,88.18,3.67,3/4 cup (1 nlea serving),30
Cereal Cooked Nfs,Breakfast Cereals,64,2.21,11.36,1.09,1 cup/ cooked,240
Grits Ns As To Regular Quick Or Instant Ns As To Fat Added In Cooking,Breakfast Cereals,70,1.19,12.2,1.78,1 cup/ cooked,240
Grits Ns As To Regular Quick Or Instant Fat Not Added In Cooking,Breakfast Cereals,58,1.2,12.41,0.28,1 cup/ cooked,240
Grits Ns As To Regular Quick Or Instant Fat Added In Cooking,Breakfast Cereals,70,1.19,12.2,1.78,1 cup/ cooked,240
Grits Regular Or Quick Made With Water Ns As To Fat Added In Cooking,Breakfast Cereals,70,1.19,12.2,1.78,1 cup/ cooked,240
Grits Regular Or Quick Made With Water Fat Not Added In Cooking,Breakfast Cereals,58,1.2,12.41,0.28,1 cup/ cooked,240
Grits Regular Or Quick Made With Water Fat Added In Cooking,Breakfast Cereals,70,1.19,12.2,1.78,1 cup/ cooked,240
Grits Regular Or Quick Made With Milk Ns As To Fat Added In Cooking,Breakfast Cereals,121,4.46,17.05,3.82,1 cup/ cooked,240
Grits Regular Or Quick Made With Milk Fat Not Added In Cooking,Breakfast Cereals,110,4.53,17.35,2.36,1 cup/ cooked,240
Grits Regular Or Quick Made With Milk Fat Added In Cooking,Breakfast Cereals,121,4.46,17.05,3.82,1 cup/ cooked,240
Grits Regular Or Quick Made With Non-Dairy Milk Ns As To Fat Added In Cooking,Breakfast Cereals,102,2.31,16.14,3.03,1 cup/ cooked,240
Grits Regular Or Quick Made With Non-Dairy Milk Fat Not Added In Cooking,Breakfast Cereals,90,2.34,16.43,1.55,1 cup/ cooked,240
Grits Regular Or Quick Made With Non-Dairy Milk Fat Added In Cooking,Breakfast Cereals,102,2.31,16.14,3.03,1 cup/ cooked,240
Grits With Cheese Ns As To Fat Added In Cooking,Breakfast Cereals,107,3.51,11.43,5.16,1 cup/ cooked,240
Grits With Cheese Fat Not Added In Cooking,Breakfast Cereals,96,3.56,11.61,3.84,1 cup/ cooked,240
Grits With Cheese Fat Added In Cooking,Breakfast Cereals,107,3.51,11.43,5.16,1 cup/ cooked,240
Grits Instant Made With Water Fat Not Added In Cooking,Breakfast Cereals,65,1.38,14.84,0.4,1 cup/ cooked,240
Grits Instant Made With Water Fat Added In Cooking,Breakfast Cereals,84,1.36,14.36,2.76,1 cup/ cooked,240
Grits Instant Made With Water Ns As To Fat Added In Cooking,Breakfast Cereals,84,1.36,14.36,2.76,1 cup/ cooked,240
Grits Instant Made With Milk Fat Added In Cooking,Breakfast Cereals,124,3.92,18.17,4.37,1 cup/ cooked,240
Grits Instant Made With Milk Fat Not Added In Cooking,Breakfast Cereals,106,4.03,18.77,2.06,1 cup/ cooked,240
Grits Instant Made With Milk Ns As To Fat Added In Cooking,Breakfast Cereals,124,3.92,18.17,4.37,1 cup/ cooked,240
Grits Instant Made With Non-Dairy Milk Ns As To Fat Added In Cooking,Breakfast Cereals,109,2.23,17.46,3.74,1 cup/ cooked,240
Instant Grits (Made with Vegetable Fat),Breakfast Cereals,91,2.29,18.04,1.42,1 cup/ cooked,240
Grits Instant Made With Non-Dairy Milk Fat Added In Cooking,Breakfast Cereals,109,2.23,17.46,3.74,1 cup/ cooked,240
Cornmeal Mush Ns As To Fat Added In Cooking,Breakfast Cereals,70,1.11,12.25,1.78,1 cup/ cooked,240
Cornmeal Mush Fat Not Added In Cooking,Breakfast Cereals,58,1.12,12.47,0.28,1 cup/ cooked,240
Cornmeal Mush Fat Added In Cooking,Breakfast Cereals,70,1.11,12.25,1.78,1 cup/ cooked,240
Cornmeal Puerto Rican Style,Breakfast Cereals,148,4.05,28.15,2.17,1 cup/ cooked,240
Masa Harina Cooked,Breakfast Cereals,97,2.26,20.5,0.99,1 cup/ cooked,240
Oatmeal From Fast Food Plain,Breakfast Cereals,79,2.6,11.95,2.4,1 cup/ cooked,240
Oatmeal From Fast Food Maple Flavored,Breakfast Cereals,109,2.4,20.39,2.2,1 cup/ cooked,240
Oatmeal From Fast Food Fruit Flavored,Breakfast Cereals,122,2.28,24.61,2.04,1 cup/ cooked,240
Oatmeal From Fast Food Other Flavors,Breakfast Cereals,109,2.4,20.39,2.2,1 cup/ cooked,240
Oatmeal Ns As To Regular Quick Or Instant Ns As To Fat Added In Cooking,Breakfast Cereals,76,2.18,11.17,2.57,1 cup/ cooked,240
Oatmeal Ns As To Regular Quick Or Instant Fat Not Added In Cooking,Breakfast Cereals,64,2.21,11.36,1.09,1 cup/ cooked,240
Oatmeal Ns As To Regular Quick Or Instant Fat Added In Cooking,Breakfast Cereals,76,2.18,11.17,2.57,1 cup/ cooked,240
Oatmeal Regular Or Quick Made With Water Ns As To Fat Added In Cooking,Breakfast Cereals,76,2.18,11.17,2.57,1 cup/ cooked,240
Oatmeal Regular Or Quick Made With Water Fat Not Added In Cooking,Breakfast Cereals,64,2.21,11.36,1.09,1 cup/ cooked,240
Oatmeal Regular Or Quick Made With Water Fat Added In Cooking,Breakfast Cereals,76,2.18,11.17,2.57,1 cup/ cooked,240
Oatmeal Regular Or Quick Made With Milk Ns As To Fat Added In Cooking,Breakfast Cereals,126,5.41,15.97,4.59,1 cup/ cooked,240
Oatmeal Regular Or Quick Made With Milk Fat Not Added In Cooking,Breakfast Cereals,115,5.5,16.25,3.15,1 cup/ cooked,240
Oatmeal Regular Or Quick Made With Milk Fat Added In Cooking,Breakfast Cereals,126,5.41,15.97,4.59,1 cup/ cooked,240
Oatmeal Regular Or Quick Made With Non-Dairy Milk Ns As To Fat Added In Cooking,Breakfast Cereals,107,3.28,15.08,3.81,1 cup/ cooked,240
Oatmeal Regular Or Quick Made With Non-Dairy Milk Fat Not Added In Cooking,Breakfast Cereals,96,3.33,15.34,2.35,1 cup/ cooked,240
Oatmeal Regular Or Quick Made With Non-Dairy Milk Fat Added In Cooking,Breakfast Cereals,107,3.28,15.08,3.81,1 cup/ cooked,240
Oatmeal Instant Plain Made With Water Ns As To Fat Added In Cooking,Breakfast Cereals,87,2.2,12.74,3.64,1 cup/ cooked,240
Oatmeal Instant Plain Made With Water Fat Not Added In Cooking,Breakfast Cereals,68,2.26,13.15,1.3,1 cup/ cooked,240
Oatmeal Instant Plain Made With Water Fat Added In Cooking,Breakfast Cereals,87,2.2,12.74,3.64,1 cup/ cooked,240
Oatmeal Instant Plain Made With Milk Ns As To Fat Added In Cooking,Breakfast Cereals,127,4.76,16.54,5.24,1 cup/ cooked,240
Oatmeal Instant Plain Made With Milk Fat Not Added In Cooking,Breakfast Cereals,110,4.9,17.08,2.96,1 cup/ cooked,240
Oatmeal  Instant Plain Made With Milk Fat Added In Cooking,Breakfast Cereals,127,4.76,16.54,5.24,1 cup/ cooked,240
Oatmeal Instant Plain Made With Non-Dairy Milk Ns As To Fat Added In Cooking,Breakfast Cereals,112,3.08,15.83,4.62,1 cup/ cooked,240
Oatmeal Instant Plain Made With Non-Dairy Milk Fat Not Added In Cooking,Breakfast Cereals,94,3.16,16.35,2.32,1 cup/ cooked,240
Oatmeal Instant Plain Made With Non-Dairy Milk Fat Added In Cooking,Breakfast Cereals,112,3.08,15.83,4.62,1 cup/ cooked,240
Oatmeal Instant Maple Flavored Ns As To Fat Added In Cooking,Breakfast Cereals,113,2.38,19.64,3.37,1 cup/ cooked,240
Oatmeal Instant Maple Flavored Fat Not Added In Cooking,Breakfast Cereals,97,2.44,20.23,1.25,1 cup/ cooked,240
Oatmeal Instant Maple Flavored Fat Added In Cooking,Breakfast Cereals,113,2.38,19.64,3.37,1 cup/ cooked,240
Oatmeal Instant Fruit Flavored Ns As To Fat Added In Cooking,Breakfast Cereals,112,2.29,19.51,3.32,1 cup/ cooked,240
Oatmeal Instant Fruit Flavored Fat Not Added In Cooking,Breakfast Cereals,96,2.34,20.09,1.19,1 cup/ cooked,240
Oatmeal Instant Fruit Flavored Fat Added In Cooking,Breakfast Cereals,112,2.29,19.51,3.32,1 cup/ cooked,240
Oatmeal Instant Other Flavors Ns As To Fat Added In Cooking,Breakfast Cereals,113,2.38,19.64,3.37,1 cup/ cooked,240
Oatmeal Instant Other Flavors Fat Not Added In Cooking,Breakfast Cereals,97,2.44,20.23,1.25,1 cup/ cooked,240
Oatmeal Instant Other Flavors Fat Added In Cooking,Breakfast Cereals,113,2.38,19.64,3.37,1 cup/ cooked,240
Oatmeal Reduced Sugar Plain Ns As To Fat Added In Cooking,Breakfast Cereals,100,2.29,16.11,3.51,1 cup/ cooked,240
Oatmeal Reduced Sugar Plain Fat Not Added In Cooking,Breakfast Cereals,83,2.35,16.62,1.28,1 cup/ cooked,240
Oatmeal Reduced Sugar Plain Fat Added In Cooking,Breakfast Cereals,100,2.29,16.11,3.51,1 cup/ cooked,240
Oatmeal Made With Milk And Sugar Puerto Rican Style,Breakfast Cereals,145,4.57,26.36,2.62,1 cup/ cooked,240
Oatmeal Reduced Sugar Flavored Ns As To Fat Added In Cooking,Breakfast Cereals,100,2.29,16.11,3.51,1 cup/ cooked,240
Oatmeal Reduced Sugar Flavored Fat Not Added In Cooking,Breakfast Cereals,83,2.35,16.62,1.28,1 cup/ cooked,240
Oatmeal Reduced Sugar Flavored Fat Added In Cooking,Breakfast Cereals,100,2.29,16.11,3.51,1 cup/ cooked,240
Oatmeal Multigrain Ns As To Fat Added In Cooking,Breakfast Cereals,68,2.1,11.98,1.95,1 cup/ cooked,240
Oatmeal Multigrain Fat Not Added In Cooking,Breakfast Cereals,56,2.12,12.19,0.46,1 cup/ cooked,240
Oatmeal Multigrain Fat Added In Cooking,Breakfast Cereals,68,2.1,11.98,1.95,1 cup/ cooked,240
Rice Cream Of Cooked Fat Not Added In Cooking,Breakfast Cereals,69,1.17,15.28,0.09,1 cup/ cooked,240
Rice Creamed Made With Milk And Sugar Puerto Rican Style,Breakfast Cereals,88,2.19,17.47,0.96,1 cup/ cooked,245
Rice Cream Of Cooked Fat Added In Cooking,Breakfast Cereals,80,1.16,15.03,1.56,1 cup/ cooked,240
Rice Cream Of Cooked Ns As To Fat Added In Cooking,Breakfast Cereals,80,1.16,15.03,1.56,1 cup/ cooked,240
Rice Cream Of Cooked Made With Milk,Breakfast Cereals,130,4.34,19.74,3.55,1 cup/ cooked,240
Cream Of Wheat Ns As To Regular Quick Or Instant Ns As To Fat Added In Cooking,Breakfast Cereals,64,1.44,10.39,1.74,1 cup/ cooked,240
Cream Of Wheat Ns As To Regular Quick Or Instant Fat Not Added In Cooking,Breakfast Cereals,51,1.45,10.57,0.21,1 cup/ cooked,240
Cream Of Wheat Ns As To Regular Quick Or Instant Fat Added In Cooking,Breakfast Cereals,64,1.44,10.39,1.74,1 cup/ cooked,240
Cream Of Wheat Regular Or Quick Made With Water Ns As To Fat Added In Cooking,Breakfast Cereals,64,1.44,10.39,1.74,1 cup/ cooked,240
Cream Of Wheat Regular Or Quick Made With Water Fat Not Added In Cooking,Breakfast Cereals,51,1.45,10.57,0.21,1 cup/ cooked,240
Cream Of Wheat Regular Or Quick Made With Water Fat Added In Cooking,Breakfast Cereals,64,1.44,10.39,1.74,1 cup/ cooked,240
Cream Of Wheat Regular Or Quick Made With Milk Ns As To Fat Added In Cooking,Breakfast Cereals,115,4.76,15.33,3.82,1 cup/ cooked,240
Cream Of Wheat Regular Or Quick Made With Milk Fat Not Added In Cooking,Breakfast Cereals,104,4.84,15.6,2.33,1 cup/ cooked,240
Cream Of Wheat Regular Or Quick Made With Milk Fat Added In Cooking,Breakfast Cereals,115,4.76,15.33,3.82,1 cup/ cooked,240
Cream Of Wheat Regular Or Quick Made With Non-Dairy Milk Ns As To Fat Added In Cooking,Breakfast Cereals,96,2.57,14.41,3.02,1 cup/ cooked,240
Cream Of Wheat Regular Or Quick Made With Non-Dairy Milk Fat Not Added In Cooking,Breakfast Cereals,84,2.61,14.66,1.5,1 cup/ cooked,240
Cream Of Wheat Regular Or Quick Made With Non-Dairy Milk Fat Added In Cooking,Breakfast Cereals,96,2.57,14.41,3.02,1 cup/ cooked,240
Cream Of Wheat Instant Made With Water Fat Not Added In Cooking,Breakfast Cereals,66,1.52,14.43,0.2,1 cup/ cooked,240
Wheat Cream Of Cooked Made With Milk And Sugar Puerto Rican Style,Breakfast Cereals,109,3.95,18.84,1.95,1 cup/ cooked,245
Cream Of Wheat Instant Made With Water Fat Added In Cooking,Breakfast Cereals,81,1.5,14.08,2.01,1 cup/ cooked,240
Cream Of Wheat Instant Made With Water Ns As To Fat Added In Cooking,Breakfast Cereals,81,1.5,14.08,2.01,1 cup/ cooked,240
Cream Of Wheat Instant Made With Milk Fat Added In Cooking,Breakfast Cereals,121,4.11,17.96,3.65,1 cup/ cooked,240
Cream Of Wheat Instant Made With Milk Fat Not Added In Cooking,Breakfast Cereals,108,4.2,18.41,1.88,1 cup/ cooked,240
Cream Of Wheat Instant Made With Milk Ns As To Fat Added In Cooking,Breakfast Cereals,121,4.11,17.96,3.65,1 cup/ cooked,240
Cream Of Wheat Instant Made With Non-Dairy Milk Ns As To Fat Added In Cooking,Breakfast Cereals,106,2.39,17.24,3.01,1 cup/ cooked,240
Cream Of Wheat Instant Made With Non-Dairy Milk Fat Not Added In Cooking,Breakfast Cereals,92,2.44,17.67,1.23,1 cup/ cooked,240
Cream Of Wheat Instant Made With Non-Dairy Milk Fat Added In Cooking,Breakfast Cereals,106,2.39,17.24,3.01,1 cup/ cooked,240
Whole Wheat Cereal Cooked Ns As To Fat Added In Cooking,Breakfast Cereals,60,1.53,10.21,1.81,1 cup/ cooked,240
Whole Wheat Cereal Cooked Fat Not Added In Cooking,Breakfast Cereals,47,1.55,10.39,0.28,1 cup/ cooked,240
Whole Wheat Cereal Cooked Fat Added In Cooking,Breakfast Cereals,60,1.53,10.21,1.81,1 cup/ cooked,240
Wheat Cereal Chocolate Flavored Cooked,Breakfast Cereals,49,1.79,11.02,0.47,1 cup/ cooked,240
Cream Of Rye,Breakfast Cereals,41,1.28,8.86,0.18,1 cup/ cooked,240
Cereal Oat Nfs,Breakfast Cereals,376,12.09,73.23,6.73,1 cup/ nfs,33
Cereal Ready-To-Eat Nfs,Breakfast Cereals,374,8.92,79.48,4.86,1 cup,40
Cereal (General Mills Cheerios Apple Cinnamon),Breakfast Cereals,386,8.3,79.9,6.09,1 cup,40
Cereal (General Mills Cheerios Banana Nut),Breakfast Cereals,375,5.5,84.69,4,1 cup,37
Cereal (General Mills Basic 4),Breakfast Cereals,358,6.69,79.09,4,1 cup,55
Cereal (General Mills Kix Berry Berry),Breakfast Cereals,376,6.19,83.9,4.19,1 cup,33
Cereal (General Mills Cheerios Berry Burst),Breakfast Cereals,378,8.8,80.5,4.5,1 cup,36
Cereal (General Mills Boo Berry),Breakfast Cereals,386,5.5,85.4,4.3,1 cup,33
Cereal (General Mills Cheerios),Breakfast Cereals,376,12.09,73.23,6.73,10 cheerios,1
Cereal (General Mills Chex Chocolate),Breakfast Cereals,412,4.8,81.09,8.39,1 cup,43
Cereal (General Mills Chex Cinnamon),Breakfast Cereals,403,5,82.4,6.59,1 cup,39
Cereal (General Mills Cheerios Chocolate),Breakfast Cereals,380,5.8,83.5,5.09,1 cup,36
Cereal (General Mills Lucky Charms Chocolate),Breakfast Cereals,381,5.59,84.4,4.4,1 cup,37
Cereal (Kellogg's Cinnabon),Breakfast Cereals,410,5.69,83.3,7.3,1 cup,30
Cereal (General Mills Cinnamon Toast Crunch),Breakfast Cereals,410,5.45,77.99,10.25,1 cup,40
Cereal (General Mills Honey Nut Clusters),Breakfast Cereals,374,7.7,85.2,2,1 cup,55
Cereal (Kellogg's Cocoa Krispies),Breakfast Cereals,389,4.6,87.9,2.7,1 cup,41
Cereal (General Mills Cocoa Puffs),Breakfast Cereals,383,5.6,83.7,5.2,1 cup,36
Cereal (General Mills 25% Less Sugar Cocoa Puffs),Breakfast Cereals,380,6.5,82.69,5.19,1 cup,32
Cereal (General Mills Cookie Crisp),Breakfast Cereals,380,5.2,84.5,4.4,1 cup,35
Cereal (General Mills Chex Corn),Breakfast Cereals,370,6.4,85,2.4,1 piece,0
Cereal Corn Flakes,Breakfast Cereals,357,7.5,84.1,0.4,1 cup,25
Cereal (Kellogg's Corn Flakes),Breakfast Cereals,357,7.5,84.1,0.4,1 cup,28
Cereal (General Mills Count Chocula),Breakfast Cereals,383,5.4,84.5,4.69,1 cup,36
Cereal (Kellogg's Crispix),Breakfast Cereals,378,6.59,87.19,0.8,1 cup,29
Cereal Crispy Brown Rice,Breakfast Cereals,394,6.69,86.22,1.26,1 cup,32
Cereal (General Mills Frankenberry),Breakfast Cereals,386,5.5,85.4,4.3,1 cup,33
Cereal (Kellogg's Froot Loops Marshmallow),Breakfast Cereals,376,4.59,89.3,2.79,1 cup,29
Cereal (General Mills Cheerios Frosted),Breakfast Cereals,376,9,79.8,4.69,1 cup,37
Cereal Frosted Rice,Breakfast Cereals,384,4.3,91.3,0.4,1 cup,45
Cereal (Kellogg's Frosted Krispies),Breakfast Cereals,384,4.3,91.3,0.4,1 cup,40
Cereal (General Mills Cheerios Fruity),Breakfast Cereals,381,5.8,84.19,4.59,1 cup,36
Cereal (General Mills Golden Grahams),Breakfast Cereals,374,5.3,85.1,3.2,1 cup,40
Cereal Granola,Breakfast Cereals,381,9,80.1,5.2,1 cup,111
Cereal (Kellogg's Low Fat Granola),Breakfast Cereals,389,8.7,80.9,5.7,1 cup,98
Cereal (Kellogg's Low Fat Granola With Raisins),Breakfast Cereals,381,9,80.1,5.2,1 cup,90
Cereal (Kellogg's Honey Crunch Corn Flakes),Breakfast Cereals,385,6.8,87,1.9,1 cup,40
Cereal (General Mills Chex Honey Nut),Breakfast Cereals,375,6.3,86.67,2,1 piece,0
Cereal (General Mills Cheerios Honey Nut),Breakfast Cereals,376,8.85,79.69,5,1 cup,37
Cereal (Kellogg's Honey Smacks),Breakfast Cereals,380,5.7,88.5,2.2,1 cup,36
Cereal (Kashi Heart To Heart Oat Flakes And Blueberry Clusters),Breakfast Cereals,376,10.39,80.3,3.79,1 cup,55
Cereal (General Mills Lucky Charms),Breakfast Cereals,380,7.67,80.89,5.02,1 cup,36
Cereal (Malt-O-Meal Blueberry Muffin Tops),Breakfast Cereals,374,5.3,85.1,3.2,1 cup,40
Cereal (Malt-O-Meal Crispy Rice),Breakfast Cereals,381,6.75,85.05,2.05,1 cup,28
Cereal (Malt-O-Meal Honey Graham Squares),Breakfast Cereals,374,5.3,85.1,3.2,1 cup,40
Cereal (Malt-O-Meal Honey Nut Toasty O's),Breakfast Cereals,376,8.85,79.69,5,1 cup,38
Cereal (Malt-O-Meal Golden Puffs),Breakfast Cereals,380,5.7,88.5,2.2,1 cup,32
Cereal (Malt-O-Meal Toasted Oat Cereal),Breakfast Cereals,376,12.09,73.23,6.73,1 cup,22
Cereal Muesli,Breakfast Cereals,355,8.6,74.9,5.4,1 cup,85
Cereal (General Mills Cheerios Multigrain),Breakfast Cereals,370,8.3,81.4,4.09,1 cup,30
Cereal (Nature Valley Granola),Breakfast Cereals,381,7.9,79.4,4.69,1 cup,82
Cereal (General Mills Cheerios Oat Cluster Crunch),Breakfast Cereals,378,8.5,80.7,4.6,1 cup,36
Cereal (General Mills Cheerios Protein),Breakfast Cereals,378,12.26,76.19,5.08,1 cup,28
Cereal (General Mills Oatmeal Crisp With Almonds),Breakfast Cereals,390,9.89,78.09,6.69,1 cup,60
Cereal (General Mills Oatmeal Crisp With Raisins),Breakfast Cereals,372,8.5,80.8,3.79,1 cup,62
Cereal (Kellogg's Product 19),Breakfast Cereals,374,8.5,84.3,1.3,1 cup,30
Cereal (General Mills Reese's Puffs),Breakfast Cereals,413,6.8,75.6,11.1,1 cup,40
Cereal (General Mills Chex Rice),Breakfast Cereals,375,6.4,85.09,1.89,1 cup,27
Cereal Rice Flakes,Breakfast Cereals,394,6.69,86.22,1.26,1 cup,27
Cereal (Kellogg's Rice Krispies),Breakfast Cereals,381,6.75,85.05,2.05,1 cup,26
Cereal (Kellogg's Rice Krispies Treats Cereal),Breakfast Cereals,395,4.3,85.59,4.19,1 cup,40
Cereal (Kellogg's Smart Start Strong),Breakfast Cereals,371,7.5,86.8,1.5,1 cup,50
Cereal (Kellogg's Special K),Breakfast Cereals,377,17.79,73.4,1.79,1 cup,31
Cereal (Kellogg's Special K Blueberry),Breakfast Cereals,363,6.9,86.3,1.5,1 cup,40
Cereal (Kellogg's Special K Low Fat Granola),Breakfast Cereals,389,8.7,80.9,5.7,1 cup,104
Cereal (Kellogg's Corn Pops),Breakfast Cereals,387,4.8,89.7,1.3,1 cup,29
Cereal Frosted Corn Flakes,Breakfast Cereals,369,3.96,89.2,1.68,1 cup,40
Cereal (Kellogg's Frosted Flakes),Breakfast Cereals,369,3.96,89.2,1.68,1 cup,41
Cereal (Kellogg's Frosted Flakes Reduced Sugar),Breakfast Cereals,357,5.59,87.3,0.4,1 cup,31
Cereal (General Mills Trix),Breakfast Cereals,384,4.9,86.19,3.79,1 cup,32
Cereal (General Mills 25% Less Sugar Trix),Breakfast Cereals,383,5.4,85.5,4,1 cup,30
Cereal Puffed Wheat Sweetened,Breakfast Cereals,380,5.7,88.5,2.2,1 cup,38
Cereal (General Mills Cheerios Yogurt Burst),Breakfast Cereals,400,6.67,81.75,5.23,1 cup,40
Upma Indian Breakfast Dish,Breakfast Cereals,87,2.06,14.04,2.56,1 cup/ cooked,170
Hominy Cooked Ns As To Fat Added In Cooking,Breakfast Cereals,87,1.45,13.79,2.86,1 cup,170
Hominy Cooked Fat Not Added In Cooking,Breakfast Cereals,72,1.47,14.17,0.88,1 cup,165
Hominy Cooked Fat Added In Cooking,Breakfast Cereals,87,1.45,13.79,2.86,1 cup,170
