Whipped Topping Frozen Low Fat,Dairy and Egg Products,224,3,23.6,13.1,1 cup,75
Cream Substitute Powdered Light,Dairy and Egg Products,431,1.9,73.4,15.7,1 cup,94
Milk Buttermilk Fluid Cultured Reduced Fat,Dairy and Egg Products,56,4.1,5.3,2,1 cup,245
Cheese Cottage Lowfat 1% Milkfat Lactose Reduced,Dairy and Egg Products,74,12.4,3.2,1,4 oz,113
Grated Parmesan Cheese (Low-Sodium),Dairy and Egg Products,451,41.6,3.7,29.99,1 cup/ grated,100
Cheese Cottage Lowfat 1% Milkfat With Vegetables,Dairy and Egg Products,67,10.9,3,1,4 oz,113
Milk Imitation Non-Soy,Dairy and Egg Products,46,1.6,5.3,2,1 cup,244
Cheese Mozzarella Low Sodium,Dairy and Egg Products,280,27.5,3.1,17.1,1 cup/ diced,132
Imitation Cheese American Or Cheddar Low Cholesterol,Dairy and Egg Products,390,25,1,32,1 cup/ shredded,113
Cream Substitute Liquid Light,Dairy and Egg Products,71,0.8,9.1,3.5,1 fl oz,30
Cheese Monterey Low Fat,Dairy and Egg Products,313,28.2,0.7,21.6,1 cup/ diced,132
Cheese Cottage Lowfat 1% Milkfat No Sodium Added,Dairy and Egg Products,72,12.4,2.7,1,4 oz,113
Cheese Pasteurized Process Cheddar Or American Low Sodium,Dairy and Egg Products,376,22.2,1.6,31.19,1 cup/ diced,140
Cheese Swiss Low Sodium,Dairy and Egg Products,374,28.4,3.4,27.4,1 slice,28
Cheese Swiss Low Fat,Dairy and Egg Products,179,28.4,3.4,5.1,1 slice (1 oz),28
Cheese Muenster Low Fat,Dairy and Egg Products,271,24.7,3.5,17.6,1 cup/ shredded,113
Mozzarella Cheese (Non-Fat Or Fat Free),Dairy and Egg Products,141,31.7,3.5,0,1 cup/ shredded,113
Beverage Instant Breakfast Powder Chocolate Not Reconstituted,Dairy and Egg Products,353,19.9,66.2,1.4,1 tbsp,7.4
Cheese Cottage With Vegetables,Dairy and Egg Products,95,10.9,3,4.2,4 oz,113
Cheese Cream Low Fat,Dairy and Egg Products,208,7.85,6.73,16.67,1 tbsp,15
Cheese Pasteurized Process American Low Fat,Dairy and Egg Products,180,24.6,3.5,7,1 cup/ diced,140
Cheese Spread Cream Cheese Base,Dairy and Egg Products,295,7.1,3.5,28.6,1 oz,28.4
Milk Fluid Nonfat Calcium Fortified (Fat Free Or Skim),Dairy and Egg Products,35,3.4,4.85,0.18,1 cup,247
Beverage Instant Breakfast Powder Chocolate Sugar-Free Not Reconstituted,Dairy and Egg Products,358,35.8,41,5.1,1 tbsp,5.6
Yogurt Fruit Variety Nonfat,Dairy and Egg Products,95,4.4,19,0.2,1 container (6 oz),170
Whipped Cream Substitute Dietetic Made From Powdered Mix,Dairy and Egg Products,100,0.9,10.6,6,1 cup,80
Cheese American Cheddar Imitation,Dairy and Egg Products,239,16.7,11.6,14,1 slice,21
Eggs Scrambled Frozen Mixture,Dairy and Egg Products,131,13.1,7.5,5.6,1 oz,28.4
Fontina Cheese,Dairy and Egg Products,389,25.6,1.55,31.14,1 cup/ diced,132
Monterey Cheese,Dairy and Egg Products,373,24.48,0.68,30.28,1 cup/ diced,132
Mozzarella,Dairy and Egg Products,299,22.17,2.4,22.14,1 cup/ shredded,112
Mozzarella (Hard),Dairy and Egg Products,318,21.6,2.47,24.64,1 oz,28.4
Mozzarella (Lowfat),Dairy and Egg Products,254,24.26,2.77,15.92,1 oz,28.4
Grated Parmesan (Hard),Dairy and Egg Products,392,35.75,3.22,25,1 oz,28.4
Port De Salut Cheese,Dairy and Egg Products,352,23.78,0.57,28.2,1 cup/ diced,132
Provolone Cheese,Dairy and Egg Products,351,25.58,2.14,26.62,1 cup/ diced,132
Ricotta Cheese,Dairy and Egg Products,150,7.54,7.27,10.18,1/2 cup,124
Tilsit Cheese,Dairy and Egg Products,340,24.41,1.88,25.98,1 oz,28.4
Processed American Cheese (With Vitamin D),Dairy and Egg Products,366,18.13,4.78,30.71,1 oz,28.4
Processed Pimento Cheese,Dairy and Egg Products,375,22.13,1.73,31.2,1 cup/ diced,140
Processed Swiss Cheese,Dairy and Egg Products,334,24.73,2.1,25.01,1 cup/ diced,140
Cold Pack American Cheese,Dairy and Egg Products,331,19.66,8.32,24.46,1 oz,28.4
Light Cream (Coffe Cream),Dairy and Egg Products,195,2.96,3.66,19.1,1 fl oz,30
Light Whipping Cream,Dairy and Egg Products,292,2.17,2.96,30.91,1 cup/ whipped,120
Heavy Whipping Cream,Dairy and Egg Products,340,2.84,2.84,36.08,1 cup/ whipped,120
Whipped Cream,Dairy and Egg Products,257,3.2,12.49,22.22,1 cup,60
Milk Filled Fluid With Blend Of Hydrogenated Vegetable Oils,Dairy and Egg Products,63,3.33,4.74,3.46,1 cup,244
Milk Filled Fluid With Lauric Acid Oil,Dairy and Egg Products,63,3.33,4.74,3.4,1 cup,244
Nonfat American Cheese,Dairy and Egg Products,126,21.05,10.53,0,1 serving,19
Dessert Topping Powdered,Dairy and Egg Products,577,4.9,52.54,39.92,1 (1/2) oz,43
Dessert Topping Powdered 1.5 Ounce Prepared With 1/2 Cup Milk,Dairy and Egg Products,194,3.61,17.13,12.72,1 cup,80
Dessert Topping Pressurized,Dairy and Egg Products,264,0.98,16.07,22.3,1 cup,70
Dessert Topping Semi Solid Frozen,Dairy and Egg Products,318,1.25,23.05,25.31,1 cup,75
Imitation Sour Cream,Dairy and Egg Products,208,2.4,6.63,19.52,1 oz,28.4
Milk Reduced Fat Fluid 2% Milkfat With Added Nonfat Milk Solids And Vitamin A And Vitamin D,Dairy and Egg Products,51,3.48,4.97,1.92,1 cup,245
Milk Reduced Fat Fluid 2% Milkfat Protein Fortified With Added Vitamin A And Vitamin D,Dairy and Egg Products,56,3.95,5.49,1.98,1 cup,246
Low-Fat Milk 1%,Dairy and Egg Products,42,3.37,4.99,0.97,1 cup,244
Milk Lowfat Fluid 1% Milkfat With Added Nonfat Milk Solids Vitamin A And Vitamin D,Dairy and Egg Products,43,3.48,4.97,0.97,1 cup,245
Lowfat Buttermilk,Dairy and Egg Products,40,3.31,4.79,1.07,1 cup,245
Milk Low Sodium Fluid,Dairy and Egg Products,61,3.1,4.46,3.46,1 cup,244
Dehydrated Milk,Dairy and Egg Products,496,26.32,38.42,26.71,1/4 cup,32
Milk Dry Nonfat Regular Without Added Vitamin A And Vitamin D,Dairy and Egg Products,362,36.16,51.98,0.77,1/4 cup,30
Evaporated Milk,Dairy and Egg Products,78,7.55,11.35,0.2,1 fl oz,31.9
Milk Chocolate Fluid Commercial Whole With Added Vitamin A And Vitamin D,Dairy and Egg Products,83,3.17,10.34,3.39,1 cup,250
Lowfat Chocolate Milk,Dairy and Egg Products,76,2.99,12.13,1.9,1 cup,250
Milk Chocolate Lowfat With Added Vitamin A And Vitamin D,Dairy and Egg Products,64,3.46,10.15,1.11,1 cup,250
Milk Sheep Fluid,Dairy and Egg Products,108,5.98,5.36,7,1 cup,245
Milk Shakes Thick Chocolate,Dairy and Egg Products,119,3.05,21.15,2.7,1 fl oz,28.4
Milk Shakes Thick Vanilla,Dairy and Egg Products,112,3.86,17.75,3.03,1 fl oz,28.4
Whey Acid Fluid,Dairy and Egg Products,24,0.76,5.12,0.09,1 cup,246
Low-Fat Yogurt,Dairy and Egg Products,63,5.25,7.04,1.55,1 container (6 oz),170
Non-Fat Yogurt,Dairy and Egg Products,56,5.73,7.68,0.18,1 container (6 oz),170
Yogurt Vanilla Low Fat 11 Grams Protein Per 8 Ounce,Dairy and Egg Products,85,4.93,13.8,1.25,1 container (6 oz),170
Yogurt Fruit Low Fat 9 Grams Protein Per 8 Ounce,Dairy and Egg Products,99,3.98,18.64,1.15,1 container (6 oz),170
Milk Dessert Bar Frozen Made From Lowfat Milk,Dairy and Egg Products,147,4.41,32,1.47,1 bar,68
Nutritional Supplement For People With Diabetes Liquid,Dairy and Egg Products,88,4.4,11.88,3.08,1 can,227
Egg Whole Raw Frozen Salted Pasteurized,Dairy and Egg Products,138,10.97,0.83,10.07,1 oz,28
Nonfat Greek Yogurt,Dairy and Egg Products,59,10.19,3.6,0.39,1 container,170
Egg White Powder,Dairy and Egg Products,357,84.08,4.51,0.32,1 cup/ sifted,107
Cheese Spread American Or Cheddar Cheese Base Reduced Fat,Dairy and Egg Products,176,13.41,10.71,8.88,1 piece,21
Fatfree Swiss Cheese,Dairy and Egg Products,127,28.4,3.4,0,1 serving,28
Queso Cotija,Dairy and Egg Products,366,20,3.97,30,2 tsp,5
Sharp Cheddar Cheese,Dairy and Egg Products,410,24.25,2.13,33.82,1 slice (2/3 oz),19
Cheese Mozzarella Low Moisture Part-Skim Shredded,Dairy and Egg Products,304,23.63,8.06,19.72,1 cup,86
Nonfat Greek Strawberry Yogurt,Dairy and Egg Products,82,8.05,12.07,0.15,1 container (5.3 oz),150
Nonfat Greek Vanilla Yogurt,Dairy and Egg Products,78,8.64,10.37,0.18,1 container (5.3 oz),150
Lowfat Greek Yogurt,Dairy and Egg Products,73,9.95,3.94,1.92,1 container (7 oz),200
Kefir Lowfat Plain Lifeway,Dairy and Egg Products,43,3.79,4.77,1.02,No data available,No data available
Yogurt Greek Fruit Whole Milk,Dairy and Egg Products,106,7.33,12.29,3,No data available,No data available
Nonfat Vanilla Yogurt,Dairy and Egg Products,78,2.94,17.04,0,1 cup (8 fl oz),245
Yogurt Greek Vanilla Lowfat,Dairy and Egg Products,95,8.64,9.54,2.5,No data available,No data available
Yogurt Frozen Flavors Other Than Chocolate Lowfat,Dairy and Egg Products,139,8,21,2.5,No data available,No data available
Milk Chocolate Lowfat Reduced Sugar,Dairy and Egg Products,57,3.43,7.68,1.04,No data available,No data available
Ice Cream Lowfat No Sugar Added Cone Added Peanuts And Chocolate Sauce,Dairy and Egg Products,265,5.33,40.01,9.33,No data available,No data available
Gjetost Cheese,Dairy and Egg Products,466,9.65,42.65,29.51,1 oz,28.4
Gouda Cheese,Dairy and Egg Products,356,24.94,2.22,27.44,1 oz,28.4
Gruyere Cheese,Dairy and Egg Products,413,29.81,0.36,32.34,1 oz,28.4
Limburger Cheese,Dairy and Egg Products,327,20.05,0.49,27.25,1 cup,134
Mozzarella (Hard And Lowfat),Dairy and Egg Products,295,23.75,5.58,19.78,1 cup/ diced,132
Muenster Cheese,Dairy and Egg Products,368,23.41,1.12,30.04,1 cup/ diced,132
Neufchatel Cheese,Dairy and Egg Products,253,9.15,3.59,22.78,1 oz,28.4
Grated Parmesan,Dairy and Egg Products,420,28.42,13.91,27.84,1 cup,100
Lowfat Ricotta,Dairy and Egg Products,138,11.39,5.14,7.91,1/2 cup,124
Romano Cheese,Dairy and Egg Products,387,31.8,3.63,26.94,1 oz,28.4
Roquefort,Dairy and Egg Products,369,21.54,2,30.64,1 oz,28.4
Swiss Cheese,Dairy and Egg Products,393,26.96,1.44,30.99,1 cup/ diced,132
American Cheese,Dairy and Egg Products,330,16.86,8.56,25.63,1 cup,113
Cheese Food Pasteurized Process Swiss,Dairy and Egg Products,323,21.92,4.5,24.14,1 oz,28.4
American Cheese Spread,Dairy and Egg Products,290,16.41,8.73,21.23,1 cup/ diced,140
Half And Half Cream,Dairy and Egg Products,131,3.13,4.3,11.5,1 fl oz,30.2
Lowfat Sour Cream,Dairy and Egg Products,135,2.94,4.26,12,1 tbsp,15
Cultured Sour Cream,Dairy and Egg Products,198,2.44,4.63,19.35,1 tbsp,12
Eggnog,Dairy and Egg Products,88,4.55,8.05,4.19,1 cup,254
Sour Dressing Non-Butterfat Cultured Filled Cream-Type,Dairy and Egg Products,178,3.25,4.68,16.57,1 tbsp,12
Cream Substitute Liquid With Hydrogenated Vegetable Oil And Soy Protein,Dairy and Egg Products,136,1,11.38,9.97,1 container/ individual,15
Cream Substitute Liquid With Lauric Acid Oil And Sodium Caseinate,Dairy and Egg Products,136,1,11.38,9.97,1 container/ individual,15
Cream Substitute Powdered,Dairy and Egg Products,529,2.48,59.29,32.92,1 cup,94
Milk Substitutes Fluid With Lauric Acid Oil,Dairy and Egg Products,61,1.75,6.16,3.41,1 cup,244
Whole Milk,Dairy and Egg Products,61,3.15,4.8,3.25,1 cup,244
High Fat Milk (3.7% Fat),Dairy and Egg Products,64,3.28,4.65,3.66,1 cup,244
Low-Fat Milk 2%,Dairy and Egg Products,50,3.3,4.8,1.98,1 cup,244
Milk Lowfat Fluid 1% Milkfat Protein Fortified With Added Vitamin A And Vitamin D,Dairy and Egg Products,48,3.93,5.52,1.17,1 cup,246
Skim Milk,Dairy and Egg Products,34,3.37,4.96,0.08,1 cup,245
Milk Nonfat Fluid With Added Nonfat Milk Solids Vitamin A And Vitamin D (Fat Free Or Skim),Dairy and Egg Products,37,3.57,5.02,0.25,1 cup,245
Milk Nonfat Fluid Protein Fortified With Added Vitamin A And Vitamin D (Fat Free And Skim),Dairy and Egg Products,41,3.96,5.56,0.25,1 cup,246
Milk Dry Nonfat Instant With Added Vitamin A And Vitamin D,Dairy and Egg Products,358,35.1,52.19,0.72,1 cup,68
Milk Dry Nonfat Calcium Reduced,Dairy and Egg Products,354,35.5,51.8,0.2,1 oz,28.4
Milk Buttermilk Dried,Dairy and Egg Products,387,34.3,49,5.78,1/4 cup,30
Sweetened Condensed Milk,Dairy and Egg Products,321,7.91,54.4,8.7,1 fl oz,38.2
Milk Canned Evaporated With Added Vitamin D And Without Added Vitamin A,Dairy and Egg Products,134,6.81,10.04,7.56,1 fl oz,31.5
Hot Cocoa,Dairy and Egg Products,77,3.52,10.74,2.34,1 cup,250
Goat Milk,Dairy and Egg Products,69,3.56,4.45,4.14,1 fl oz,30.5
Breast Milk (Human),Dairy and Egg Products,70,1.03,6.89,4.38,1 fl oz,30.8
Milk Indian Buffalo Fluid,Dairy and Egg Products,97,3.75,5.18,6.89,1 cup,244
Dried Whey Powder (Acid),Dairy and Egg Products,339,11.73,73.45,0.54,1 cup,57
Sweet Whey Fluid,Dairy and Egg Products,27,0.85,5.14,0.36,1 cup,246
Dried Sweet Whey Powder,Dairy and Egg Products,353,12.93,74.46,1.07,1 cup,145
Plain Yogurt,Dairy and Egg Products,61,3.47,4.66,3.25,1 container (6 oz),170
Yogurt Fruit Low Fat 10 Grams Protein Per 8 Ounce,Dairy and Egg Products,102,4.37,19.05,1.08,1 container (6 oz),170
Yogurt Fruit Low Fat 11 Grams Protein Per 8 Ounce,Dairy and Egg Products,105,4.86,18.6,1.41,1 container (6 oz),170
Eggs (Raw),Dairy and Egg Products,143,12.56,0.72,9.51,1 large,50
Mexican Blend Cheese,Dairy and Egg Products,384,23.54,0.13,32.14,1/4 cup shredded,28
Cheese Product Pasteurized Process American Vitamin D Fortified,Dairy and Egg Products,307,16.09,8.85,23.06,1 slice (2/3 oz),19
Cheese Pasteurized Process American Without Added Vitamin D,Dairy and Egg Products,371,18.13,3.7,31.79,1 oz,28.4
Cheese Food Pasteurized Process American Without Added Vitamin D,Dairy and Egg Products,330,16.86,8.56,25.63,1 cup,113
Cheese Cheddar Reduced Fat,Dairy and Egg Products,316,27.35,2.67,20.41,1 slice,21
Ice Cream Light Soft Serve Chocolate,Dairy and Egg Products,141,3.36,23.15,3.69,1 medium,298
Ice Cream Bar Stick Or Nugget With Crunch Coating,Dairy and Egg Products,358,2.11,37.12,25.26,26 pieces,95
Cheddar Cheese (Non-Fat Or Fat Free),Dairy and Egg Products,157,32.14,7.14,0,1 serving,28
Yogurt Greek Nonfat Vanilla Chobani,Dairy and Egg Products,71,9.07,8.09,0.22, oz,150
Yogurt Greek Strawberry Dannon Oikos,Dairy and Egg Products,106,8.25,11.67,2.92,5oz serving,150
Yogurt Greek Nonfat Vanilla Dannon Oikos,Dairy and Egg Products,85,8.12,12.72,0.14,5oz serving,150
Nonfat Strawberry Yogurt,Dairy and Egg Products,84,8.03,12.53,0.22,5oz serving,150
Lowfat Greek Strawberry Yogurt,Dairy and Egg Products,105,8.17,12.29,2.57,1 container (5.3 oz),150
Kefir Lowfat Strawberry Lifeway,Dairy and Egg Products,62,3.39,10.2,0.9,No data available,No data available
Milk Evaporated 2% Fat With Added Vitamin A And Vitamin D,Dairy and Egg Products,107,6.67,15.74,2,1 cup,252
Fatfree Chocolate Milk,Dairy and Egg Products,67,3.39,13.46,0,No data available,No data available
Greek Yogurt (Plain),Dairy and Egg Products,97,9,3.98,5,No data available,No data available
Ice Cream Bar Covered With Chocolate And Nuts,Dairy and Egg Products,303,5.62,11.89,25.84,No data available,No data available
Ice Cream Sundae Cone,Dairy and Egg Products,254,3,28.89,14,No data available,No data available
Light Ice Cream Creamsicle,Dairy and Egg Products,165,1.54,32.75,3.08,No data available,No data available
Cream Half And Half Lowfat,Dairy and Egg Products,72,3.33,3.33,5,No data available,No data available
Blue Cheese,Dairy and Egg Products,353,21.4,2.34,28.74,1 oz,28.4
Brick Cheese,Dairy and Egg Products,371,23.24,2.79,29.68,1 cup/ diced,132
Brie Cheese,Dairy and Egg Products,334,20.75,0.45,27.68,1 oz,28.4
Camambert,Dairy and Egg Products,300,19.8,0.46,24.26,1 oz,28.4
Cottage Cheese (Blended),Dairy and Egg Products,98,11.12,3.38,4.3,4 oz,113
Cottage Cheese (Blended With Fruit),Dairy and Egg Products,97,10.69,4.61,3.85,4 oz,113
Nonfat Cottage Cheese,Dairy and Egg Products,72,10.34,6.66,0.29,1 cup (not packed),145
Lowfat Cottage Cheese (2%),Dairy and Egg Products,81,10.45,4.76,2.27,4 oz,113
Egg Whites (Raw),Dairy and Egg Products,52,10.9,0.73,0.17,1 large,33
Egg Yolks (Raw),Dairy and Egg Products,322,15.86,3.59,26.54,1 large,17
Egg Omelet,Dairy and Egg Products,154,10.57,0.64,11.66,1 tbsp,15
Poached Eggs,Dairy and Egg Products,143,12.51,0.71,9.47,1 large,50
Scrambled Eggs,Dairy and Egg Products,149,9.99,1.61,10.98,1 large,61
Dried Eggs,Dairy and Egg Products,592,48.05,1.13,43.9,1 cup/ sifted,85
Egg Duck Whole Fresh Raw,Dairy and Egg Products,185,12.81,1.45,13.77,1 egg,70
Egg Goose Whole Fresh Raw,Dairy and Egg Products,185,13.87,1.35,13.27,1 egg,144
Egg Quail Whole Fresh Raw,Dairy and Egg Products,158,13.05,0.41,11.09,1 egg,9
Egg Turkey Whole Fresh Raw,Dairy and Egg Products,171,13.68,1.15,11.88,1 egg,79
Milk Reduced Fat Fluid 2% Milkfat With Added Nonfat Milk Solids Without Added Vitamin A,Dairy and Egg Products,56,3.95,5.49,1.98,1 cup,245
Milk Canned Evaporated With Added Vitamin A,Dairy and Egg Products,134,6.81,10.04,7.56,1 fl oz,31.5
Milk Dry Nonfat Regular With Added Vitamin A And Vitamin D,Dairy and Egg Products,362,36.16,51.98,0.77,1/4 cup,30
Milk Dry Nonfat Instant Without Added Vitamin A And Vitamin D,Dairy and Egg Products,358,35.1,52.19,0.72,1 cup,68
Hard Goat Cheese,Dairy and Egg Products,452,30.52,2.17,35.59,1 oz,28.4
Cheese Substitute Mozzarella,Dairy and Egg Products,248,11.47,23.67,12.22,1 cup/ shredded,113
Cheese Sauce Prepared From Recipe,Dairy and Egg Products,197,10.33,5.48,14.92,2 tbsp,30
Cheese Mexican Queso Anejo,Dairy and Egg Products,373,21.44,4.63,29.98,1 cup/ crumbled,132
Egg Whole Raw Frozen Pasteurized,Dairy and Egg Products,147,12.33,1.01,9.95,1 oz,28
Egg White Raw Frozen Pasteurized,Dairy and Egg Products,48,10.2,1.04,0,1 oz,28
Egg White Dried,Dairy and Egg Products,382,81.1,7.8,0,1 oz,28
Milk Reduced Fat Fluid 2% Milkfat Without Added Vitamin A And Vitamin D,Dairy and Egg Products,50,3.3,4.8,1.98,1 cup,246
Parmesan Cheese Topping Fat Free,Dairy and Egg Products,370,40,40,5,1 tablespoon,5
Fat Free Cream Cheese,Dairy and Egg Products,105,15.69,7.66,1,1 tbsp,18
Yogurt Chocolate Nonfat Milk,Dairy and Egg Products,112,3.53,23.53,0,1 container (6 oz),170
Kraft Cheez Whiz Pasteurized Process Cheese Sauce,Dairy and Egg Products,276,12,9.2,21,2 tbsp,33
Kraft Breakstones Reduced Fat Sour Cream,Dairy and Egg Products,152,4.5,6.5,12,2 tbsp,31
Kraft Breakstones Free Fat Free Sour Cream,Dairy and Egg Products,91,4.7,15.1,1.3,2 tbsp,32
Cream Half And Half Fat Free,Dairy and Egg Products,59,2.6,9,1.4,2 tbsp,29
Reddi Wip Fat Free Whipped Topping,Dairy and Egg Products,149,3,25,5,1 tablespoon,4
Cream Substitute Flavored Powdered,Dairy and Egg Products,482,0.68,75.42,21.47,4 tsp,12
Low Fat Provolone,Dairy and Egg Products,274,24.7,3.5,17.6,1 cup/ diced,132
Cheese Mexican Blend Reduced Fat,Dairy and Egg Products,282,24.69,3.41,19.4,1 oz,28.4
Milk Whole 3.25% Milkfat Without Added Vitamin A And Vitamin D,Dairy and Egg Products,61,3.15,4.78,3.27,1 cup,244
Yogurt Fruit Lowfat With Low Calorie Sweetener Fortified With Vitamin D,Dairy and Egg Products,105,4.86,18.6,1.41,1 container (6 oz),170
Yogurt Vanilla Low Fat 11 Grams Protein Per 8 Ounce Fortified With Vitamin D,Dairy and Egg Products,85,4.93,13.8,1.25,1 container (6 oz),170
Yogurt Vanilla Or Lemon Flavor Nonfat Milk Sweetened With Low-Calorie Sweetener Fortified With Vitamin D,Dairy and Egg Products,43,3.86,7.5,0.18,1 container (6 oz),170
Nonfat Chocolate Yogurt,Dairy and Egg Products,112,3.53,23.53,0,1 container (6 oz),170
Cheese Dry White Queso Seco,Dairy and Egg Products,325,24.51,2.04,24.35,1 cup grated,97
Queso Fresco,Dairy and Egg Products,299,18.09,2.98,23.82,1 cup/ crumbled,122
Queso Blanco,Dairy and Egg Products,310,20.38,2.53,24.31,1 cup/ crumbled,118
Buttermilk,Dairy and Egg Products,62,3.21,4.88,3.31,1 cup,245
Ice Cream Sandwich,Dairy and Egg Products,237,4.29,37.14,8.57,1 serving,70
Ice Cream Cookie Sandwich,Dairy and Egg Products,240,3.7,39.6,7.4,1 serving,82
Ice Cream Cone Chocolate Covered With Nuts Flavors Other Than Chocolate,Dairy and Egg Products,354,5.21,34.38,21.88,1 unit,96
Ice Cream Sandwich Made With Light Ice Cream Vanilla,Dairy and Egg Products,186,4.29,39.64,3.04,1 serving,70
Ice Cream Sandwich Vanilla Light No Sugar Added,Dairy and Egg Products,200,5.71,42.86,2.86,1 serving,70
Salted Butter,Dairy and Egg Products,717,0.85,0.06,81.11,1 pat (1 inch sq/ 1/3 inch high),5
Whipped Butter (Salted),Dairy and Egg Products,731,0.49,0,78.3,1 pat (1 inch sq/ 1/3 inch high),3.8
Ghee (Clarified Butter),Dairy and Egg Products,876,0.28,0,99.48,1 tbsp,12.8
Caraway Cheese,Dairy and Egg Products,376,25.18,3.06,29.2,1 oz,28.4
Cheddar Cheese,Dairy and Egg Products,403,22.87,3.37,33.31,1 cup/ diced,132
Chesire Cheese,Dairy and Egg Products,387,23.37,4.78,30.6,1 oz,28.4
Colby Cheese,Dairy and Egg Products,394,23.76,2.57,32.11,1 cup/ diced,132
Lowfat Cottage Cheese (1%),Dairy and Egg Products,72,12.39,2.72,1.02,4 oz,113
Cream Cheese,Dairy and Egg Products,350,6.15,5.52,34.44,1 tbsp,14.5
Edam Cheese,Dairy and Egg Products,357,24.99,1.43,28.57,1 oz,28.4
Feta Cheese,Dairy and Egg Products,265,14.21,3.88,21.49,1 cup/ crumbled,150
Egg Yolk Raw Frozen Pasteurized,Dairy and Egg Products,296,15.53,0.81,25.6,1 oz,28.4
Egg Yolk Raw Frozen Sugared Pasteurized,Dairy and Egg Products,307,13.87,10.95,22.82,1 oz,28.4
Fried Eggs,Dairy and Egg Products,196,13.61,0.83,14.84,1 large,46
Hard Boiled Eggs,Dairy and Egg Products,155,12.58,1.12,10.61,1 cup/ chopped,136
Egg Whole Dried Stabilized Glucose Reduced,Dairy and Egg Products,615,48.17,2.38,43.95,1 cup/ sifted,85
Egg White Dried Flakes Stabilized Glucose Reduced,Dairy and Egg Products,351,76.92,4.17,0.04,1 oz,28.4
Egg White Dried Powder Stabilized Glucose Reduced,Dairy and Egg Products,376,82.4,4.47,0.04,1 cup/ sifted,107
Egg Yolk Dried,Dairy and Egg Products,669,33.63,0.66,59.13,1 cup/ sifted,67
Egg Substitute Powder,Dairy and Egg Products,444,55.5,21.8,13,7/20 oz,9.9
Unsalted Butter,Dairy and Egg Products,717,0.85,0.06,81.11,1 pat (1 inch sq/ 1/3 inch high),5
Shredded Parmesan,Dairy and Egg Products,415,37.86,3.41,27.34,1 tbsp,5
Milk Nonfat Fluid Without Added Vitamin A And Vitamin D (Fat Free Or Skim),Dairy and Egg Products,35,3.37,4.86,0.18,1 cup,245
Cheese Goat Semisoft Type,Dairy and Egg Products,364,21.58,0.12,29.84,1 oz,28.4
Soft Goat Cheese,Dairy and Egg Products,264,18.52,0,21.08,1 oz,28.4
Egg Yolk Raw Frozen Salted Pasteurized,Dairy and Egg Products,275,14.07,1.77,22.93,1 oz,28.4
Cheese Mexican Queso Asadero,Dairy and Egg Products,356,22.6,4.13,25,1 cup/ diced,132
Queso Chihuahua,Dairy and Egg Products,374,21.56,5.56,29.68,1 cup/ diced,132
Lowfat Cheddar Cheese,Dairy and Egg Products,173,24.35,1.91,7,1 cup/ diced,132
Low-Sodium Cheddar Cheese,Dairy and Egg Products,398,24.35,1.91,32.62,1 cup/ diced,132
Milk Fluid 1% Fat Without Added Vitamin A And Vitamin D,Dairy and Egg Products,42,3.37,4.99,0.97,1 cup,244
Low Fat Sour Cream,Dairy and Egg Products,181,7,7,14.1,1 tablespoon,12
Sour Cream Light,Dairy and Egg Products,136,3.5,7.1,10.6,1 tablespoon,12
Fat Free Sour Cream,Dairy and Egg Products,74,3.1,15.6,0,1 tablespoon,12
Yogurt Vanilla Or Lemon Flavor Nonfat Milk Sweetened With Low-Calorie Sweetener,Dairy and Egg Products,43,3.86,7.5,0.18,1 container (6 oz),170
Kraft Cheez Whiz Light Pasteurized Process Cheese Product,Dairy and Egg Products,215,16.3,16.2,9.5,2 tbsp,35
Kraft Free Singles American Nonfat Pasteurized Process Cheese Product,Dairy and Egg Products,148,22.7,11.7,1,1 slice,21
Kraft Velveeta Pasteurized Process Cheese Spread,Dairy and Egg Products,303,16.3,9.8,22,1 oz,28
Kraft Velveeta Light Reduced Fat Pasteurized Process Cheese Product,Dairy and Egg Products,222,19.6,11.8,10.6,1 oz,28
Milk Chocolate Fluid Commercial Reduced Fat With Added Calcium,Dairy and Egg Products,78,2.99,12.13,1.9,1 cup,250
Yogurt Fruit Lowfat With Low Calorie Sweetener,Dairy and Egg Products,105,4.86,18.6,1.41,1 container (6 oz),170
Cheese Parmesan Dry Grated Reduced Fat,Dairy and Egg Products,265,20,1.37,20,1 cup,100
Cream Substitute Flavored Liquid,Dairy and Egg Products,251,0.69,35.07,13.5,1 tbsp,15
Milk Dry Whole Without Added Vitamin D,Dairy and Egg Products,496,26.32,38.42,26.71,1 cup,128
Cheese Product Pasteurized Process American Reduced Fat Fortified With Vitamin D,Dairy and Egg Products,240,17.6,10.6,14.1,1 slice 3/4 oz,21
Yogurt Fruit Low Fat 9 Grams Protein Per 8 Ounce Fortified With Vitamin D,Dairy and Egg Products,99,3.98,18.64,1.15,1 container (6 oz),170
Low Fat Fruit Yogurt (With Vitamin D),Dairy and Egg Products,102,4.37,19.05,1.08,1 container (6 oz),170
Yogurt Fruit Variety Nonfat Fortified With Vitamin D,Dairy and Egg Products,95,4.4,19,0.2,1 container (6 oz),170
Protein Supplement Milk Based Muscle Milk Powder,Dairy and Egg Products,411,45.71,18.5,17.14,1 tbsp,11
Protein Supplement Milk Based Muscle Milk Light Powder,Dairy and Egg Products,396,50,22,12,2 scoop,50
Dulce De Leche,Dairy and Egg Products,315,6.84,55.35,7.35,1 tbsp,19
Egg Substitute Liquid Or Frozen Fat Free,Dairy and Egg Products,48,10,2,0,1/4 cup,60
Yogurt Vanilla Flavor Lowfat Milk Sweetened With Low Calorie Sweetener,Dairy and Egg Products,86,4.93,13.8,1.25,1 container,170
Yogurt Frozen Flavors Not Chocolate Nonfat Milk With Low-Calorie Sweetener,Dairy and Egg Products,104,4.4,19.7,0.8,1/2 cup,68
Soft Serve Chocolate Ice Cream,Dairy and Egg Products,222,4.1,22.2,13,1/2 cup,86
Ice Cream Bar Or Stick Chocolate Covered,Dairy and Egg Products,331,4.1,24.5,24.1,1 bar,50
Fat Free Ice Cream No Sugar Added Flavors Other Than Chocolate,Dairy and Egg Products,133,4.41,28.86,0,1/2 cup,68
Milk Nfs,Dairy and Egg Products ,51,3.27,4.85,2.04,1 cup,244
Buttermilk Fat Free (Skim),Dairy and Egg Products ,40,3.31,4.79,0.88,1 cup,244
Buttermilk Low Fat (1%),Dairy and Egg Products ,40,3.31,4.79,0.88,1 cup,244
Kefir Ns As To Fat Content,Dairy and Egg Products ,52,3.59,7.34,0.92,1 cup,244
Milk Dry Reconstituted Ns As To Fat Content,Dairy and Egg Products ,32,3.1,4.62,0.06,1 cup,244
Milk Dry Reconstituted Whole,Dairy and Egg Products ,76,4.01,5.86,4.08,1 cup,244
Milk Dry Reconstituted Low Fat (1%),Dairy and Egg Products ,40,3.08,4.57,1.01,1 cup,244
Milk Dry Reconstituted Fat Free (Skim),Dairy and Egg Products ,32,3.1,4.62,0.06,1 cup,244
Milk Evaporated Reduced Fat (2%),Dairy and Egg Products ,92,7.42,11.15,1.96,1 cup,252
Non-Dairy Milk Nfs,Dairy and Egg Products ,32,1.12,3.95,1.25,1 cup,244
Almond Milk Unsweetened,Dairy and Egg Products ,15,0.59,0.58,1.1,1 cup,244
Yogurt Ns As To Type Of Milk Fruit,Dairy and Egg Products ,89,4.66,14.46,1.37,1 4 oz container,113
Yogurt Whole Milk Fruit,Dairy and Egg Products ,87,3.1,12.36,2.87,1 4 oz container,113
Yogurt Low Fat Milk Fruit,Dairy and Egg Products ,89,4.66,14.46,1.37,1 tube,64
Yogurt Nonfat Milk Fruit,Dairy and Egg Products ,83,5.09,15.02,0.17,1 4 oz container,113
Yogurt Greek Ns As To Type Of Milk Fruit,Dairy and Egg Products ,103,8.17,11.89,2.57,1 5.3 oz container,150
Yogurt Greek Low Fat Milk Fruit,Dairy and Egg Products ,103,8.17,11.89,2.57,1 tube,57
Yogurt Ns As To Type Of Milk Flavors Other Than Fruit,Dairy and Egg Products ,73,5.09,9.83,1.5,1 4 oz container,113
Yogurt Whole Milk Flavors Other Than Fruit,Dairy and Egg Products ,77,3.3,9.43,3.09,1 4 oz container,113
Yogurt Low Fat Milk Flavors Other Than Fruit,Dairy and Egg Products ,73,5.09,9.83,1.5,1 tube,64
Yogurt Nonfat Milk Flavors Other Than Fruit,Dairy and Egg Products ,66,5.56,10.45,0.18,1 4 oz container,113
Yogurt Greek Whole Milk Flavors Other Than Fruit,Dairy and Egg Products ,111,8.47,9.35,4.44,1 5.3 oz container,150
Yogurt Greek With Oats,Dairy and Egg Products ,154,8.65,23.81,3.14,No data available,No data available
Yogurt Liquid,Dairy and Egg Products ,72,3.71,11.81,1.09,1 bottle,93
Yogurt Frozen Chocolate Lowfat Milk,Dairy and Egg Products ,113,5.24,21.79,1.95,1 cup,200
Yogurt Frozen Ns As To Flavor Nonfat Milk,Dairy and Egg Products ,121,4.41,24.8,0.43,1 cup,159
Yogurt Frozen Flavors Other Than Chocolate With Sorbet Or Sorbet-Coated,Dairy and Egg Products ,152,3.71,26.68,3.41,1 haagen-dazs bar (2.3 fl oz),75
Yogurt Frozen Chocolate-Coated,Dairy and Egg Products ,270,3.22,28.92,16.41,1 bar,41
Yogurt Frozen Sandwich,Dairy and Egg Products ,212,4.64,37.68,5.13,1 sandwich,85
Yogurt Frozen Cone Chocolate,Dairy and Egg Products ,225,5.26,31.26,9.12,1 small cone,78
Yogurt Frozen Cone Flavors Other Than Chocolate,Dairy and Egg Products ,189,4.48,31.5,5.38,1 small cone,78
Yogurt Frozen Cone Flavors Other Than Chocolate Lowfat Milk,Dairy and Egg Products ,84,5.42,11.27,1.86,1 small cone,78
Yogurt Frozen Cone Chocolate Lowfat Milk,Dairy and Egg Products ,131,5.4,25.15,2.24,1 small cone,78
Chocolate Milk Ready To Drink Low Fat,Dairy and Egg Products ,62,3.46,9.86,1,1 fl oz,31
Chocolate Milk Ready To Drink Reduced Sugar Ns As To Milk,Dairy and Egg Products ,54,3.43,7.68,1.04,1 cup,248
Chocolate Milk Ready To Drink Low Fat (Nesquik),Dairy and Egg Products ,62,3.46,9.86,1,1 cup,248
Chocolate Milk Ready To Drink Low Fat No Sugar Added (Nesquik),Dairy and Egg Products ,62,3.46,9.86,1,1 cup,248
Hot Chocolate / Cocoa Ready To Drink,Dairy and Egg Products ,91,2.68,16.45,1.61,1 cup,248
Hot Chocolate / Cocoa Ready To Drink Made With Nonfat Milk,Dairy and Egg Products ,78,2.74,16.58,0.06,1 cup,248
Hot Chocolate / Cocoa Ready To Drink Made With Non-Dairy Milk,Dairy and Egg Products ,83,1.23,17.23,1.02,1 cup,248
Hot Chocolate / Cocoa Ready To Drink With Whipped Cream,Dairy and Egg Products ,103,2.69,15.8,3.24,1 cup,248
Hot Chocolate / Cocoa Ready To Drink Made With Nonfat Milk And Whipped Cream,Dairy and Egg Products ,90,2.75,15.92,1.77,1 cup,248
Hot Chocolate / Cocoa Ready To Drink Made With Non-Dairy Milk And Whipped Cream,Dairy and Egg Products ,95,1.3,16.54,2.68,1 cup,248
Chocolate Milk Made From Dry Mix Ns As To Type Of Milk,Dairy and Egg Products ,72,3.35,10.11,2.06,1 cup,248
Chocolate Milk Made From Dry Mix With Whole Milk,Dairy and Egg Products ,82,3.24,10.06,3.19,1 cup,248
Chocolate Milk Made From Dry Mix With Reduced Fat Milk,Dairy and Egg Products ,72,3.38,10.06,2,1 cup,248
Chocolate Milk Made From Dry Mix With Low Fat Milk,Dairy and Egg Products ,64,3.44,10.24,1.05,1 cup,248
Chocolate Milk Made From Dry Mix With Fat Free Milk,Dairy and Egg Products ,57,3.44,10.21,0.22,1 cup,248
Chocolate Milk Made From Dry Mix With Non-Dairy Milk,Dairy and Egg Products ,63,1.7,10.96,1.32,1 cup,248
Chocolate Milk Made From Reduced Sugar Mix Ns As To Type Of Milk,Dairy and Egg Products ,65,3.52,7.39,2.35,1 cup,248
Chocolate Milk Made From Reduced Sugar Mix With Whole Milk,Dairy and Egg Products ,74,3.41,7.34,3.5,1 cup,248
Chocolate Milk Made From Reduced Sugar Mix With Reduced Fat Milk,Dairy and Egg Products ,64,3.55,7.34,2.29,1 cup,248
Chocolate Milk Made From Reduced Sugar Mix With Low Fat Milk,Dairy and Egg Products ,56,3.62,7.52,1.32,1 cup,248
Chocolate Milk Made From Reduced Sugar Mix With Fat Free Milk,Dairy and Egg Products ,49,3.62,7.49,0.47,1 cup,248
Chocolate Milk Made From Reduced Sugar Mix With Non-Dairy Milk,Dairy and Egg Products ,55,1.84,8.25,1.59,1 cup,248
Chocolate Milk Made From Dry Mix Ns As To Type Of Milk (Nesquik),Dairy and Egg Products ,72,3.35,10.11,2.06,1 cup,248
Chocolate Milk Made From Dry Mix With Whole Milk (Nesquik),Dairy and Egg Products ,82,3.24,10.06,3.19,1 cup,248
Chocolate Milk Made From Dry Mix With Reduced Fat Milk (Nesquik),Dairy and Egg Products ,72,3.38,10.06,2,1 cup,248
Chocolate Milk Made From Dry Mix With Low Fat Milk (Nesquik),Dairy and Egg Products ,64,3.44,10.24,1.05,1 cup,248
Chocolate Milk Made From Dry Mix With Fat Free Milk (Nesquik),Dairy and Egg Products ,57,3.44,10.21,0.22,1 cup,248
Chocolate Milk Made From Dry Mix With Non-Dairy Milk (Nesquik),Dairy and Egg Products ,63,1.7,10.96,1.32,1 cup,248
Chocolate Milk Made From No Sugar Added Dry Mix Ns As To Type Of Milk (Nesquik),Dairy and Egg Products ,65,3.52,7.39,2.35,1 cup,248
Chocolate Milk Made From No Sugar Added Dry Mix With Whole Milk (Nesquik),Dairy and Egg Products ,74,3.41,7.34,3.5,1 cup,248
Chocolate Milk Made From No Sugar Added Dry Mix With Reduced Fat Milk (Nesquik),Dairy and Egg Products ,64,3.55,7.34,2.29,1 cup,248
Chocolate Milk Made From No Sugar Added Dry Mix With Low Fat Milk (Nesquik),Dairy and Egg Products ,56,3.62,7.52,1.32,1 cup,248
Chocolate Milk Made From No Sugar Added Dry Mix With Fat Free Milk  (Nesquik),Dairy and Egg Products ,49,3.62,7.49,0.47,1 cup,248
Chocolate Milk Made From No Sugar Added Dry Mix With Non-Dairy Milk (Nesquik),Dairy and Egg Products ,55,1.84,8.25,1.59,1 cup,248
Chocolate Milk Made From Syrup Ns As To Type Of Milk,Dairy and Egg Products ,80,2.83,13.16,1.77,1 cup,248
Chocolate Milk Made From Syrup With Whole Milk,Dairy and Egg Products ,89,2.73,13.11,2.82,1 cup,248
Chocolate Milk Made From Syrup With Reduced Fat Milk,Dairy and Egg Products ,79,2.86,13.11,1.72,1 cup,248
Chocolate Milk Made From Syrup With Low Fat Milk,Dairy and Egg Products ,72,2.92,13.28,0.84,1 cup,248
Chocolate Milk Made From Syrup With Fat Free Milk,Dairy and Egg Products ,65,2.92,13.25,0.07,1 cup,248
Chocolate Milk Made From Syrup With Non-Dairy Milk,Dairy and Egg Products ,71,1.31,13.94,1.09,1 cup,248
Chocolate Milk Made From Light Syrup Ns As To Type Of Milk,Dairy and Egg Products ,64,3.03,8.58,1.91,1 cup,248
Chocolate Milk Made From Light Syrup With Whole Milk,Dairy and Egg Products ,73,2.93,8.53,2.96,1 cup,248
Chocolate Milk Made From Light Syrup With Reduced Fat Milk,Dairy and Egg Products ,63,3.06,8.53,1.85,1 cup,248
Chocolate Milk Made From Light Syrup With Low Fat Milk,Dairy and Egg Products ,56,3.12,8.7,0.97,1 cup,248
Chocolate Milk Made From Light Syrup With Fat Free Milk,Dairy and Egg Products ,49,3.12,8.67,0.19,1 cup,248
Chocolate Milk Made From Light Syrup With Non-Dairy Milk,Dairy and Egg Products ,55,1.5,9.37,1.22,1 cup,248
Chocolate Milk Made From Sugar Free Syrup Ns As To Type Of Milk,Dairy and Egg Products ,50,3.22,6.02,2.04,1 cup,248
Chocolate Milk Made From Sugar Free Syrup With Whole Milk,Dairy and Egg Products ,59,3.12,5.98,3.1,1 cup,248
Chocolate Milk Made From Sugar Free Syrup With Reduced Fat Milk,Dairy and Egg Products ,49,3.25,5.98,1.99,1 cup,248
Chocolate Milk Made From Sugar Free Syrup With Low Fat Milk,Dairy and Egg Products ,42,3.31,6.14,1.1,1 cup,248
Chocolate Milk Made From Sugar Free Syrup With Fat Free Milk,Dairy and Egg Products ,35,3.31,6.12,0.32,1 cup,248
Chocolate Milk Made From Sugar Free Syrup With Non-Dairy Milk,Dairy and Egg Products ,41,1.68,6.81,1.35,1 cup,248
Hot Chocolate / Cocoa Made With Dry Mix And Water,Dairy and Egg Products ,54,0.91,11.4,0.55,No data available,No data available
Hot Chocolate / Cocoa Made With Dry Mix And Whole Milk,Dairy and Egg Products ,106,3.62,15.27,3.35,1 cup,248
Hot Chocolate / Cocoa Made With Dry Mix And Reduced Fat Milk,Dairy and Egg Products ,96,3.75,15.27,2.25,1 cup,248
Hot Chocolate / Cocoa Made With Dry Mix And Low Fat Milk,Dairy and Egg Products ,89,3.81,15.44,1.37,1 cup,248
Hot Chocolate / Cocoa Made With Dry Mix And Fat Free Milk,Dairy and Egg Products ,82,3.81,15.41,0.6,1 cup,248
Hot Chocolate / Cocoa Made With Dry Mix And Non-Dairy Milk,Dairy and Egg Products ,88,2.19,16.05,1.62,1 cup,248
Hot Chocolate / Cocoa Made With No Sugar Added Dry Mix And Water,Dairy and Egg Products ,31,1.28,5.94,0.25,1 packet/ reconstituted,194
Hot Chocolate / Cocoa Made With No Sugar Added Dry Mix And Whole Milk,Dairy and Egg Products ,86,4.14,10.2,3.23,1 packet/ reconstituted,199
Hot Chocolate / Cocoa Made With No Sugar Added Dry Mix And Reduced Fat Milk,Dairy and Egg Products ,76,4.28,10.2,2.06,1 packet/ reconstituted,199
Hot Chocolate / Cocoa Made With No Sugar Added Dry Mix And Low Fat Milk,Dairy and Egg Products ,69,4.34,10.37,1.13,1 packet/ reconstituted,199
Hot Chocolate / Cocoa Made With No Sugar Added Dry Mix And Fat Free Milk,Dairy and Egg Products ,62,4.34,10.34,0.32,1 packet/ reconstituted,199
Hot Chocolate / Cocoa Made With No Sugar Added Dry Mix And Non-Dairy Milk,Dairy and Egg Products ,67,2.63,11.05,1.4,1 packet/ reconstituted,199
Strawberry Milk Nfs,Dairy and Egg Products ,52,3.28,5.25,1.97,1 fl oz,31
Strawberry Milk Whole,Dairy and Egg Products ,81,2.96,10.6,3.06,1 cup,248
Strawberry Milk Reduced Fat,Dairy and Egg Products ,71,3.1,10.6,1.87,1 cup,248
Strawberry Milk Low Fat,Dairy and Egg Products ,63,3.17,10.78,0.92,1 cup,248
Strawberry Milk Fat Free,Dairy and Egg Products ,56,3.17,10.75,0.09,1 fl oz,31
Strawberry Milk Non-Dairy,Dairy and Egg Products ,62,1.42,11.5,1.19,1 cup,248
Milk Malted,Dairy and Egg Products ,65,3.13,8.65,1.96,1 cup,256
Eggnog Lowfat / Light,Dairy and Egg Products ,74,4.74,6.51,3.17,1 cup,256
Milk Shake Home Recipe Chocolate,Dairy and Egg Products ,120,3.4,13.64,6.18,1 fl oz,28
Milk Shake Home Recipe Flavors Other Than Chocolate,Dairy and Egg Products ,116,3.28,11.9,6.18,1 fl oz,28
Milk Shake Home Recipe Chocolate Light,Dairy and Egg Products ,97,3.98,12.81,3.32,1 fl oz,28
Milk Shake Home Recipe Flavors Other Than Chocolate Light,Dairy and Egg Products ,94,3.9,14.23,2.43,1 fl oz,28
Milk Shake With Malt,Dairy and Egg Products ,127,3.68,14.06,6.3,1 fl oz,28
Milk Shake Fast Food Chocolate,Dairy and Egg Products ,150,3.7,20.36,6.66,No data available,No data available
Milk Shake Bottled Chocolate,Dairy and Egg Products ,150,3.7,20.36,6.66,1 fl oz,31
Ice Cream Bar Or Stick Rich Chocolate Ice Cream Thick Chocolate Covering,Dairy and Egg Products ,346,4.42,34.81,23.35,1 bar,81
Ice Cream Bar Or Stick Rich Ice Cream Thick Chocolate Covering,Dairy and Egg Products ,335,4.74,33.42,20.24,1 bar,81
Ice Cream Bar Or Stick Chocolate Ice Cream Chocolate Covered,Dairy and Egg Products ,284,4.62,34.89,15,1 bar,49
Ice Cream Bar Cake Covered,Dairy and Egg Products ,278,4.33,36.78,13.49,1 bar,59
Ice Cream Bar Or Stick With Fruit,Dairy and Egg Products ,161,2.27,24.73,6.23,1 bar,41
Ice Cream Cone With Nuts Flavors Other Than Chocolate,Dairy and Egg Products ,267,5.91,25.65,16.23,1 cone,78
Ice Cream Cone Chocolate Covered Or Dipped Flavors Other Than Chocolate,Dairy and Egg Products ,245,3.88,30.91,12.32,1 cone and single dip,78
Ice Cream Cone No Topping Flavors Other Than Chocolate,Dairy and Egg Products ,219,3.76,26.77,10.77,1 cone and single dip (or 1 small cone),78
Ice Cream Cone No Topping Ns As To Flavor,Dairy and Egg Products ,222,3.92,29.31,10.14,1 cone and single dip (or 1 small cone),78
Ice Cream Cone With Nuts Chocolate Ice Cream,Dairy and Egg Products ,274,6.3,29.33,15.63,1 cone,78
Ice Cream Cone Chocolate Covered Or Dipped Chocolate Ice Cream,Dairy and Egg Products ,247,4.08,34.56,11.25,1 cone,78
Ice Cream Cone No Topping Chocolate Ice Cream,Dairy and Egg Products ,226,4.07,31.85,9.52,1 cone and single dip (or 1 small cone),78
Ice Cream Cone Chocolate Covered With Nuts Chocolate Ice Cream,Dairy and Egg Products ,289,6.14,31.93,16.71,1 cone,78
Ice Cream Soda Flavors Other Than Chocolate,Dairy and Egg Products ,85,0.92,14.02,2.9,1 soda (10 fl oz),240
Ice Cream Soda Chocolate,Dairy and Egg Products ,87,1,15.23,2.9,1 soda (10 fl oz),240
Ice Cream Sundae Ns As To Topping With Whipped Cream,Dairy and Egg Products ,257,3.54,29.76,13.96,1 sundae,165
Ice Cream Sundae Fruit Topping With Whipped Cream,Dairy and Egg Products ,235,2.28,33.34,10.88,1 sundae,165
Ice Cream Sundae Prepackaged Type Flavors Other Than Chocolate,Dairy and Egg Products ,185,4.3,29.4,6,1 sundae (6 fl oz),131
Ice Cream Sundae Chocolate Or Fudge Topping With Whipped Cream,Dairy and Egg Products ,264,3.62,32.3,13.57,1 sundae,165
Ice Cream Sundae Not Fruit Or Chocolate Topping With Whipped Cream,Dairy and Egg Products ,223,2.58,30.49,10.85,1 sundae,165
Ice Cream Sundae Fudge Topping With Cake With Whipped Cream,Dairy and Egg Products ,279,3.87,35.82,13.6,1 sundae,175
Ice Cream Pie No Crust,Dairy and Egg Products ,224,3.41,20.89,14.26,"1 pie (8"" dia)",794
Ice Cream Pie With Cookie Crust Fudge Topping And Whipped Cream,Dairy and Egg Products ,303,3.96,40.85,13.84,"1 pie (8"" dia)",1836
Ice Cream Fried,Dairy and Egg Products ,282,3.94,32.77,15.16,1 cup,133
Light Ice Cream Soft Serve Cone Chocolate,Dairy and Egg Products ,166,5.08,28.3,5.36,1 small fast food cone (include dairy queen),142
Light Ice Cream Soft Serve Blended With Candy Or Cookies,Dairy and Egg Products ,176,4,26.18,6.06,1 small dairy queen blizzard,298
Ice Cream Sandwich Made With Light Chocolate Ice Cream,Dairy and Egg Products ,236,5.58,38.54,6.6,1 sandwich,68
Light Ice Cream Bar Or Stick Chocolate Coated,Dairy and Egg Products ,289,3.98,30.31,17.46,1 bar (3 fl oz),56
Light Ice Cream Bar Or Stick Chocolate Covered With Nuts,Dairy and Egg Products ,329,7.11,28.35,22.03,1 bar,149
Light Ice Cream Cone Nfs,Dairy and Egg Products ,148,5.15,26.2,2.93,1 cone and single dip (or 1 small cone),78
Light Ice Cream Cone Flavors Other Than Chocolate,Dairy and Egg Products ,148,5.15,26.2,2.93,1 cone and single dip (or 1 small cone),78
Light Ice Cream Cone Chocolate,Dairy and Egg Products ,168,4.56,30.04,3.5,1 cone and single dip (or 1 small cone),78
Light Ice Cream No Sugar Added Cone Ns As To Flavor,Dairy and Egg Products ,224,5.37,28.66,9.96,1 cone and single dip (or 1 small cone),78
Light Ice Cream No Sugar Added Cone Chocolate,Dairy and Egg Products ,227,5.03,32.88,8.62,1 cone and single dip (or 1 small cone),78
Light Ice Cream Sundae Soft Serve Chocolate Or Fudge Topping With Whipped Cream,Dairy and Egg Products ,255,4.27,35.8,10.64,1 sundae,165
Light Ice Cream Sundae Soft Serve Fruit Topping With Whipped Cream,Dairy and Egg Products ,223,2.84,36.91,7.77,1 sundae,165
Light Ice Cream Sundae Soft Serve Not Fruit Or Chocolate Topping With Whipped Cream,Dairy and Egg Products ,203,3.26,36.78,5.57,1 sundae,165
Light Ice Cream Sundae Soft Serve Chocolate Or Fudge Topping Without Whipped Cream,Dairy and Egg Products ,182,4.82,32.01,4.16,1 sundae,179
Light Ice Cream Sundae Soft Serve Fruit Topping Without Whipped Cream,Dairy and Egg Products ,158,3.73,32.86,1.98,1 sundae,178
Light Ice Cream Sundae Soft Serve Not Fruit Or Chocolate Topping Without Whipped Cream,Dairy and Egg Products ,148,3.98,30.55,1.95,1 sundae,182
Light Ice Cream Creamsicle Or Dreamsicle No Sugar Added,Dairy and Egg Products ,50,1.1,11.42,0,1 sicle,40
Light Ice Cream Fudgesicle,Dairy and Egg Products ,182,5.31,30.61,5.16,1 sicle (2.5 fl oz),73
Milk Dessert Bar Or Stick Frozen With Coconut,Dairy and Egg Products ,157,5.38,21.26,5.92,1 frut stix bar (4 fl oz),129
Milk Dessert Sandwich Bar Frozen Made From Lowfat Milk,Dairy and Egg Products ,189,5.5,35.57,3.1,1 weight watchers sandwich bar (2.75 fl oz plus 2 wafers),64
Milk Dessert Sandwich Bar Frozen With Low-Calorie Sweetener Made From Lowfat Milk,Dairy and Egg Products ,316,5.95,53.36,9.79,1 eskimo pie sandwich (3.2 fl oz),59
Baked Alaska,Dairy and Egg Products ,248,4.99,35.44,9.79,1 baked alaska,820
Cheese Nfs,Dairy and Egg Products ,365,20.16,5.39,29.21,1 cracker-size slice,9
Cheese Cheddar,Dairy and Egg Products ,404,22.87,3.09,33.31,1 cracker-size slice,9
Cheese Colby Jack,Dairy and Egg Products ,384,24.12,1.62,31.2,1 cracker-size slice,9
Cheese Goat,Dairy and Egg Products ,360,23.52,0.76,28.85,1 cup/ crumbled,140
Cheese Gouda Or Edam,Dairy and Egg Products ,357,24.98,1.67,27.69,1 cracker-size slice,9
Queso Asadero,Dairy and Egg Products ,356,22.6,2.87,28.26,1 cracker-size slice,9
Cottage Cheese Farmer's,Dairy and Egg Products ,143,10.49,3.18,9.8,1 cup,210
Cheese Ricotta,Dairy and Egg Products ,156,11.32,4.09,10.44,1 cup,246
Cheese Cottage Salted Dry Curd,Dairy and Egg Products ,71,10.24,6.59,0.29,No data available,No data available
Puerto Rican White Cheese,Dairy and Egg Products ,174,11.26,3.04,12.98,1 cup,128
Cheese Cottage Lowfat With Fruit,Dairy and Egg Products ,71,6.88,8.26,1.47,1 cup,226
Cheese Cottage Cheese With Gelatin Dessert,Dairy and Egg Products ,81,6.55,8.37,2.32,1 cup,240
Cheese Cottage Cheese With Gelatin Dessert And Fruit,Dairy and Egg Products ,88,5.1,13.17,1.78,1 cup,240
Cheese Cottage Cheese With Gelatin Dessert And Vegetables,Dairy and Egg Products ,82,7.71,6.27,2.85,1 cup,240
Cheese With Nuts,Dairy and Egg Products ,424,17.87,5.89,37.72,1 tablespoon,15
Cheese Souffle,Dairy and Egg Products ,204,9.34,6.38,15.68,1 cup,95
Chicken Or Turkey Souffle,Dairy and Egg Products ,169,11.7,5.48,11.14,1 cup,159
Seafood Souffle,Dairy and Egg Products ,151,9.91,5.47,9.83,1 cup,159
Egg Whole Cooked Ns As To Cooking Method,Dairy and Egg Products ,179,12.3,1.1,13.54,1 small,37
Egg Whole Boiled Or Poached,Dairy and Egg Products ,142,12.47,0.72,9.44,1 small,37
Egg Whole Fried Ns As To Fat Added In Cooking,Dairy and Egg Products ,207,13.27,0.77,16.4,1 small egg,35
Egg Whole Fried Without Fat,Dairy and Egg Products ,161,14.17,0.81,10.73,1 small,33
Egg Whole Fried With Margarine,Dairy and Egg Products ,204,13.25,0.81,16.05,1 small,35
Egg Whole Fried With Oil,Dairy and Egg Products ,215,13.27,0.76,17.24,1 small,35
Egg Whole Fried With Butter,Dairy and Egg Products ,204,13.3,0.76,16.08,1 small,35
Egg Whole Fried With Animal Fat Or Meat Drippings,Dairy and Egg Products ,209,13.47,0.76,16.35,1 small,35
Egg Whole Fried With Cooking Spray,Dairy and Egg Products ,166,14.08,0.95,11.19,1 small,35
Egg Whole Fried Ns As To Type Of Fat,Dairy and Egg Products ,207,13.27,0.77,16.4,1 small egg,35
Egg Whole Baked Ns As To Fat Added In Cooking,Dairy and Egg Products ,168,10.9,1.81,12.74,1 small,47
Egg Whole Baked Fat Not Added In Cooking,Dairy and Egg Products ,134,11.48,1.86,8.58,1 small,33
Egg Whole Baked Fat Added In Cooking,Dairy and Egg Products ,168,10.9,1.81,12.74,1 small,47
Egg Whole Pickled,Dairy and Egg Products ,154,12.49,1.11,10.53,1 large egg,47
Egg White Cooked Ns As To Fat Added In Cooking,Dairy and Egg Products ,111,11.52,0.78,6.55,1 small egg white,24
Egg White Cooked Fat Not Added In Cooking,Dairy and Egg Products ,59,12.29,0.82,0.19,1 small egg white,24
Egg White Cooked Fat Added In Cooking,Dairy and Egg Products ,111,11.52,0.78,6.55,1 small egg white,24
Egg Yolk Only Cooked Ns As To Fat Added In Cooking,Dairy and Egg Products ,404,16.76,3.79,35.24,1 small egg yolk,13
Egg Yolk Only Cooked Fat Not Added In Cooking,Dairy and Egg Products ,363,17.89,4.05,29.94,1 small egg yolk,13
Egg Yolk Only Cooked Fat Added In Cooking,Dairy and Egg Products ,404,16.76,3.79,35.24,1 small egg yolk,13
Duck Egg Cooked,Dairy and Egg Products ,209,14.45,1.64,15.53,1 egg,70
Goose Egg Cooked,Dairy and Egg Products ,209,15.64,1.52,14.97,1 egg,144
Quail Egg Canned,Dairy and Egg Products ,178,14.72,0.46,12.51,1 egg,9
Egg Creamed,Dairy and Egg Products ,150,7.7,5.57,10.59,1 medium egg,139
Egg Benedict,Dairy and Egg Products ,287,12.65,8.25,22.55,1 medium egg,149
Egg Deviled,Dairy and Egg Products ,198,11.52,1.07,15.9,1/2 small egg,24
Egg Salad Made With Mayonnaise,Dairy and Egg Products ,257,10.26,1.01,23.14,1 medium egg,68
Egg Salad Made With Light Mayonnaise,Dairy and Egg Products ,172,9.97,2.82,13,1 medium egg,68
Egg Salad Made With Mayonnaise-Type Salad Dressing,Dairy and Egg Products ,174,10.07,3.93,12.83,1 medium egg,68
Egg Salad Made With Light Mayonnaise-Type Salad Dressing,Dairy and Egg Products ,172,9.97,2.82,13,1 medium egg,68
Egg Salad Made With Creamy Dressing,Dairy and Egg Products ,212,10.17,2.12,17.68,1 medium egg,68
Egg Salad Made With Light Creamy Dressing,Dairy and Egg Products ,155,10.17,2.37,11.29,1 medium egg,68
Egg Salad Made With Italian Dressing,Dairy and Egg Products ,172,10.02,3.38,12.74,1 medium egg,68
Egg Salad Made With Light Italian Dressing,Dairy and Egg Products ,163,10.16,2.19,12.38,1 medium egg,68
Egg Salad Made With Any Type Of Fat Free Dressing,Dairy and Egg Products ,139,9.8,4.29,8.82,1 medium egg,68
Huevos Rancheros,Dairy and Egg Products ,118,6.87,8.72,6.48,1 egg/ ns as to size,118
Egg Casserole With Bread Cheese Milk And Meat,Dairy and Egg Products ,192,12.03,4.68,13.8,1 cup,164
Ripe Plantain Omelet Puerto Rican Style,Dairy and Egg Products ,224,6.58,18.09,14.77,1 medium egg,79
Scrambled Eggs With Jerked Beef Puerto Rican Style,Dairy and Egg Products ,260,21.46,2.98,17.78,1 cup,140
Eggs A La Malaguena Puerto Rican Style,Dairy and Egg Products ,96,8.41,4.96,4.68,1 medium egg,117
Shrimp-Egg Patty,Dairy and Egg Products ,487,28.36,11.77,35.65,"1 patty (about 2"" dia)",18
Egg Omelet Or Scrambled Egg Ns As To Fat Added In Cooking,Dairy and Egg Products ,174,11.16,1.82,13.29,1 small egg,46
Egg Omelet Or Scrambled Egg Made With Margarine,Dairy and Egg Products ,172,11.14,1.85,13.03,1 small egg,46
Egg Omelet Or Scrambled Egg Made With Oil,Dairy and Egg Products ,180,11.16,1.81,13.95,1 small egg,46
Egg Omelet Or Scrambled Egg Made With Butter,Dairy and Egg Products ,172,11.18,1.81,13.05,1 small egg,46
Egg Omelet Or Scrambled Egg Made With Animal Fat Or Meat Drippings,Dairy and Egg Products ,175,11.31,1.82,13.24,1 small egg,46
Egg Omelet Or Scrambled Egg Made With Cooking Spray,Dairy and Egg Products ,141,11.68,2,9.14,1 small egg,46
Egg Omelet Or Scrambled Egg Ns As To Type Of Fat,Dairy and Egg Products ,174,11.16,1.82,13.29,1 small egg,46
Egg Omelet Or Scrambled Egg Made Without Fat,Dairy and Egg Products ,137,11.74,1.9,8.77,1 small egg,44
Egg Omelet Or Scrambled Egg With Cheese Made With Margarine,Dairy and Egg Products ,204,12.82,2.04,15.84,1 small egg,52
Egg Omelet Or Scrambled Egg With Cheese Made With Oil,Dairy and Egg Products ,212,12.84,2,16.66,1 small egg,52
Egg Omelet Or Scrambled Egg With Cheese Made With Butter,Dairy and Egg Products ,204,12.86,2,15.86,1 small egg,52
Egg Omelet Or Scrambled Egg With Cheese Made With Animal Fat Or Meat Drippings,Dairy and Egg Products ,208,12.98,2.01,16.04,1 small egg,52
Egg Omelet Or Scrambled Egg With Cheese Made With Cooking Spray,Dairy and Egg Products ,178,13.37,2.18,12.53,1 small egg,50
Egg Omelet Or Scrambled Egg With Cheese Made Without Fat,Dairy and Egg Products ,175,13.43,2.1,12.22,1 small egg,50
Egg Omelet Or Scrambled Egg With Meat Ns As To Fat Added In Cooking,Dairy and Egg Products ,221,14.81,2.19,16.68,1 small egg,65
Egg Omelet Or Scrambled Egg With Meat Made With Margarine,Dairy and Egg Products ,220,14.8,2.21,16.49,1 small egg,65
Egg Omelet Or Scrambled Egg With Meat Made With Oil,Dairy and Egg Products ,225,14.82,2.19,17.13,1 small egg,65
Egg Omelet Or Scrambled Egg With Meat Made With Butter,Dairy and Egg Products ,220,14.83,2.19,16.51,1 small egg,65
Egg Omelet Or Scrambled Egg With Meat Made With Animal Fat Or Meat Drippings,Dairy and Egg Products ,222,14.93,2.19,16.65,1 small egg,65
Egg Omelet Or Scrambled Egg With Meat Made With Cooking Spray,Dairy and Egg Products ,200,15.29,2.33,13.98,1 small egg,65
Egg Omelet Or Scrambled Egg With Meat Ns As To Type Of Fat,Dairy and Egg Products ,221,14.81,2.19,16.68,1 small egg,65
Egg Omelet Or Scrambled Egg With Meat Made Without Fat,Dairy and Egg Products ,198,15.34,2.27,13.74,1 small egg,65
Egg Omelet Or Scrambled Egg With Cheese And Meat Ns As To Fat Added In Cooking,Dairy and Egg Products ,240,15.72,2.3,18.39,1 small egg,74
Egg Omelet Or Scrambled Egg With Cheese And Meat Made With Margarine,Dairy and Egg Products ,239,15.7,2.32,18.21,1 small egg,74
Egg Omelet Or Scrambled Egg With Cheese And Meat Made With Oil,Dairy and Egg Products ,244,15.72,2.3,18.8,1 small egg,74
Egg Omelet Or Scrambled Egg With Cheese And Meat Made With Butter,Dairy and Egg Products ,239,15.73,2.3,18.23,1 small egg,74
Egg Omelet Or Scrambled Egg With Cheese And Meat Made With Animal Fat Or Meat Drippings,Dairy and Egg Products ,241,15.82,2.3,18.36,1 small egg,74
Egg Omelet Or Scrambled Egg With Cheese And Meat Made With Cooking Spray,Dairy and Egg Products ,222,16.18,2.43,15.96,1 small egg,72
Egg Omelet Or Scrambled Egg With Cheese And Meat Ns As To Type Of Fat,Dairy and Egg Products ,240,15.72,2.3,18.39,1 small egg,74
Egg Omelet Or Scrambled Egg With Cheese And Meat Made Without Fat,Dairy and Egg Products ,220,16.22,2.37,15.75,1 small egg,72
Egg Omelet Or Scrambled Egg With Tomatoes Fat Added In Cooking,Dairy and Egg Products ,117,7.15,2.84,8.53,1 small egg,76
Egg Omelet Or Scrambled Egg With Tomatoes Fat Not Added In Cooking,Dairy and Egg Products ,90,7.37,2.93,5.3,1 small egg,74
Egg Omelet Or Scrambled Egg With Tomatoes Ns As To Fat Added In Cooking,Dairy and Egg Products ,117,7.15,2.84,8.53,1 small egg,76
Egg Omelet Or Scrambled Egg With Dark-Green Vegetables Fat Added In Cooking,Dairy and Egg Products ,156,9.81,2.66,11.65,1 small egg,57
Egg Omelet Or Scrambled Egg With Dark-Green Vegetables Fat Not Added In Cooking,Dairy and Egg Products ,119,10.23,2.77,7.3,1 small egg,54
Egg Omelet Or Scrambled Egg With Dark-Green Vegetables Ns As To Fat Added In Cooking,Dairy and Egg Products ,156,9.81,2.66,11.65,1 small egg,57
Egg Omelet Or Scrambled Egg With Tomatoes And Dark-Green Vegetables Fat Added In Cooking,Dairy and Egg Products ,140,8.73,2.73,10.38,1 small egg,63
Egg Omelet Or Scrambled Egg With Tomatoes And Dark-Green Vegetables Fat Not Added In Cooking,Dairy and Egg Products ,107,9.06,2.83,6.48,1 small egg,61
Egg Omelet Or Scrambled Egg With Tomatoes And Dark-Green Vegetables Ns As To Fat Added In Cooking,Dairy and Egg Products ,140,8.73,2.73,10.38,1 small egg,63
Egg Omelet Or Scrambled Egg With Vegetables Other Than Dark Green And/or Tomatoes Fat Added In Cooking,Dairy and Egg Products ,155,8.09,3.36,12.16,1 small egg,68
Egg Omelet Or Scrambled Egg With Vegetables Other Than Dark Green And/or Tomatoes Fat Not Added In Cooking,Dairy and Egg Products ,105,8.57,3.56,6.11,1 small egg,64
Egg Omelet Or Scrambled Egg With Vegetables Other Than Dark Green And/or Tomatoes Ns As To Fat Added In Cooking,Dairy and Egg Products ,155,8.09,3.36,12.16,1 small egg,68
Egg Omelet Or Scrambled Egg With Cheese And Tomatoes Fat Added In Cooking,Dairy and Egg Products ,142,8.5,2.89,10.64,1 small egg,82
Egg Omelet Or Scrambled Egg With Cheese And Tomatoes Fat Not Added In Cooking,Dairy and Egg Products ,117,8.75,2.97,7.7,1 small egg,80
Egg Omelet Or Scrambled Egg With Cheese And Tomatoes Ns As To Fat Added In Cooking,Dairy and Egg Products ,142,8.5,2.89,10.64,1 small egg,82
Egg Omelet Or Scrambled Egg With Cheese And Dark-Green Vegetables Fat Added In Cooking,Dairy and Egg Products ,185,11.36,2.74,14.17,1 small egg,62
Egg Omelet Or Scrambled Egg With Cheese And Dark-Green Vegetables Fat Not Added In Cooking,Dairy and Egg Products ,153,11.8,2.84,10.34,1 small egg,60
Egg Omelet Or Scrambled Egg With Cheese And Dark-Green Vegetables Ns As To Fat Added In Cooking,Dairy and Egg Products ,185,11.36,2.74,14.17,1 small egg,62
Egg Omelet Or Scrambled Egg With Cheese Tomatoes And Dark-Green Vegetables Fat Added In Cooking,Dairy and Egg Products ,167,10.21,2.8,12.75,1 small egg,67
Egg Omelet Or Scrambled Egg With Cheese Tomatoes And Dark-Green Vegetables Fat Not Added In Cooking,Dairy and Egg Products ,139,10.56,2.9,9.27,1 small egg,67
Egg Omelet Or Scrambled Egg With Cheese Tomatoes And Dark-Green Vegetables Ns As To Fat Added In Cooking,Dairy and Egg Products ,167,10.21,2.8,12.75,1 small egg,67
Egg Omelet Or Scrambled Egg With Cheese And Vegetables Other Than Dark Green And/or Tomatoes Fat Added In Cooking,Dairy and Egg Products ,180,9.53,3.37,14.22,1 small egg,71
Egg Omelet Or Scrambled Egg With Cheese And Vegetables Other Than Dark Green And/or Tomatoes Fat Not Added In Cooking,Dairy and Egg Products ,135,10.05,3.56,8.8,1 small egg,71
Egg Omelet Or Scrambled Egg With Cheese And Vegetables Other Than Dark Green And/or Tomatoes Ns As To Fat Added In Cooking,Dairy and Egg Products ,180,9.53,3.37,14.22,1 small egg,71
Egg Omelet Or Scrambled Egg With Meat And Tomatoes Fat Added In Cooking,Dairy and Egg Products ,163,10.46,2.68,12.1,1 small egg,80
Egg Omelet Or Scrambled Egg With Meat And Tomatoes Fat Not Added In Cooking,Dairy and Egg Products ,138,10.77,2.76,9.11,1 small egg,78
Egg Omelet Or Scrambled Egg With Meat And Tomatoes Ns As To Fat Added In Cooking,Dairy and Egg Products ,163,10.46,2.68,12.1,1 small egg,80
Egg Omelet Or Scrambled Egg With Meat And Dark-Green Vegetables Fat Added In Cooking,Dairy and Egg Products ,186,12.27,2.58,13.85,1 small egg,67
Egg Omelet Or Scrambled Egg With Meat And Dark-Green Vegetables Fat Not Added In Cooking,Dairy and Egg Products ,155,12.73,2.68,10.11,1 small egg,62
Egg Omelet Or Scrambled Egg With Meat And Dark-Green Vegetables Ns As To Fat Added In Cooking,Dairy and Egg Products ,186,12.27,2.58,13.85,1 small egg,67
Egg Omelet Or Scrambled Egg With Meat Tomatoes And Dark-Green Vegetables Fat Added In Cooking,Dairy and Egg Products ,176,11.53,2.54,13.1,1 small egg,67
Egg Omelet Or Scrambled Egg With Meat Tomatoes And Dark-Green Vegetables Fat Not Added In Cooking,Dairy and Egg Products ,147,11.94,2.63,9.54,1 small egg,67
Egg Omelet Or Scrambled Egg With Meat Tomatoes And Dark-Green Vegetables Ns As To Fat Added In Cooking,Dairy and Egg Products ,176,11.53,2.54,13.1,1 small egg,67
Egg Omelet Or Scrambled Egg With Meat And Vegetables Other Than Dark-Green And/or Tomatoes Fat Added In Cooking,Dairy and Egg Products ,208,11.96,2.64,16.42,1 small egg,69
Egg Omelet Or Scrambled Egg With Meat And Vegetables Other Than Dark-Green And/or Tomatoes Fat Not Added In Cooking,Dairy and Egg Products ,161,12.66,2.79,10.76,1 small egg,64
Egg Omelet Or Scrambled Egg With Meat And Vegetables Other Than Dark-Green And/or Tomatoes Ns As To Fat Added In Cooking,Dairy and Egg Products ,208,11.96,2.64,16.42,1 small egg,69
Egg Omelet Or Scrambled Egg With Cheese Meat And Tomatoes Fat Added In Cooking,Dairy and Egg Products ,183,11.54,2.74,13.88,1 small egg,86
Egg Omelet Or Scrambled Egg With Cheese Meat And Tomatoes Fat Not Added In Cooking,Dairy and Egg Products ,161,11.85,2.81,11.15,1 small egg,80
Egg Omelet Or Scrambled Egg With Cheese Meat And Tomatoes Ns As To Fat Added In Cooking,Dairy and Egg Products ,183,11.54,2.74,13.88,1 small egg,86
Egg Omelet Or Scrambled Egg With Cheese Meat And Dark-Green Vegetables Fat Added In Cooking,Dairy and Egg Products ,226,14.36,2.38,17.44,1 small egg,68
Egg Omelet Or Scrambled Egg With Cheese Meat And Dark-Green Vegetables Fat Not Added In Cooking,Dairy and Egg Products ,199,14.86,2.46,14.1,1 small egg,66
Egg Omelet Or Scrambled Egg With Cheese Meat And Dark-Green Vegetables Ns As To Fat Added In Cooking,Dairy and Egg Products ,226,14.36,2.38,17.44,1 small egg,68
Egg Omelet Or Scrambled Egg With Cheese Meat Tomatoes And Dark-Green Vegetables Fat Added In Cooking,Dairy and Egg Products ,215,13.66,2.49,16.54,1 small egg,82
Egg Omelet Or Scrambled Egg With Cheese Meat Tomatoes And Dark-Green Vegetables Fat Not Added In Cooking,Dairy and Egg Products ,189,14.11,2.57,13.35,1 small egg,80
Egg Omelet Or Scrambled Egg With Cheese Meat Tomatoes And Dark-Green Vegetables Ns As To Fat Added In Cooking,Dairy and Egg Products ,215,13.66,2.49,16.54,1 small egg,82
Egg Omelet Or Scrambled Egg With Cheese Meat And Vegetables Other Than Dark-Green And/or Tomatoes Fat Added In Cooking,Dairy and Egg Products ,228,13.07,2.71,18.1,1 small egg,75
Egg Omelet Or Scrambled Egg With Cheese Meat And Vegetables Other Than Dark-Green And/or Tomatoes Fat Not Added In Cooking,Dairy and Egg Products ,186,13.76,2.85,13.01,1 small egg,72
Egg Omelet Or Scrambled Egg With Cheese Meat And Vegetables Other Than Dark-Green And/or Tomatoes Ns As To Fat Added In Cooking,Dairy and Egg Products ,228,13.07,2.71,18.1,1 small egg,75
Egg Omelet Or Scrambled Egg With Potatoes And/or Onions Fat Added In Cooking,Dairy and Egg Products ,163,7.6,8.11,11.08,1 small egg,74
Egg Omelet Or Scrambled Egg With Potatoes And/or Onions Fat Not Added In Cooking,Dairy and Egg Products ,117,8.01,8.54,5.53,1 small egg,70
Egg Omelet Or Scrambled Egg With Potatoes And/or Onions Ns As To Fat Added In Cooking,Dairy and Egg Products ,163,7.6,8.11,11.08,1 small egg,74
Egg White Omelet Scrambled Or Fried Ns As To Fat Added In Cooking,Dairy and Egg Products ,111,11.52,0.78,6.55,1 small egg white,24
Egg White Omelet Scrambled Or Fried Made With Margarine,Dairy and Egg Products ,108,11.5,0.82,6.21,1 small egg white,24
Egg White Omelet Scrambled Or Fried Made With Oil,Dairy and Egg Products ,119,11.52,0.77,7.38,1 small egg white,24
Egg White Omelet Scrambled Or Fried Made With Butter,Dairy and Egg Products ,108,11.55,0.77,6.24,1 small egg white,24
Egg White Omelet Scrambled Or Fried Made With Cooking Spray,Dairy and Egg Products ,64,12.22,0.96,0.72,1 small egg,22
Egg White Omelet Scrambled Or Fried Ns As To Type Of Fat,Dairy and Egg Products ,111,11.52,0.78,6.55,1 small egg white,24
Egg White Omelet Scrambled Or Fried Made Without Fat,Dairy and Egg Products ,59,12.29,0.82,0.19,1 small egg white,22
Egg White Omelet Scrambled Or Fried With Cheese Fat Added In Cooking,Dairy and Egg Products ,167,13.56,1.16,11.67,1 small egg,28
Egg White Omelet Scrambled Or Fried With Cheese Fat Not Added In Cooking,Dairy and Egg Products ,118,14.34,1.22,5.81,1 small egg,26
Egg White Omelet Scrambled Or Fried With Cheese Ns As To Fat Added In Cooking,Dairy and Egg Products ,167,13.56,1.16,11.67,1 small egg,28
Egg White Omelet Scrambled Or Fried With Meat Fat Added In Cooking,Dairy and Egg Products ,195,15.7,1.6,13.55,1 small egg,37
Egg White Omelet Scrambled Or Fried With Meat Fat Not Added In Cooking,Dairy and Egg Products ,161,16.35,1.67,9.38,1 small egg,37
Egg White Omelet Scrambled Or Fried With Meat Ns As To Fat Added In Cooking,Dairy and Egg Products ,195,15.7,1.6,13.55,1 small egg,37
Egg White Omelet Scrambled Or Fried With Vegetables Fat Added In Cooking,Dairy and Egg Products ,113,7.77,2.99,7.71,1 small egg,37
Egg White Omelet Scrambled Or Fried With Vegetables Fat Not Added In Cooking,Dairy and Egg Products ,49,8.32,3.2,0.19,1 small egg,37
Egg White Omelet Scrambled Or Fried With Vegetables Ns As To Fat Added In Cooking,Dairy and Egg Products ,113,7.77,2.99,7.71,1 small egg,37
Egg White Omelet Scrambled Or Fried With Cheese And Meat Fat Added In Cooking,Dairy and Egg Products ,219,16.66,1.78,15.83,1 small egg,42
Egg White Omelet Scrambled Or Fried With Cheese And Meat Fat Not Added In Cooking,Dairy and Egg Products ,190,17.29,1.85,12.16,1 small egg,41
Egg White Omelet Scrambled Or Fried With Cheese And Meat Ns As To Fat Added In Cooking,Dairy and Egg Products ,219,16.66,1.78,15.83,1 small egg,42
Egg White Omelet Scrambled Or Fried With Cheese And Vegetables Fat Added In Cooking,Dairy and Egg Products ,145,9.47,3.04,10.53,1 small egg,42
Egg White Omelet Scrambled Or Fried With Cheese And Vegetables Fat Not Added In Cooking,Dairy and Egg Products ,90,10.08,3.23,3.94,1 small egg,39
Egg White Omelet Scrambled Or Fried With Cheese And Vegetables Ns As To Fat Added In Cooking,Dairy and Egg Products ,145,9.47,3.04,10.53,1 small egg,42
Egg White Omelet Scrambled Or Fried With Meat And Vegetables Fat Added In Cooking,Dairy and Egg Products ,175,12.32,2.15,12.83,1 small egg,39
Egg White Omelet Scrambled Or Fried With Meat And Vegetables Fat Not Added In Cooking,Dairy and Egg Products ,118,13.17,2.29,5.88,1 small egg,37
Egg White Omelet Scrambled Or Fried With Meat And Vegetables Ns As To Fat Added In Cooking,Dairy and Egg Products ,175,12.32,2.15,12.83,1 small egg,39
Egg White Omelet Scrambled Or Fried With Cheese Meat And Vegetables Fat Added In Cooking,Dairy and Egg Products ,201,13.57,2.27,15.11,1 small egg,43
Egg White Omelet Scrambled Or Fried With Cheese Meat And Vegetables Fat Not Added In Cooking,Dairy and Egg Products ,151,14.41,2.41,8.98,1 small egg,41
Egg White Omelet Scrambled Or Fried With Cheese Meat And Vegetables Ns As To Fat Added In Cooking,Dairy and Egg Products ,201,13.57,2.27,15.11,1 small egg,43
Egg Substitute Omelet Scrambled Or Fried Ns As To Fat Added In Cooking,Dairy and Egg Products ,107,10.57,2.12,6.37,1 carton (8 fl oz) yields,204
Egg Substitute Omelet Scrambled Or Fried Made With Margarine,Dairy and Egg Products ,104,10.55,2.16,6.03,No data available,No data available
Egg Substitute Omelet Scrambled Or Fried Made With Oil,Dairy and Egg Products ,114,10.56,2.11,7.2,1 carton (8 fl oz) yields,204
Egg Substitute Omelet Scrambled Or Fried Made With Butter,Dairy and Egg Products ,104,10.6,2.11,6.06,No data available,No data available
Egg Substitute Omelet Scrambled Or Fried Ns As To Type Of Fat,Dairy and Egg Products ,107,10.57,2.12,6.37,1 carton (8 fl oz) yields,204
Egg Substitute Omelet Scrambled Or Fried Made With Cooking Spray,Dairy and Egg Products ,59,11.21,2.38,0.53,No data available,No data available
Egg Substitute Omelet Scrambled Or Fried Made Without Fat,Dairy and Egg Products ,54,11.28,2.26,0,No data available,No data available
Egg Substitute Cheese Flavored Omelet Scrambled Or Fried Fat Added In Cooking,Dairy and Egg Products ,114,10.56,2.11,7.2,No data available,No data available
Egg Substitute Cheese Flavored Omelet Scrambled Or Fried Fat Not Added In Cooking,Dairy and Egg Products ,54,11.28,2.26,0,No data available,No data available
Egg Substitute Cheese Flavored Omelet Scrambled Or Fried Ns As To Fat Added In Cooking,Dairy and Egg Products ,114,10.56,2.11,7.2,No data available,No data available
Egg Substitute Vegetable Flavored Omelet Scrambled Or Fried Fat Added In Cooking,Dairy and Egg Products ,114,10.56,2.11,7.2,1 cup/ cooked,188
Egg Substitute Vegetable Flavored Omelet Scrambled Or Fried Fat Not Added In Cooking,Dairy and Egg Products ,54,11.28,2.26,0,1 cup/ cooked,188
Egg Substitute Vegetable Flavored Omelet Scrambled Or Fried Ns As To Fat Added In Cooking,Dairy and Egg Products ,114,10.56,2.11,7.2,1 cup/ cooked,188
Egg Substitute Omelet Scrambled Or Fried With Cheese Fat Added In Cooking,Dairy and Egg Products ,163,12.74,2.31,11.52,1 cup/ cooked,153
Egg Substitute Omelet Scrambled Or Fried With Cheese Fat Not Added In Cooking,Dairy and Egg Products ,115,13.47,2.44,5.64,No data available,No data available
Egg Substitute Omelet Scrambled Or Fried With Cheese Ns As To Fat Added In Cooking,Dairy and Egg Products ,163,12.74,2.31,11.52,No data available,No data available
Egg Substitute Omelet Scrambled Or Fried With Meat Fat Added In Cooking,Dairy and Egg Products ,192,15.1,2.45,13.44,No data available,No data available
Egg Substitute Omelet Scrambled Or Fried With Meat Fat Not Added In Cooking,Dairy and Egg Products ,158,15.72,2.55,9.26,No data available,No data available
Egg Substitute Omelet Scrambled Or Fried With Meat Ns As To Fat Added In Cooking,Dairy and Egg Products ,192,15.1,2.45,13.44,No data available,No data available
Egg Substitute Omelet Scrambled Or Fried With Vegetables Fat Added In Cooking,Dairy and Egg Products ,110,7.17,3.83,7.6,No data available,No data available
Egg Substitute Omelet Scrambled Or Fried With Vegetables Fat Not Added In Cooking,Dairy and Egg Products ,46,7.68,4.1,0.07,No data available,No data available
Egg Substitute Omelet Scrambled Or Fried With Vegetables Ns As To Fat Added In Cooking,Dairy and Egg Products ,110,7.17,3.83,7.6,No data available,No data available
Egg Substitute Omelet Scrambled Or Fried With Cheese And Meat Fat Added In Cooking,Dairy and Egg Products ,217,16.12,2.55,15.73,No data available,No data available
Egg Substitute Omelet Scrambled Or Fried With Cheese And Meat Fat Not Added In Cooking,Dairy and Egg Products ,187,16.72,2.64,12.05,No data available,No data available
Egg Substitute Omelet Scrambled Or Fried With Cheese And Meat Ns As To Fat Added In Cooking,Dairy and Egg Products ,217,16.12,2.55,15.73,No data available,No data available
Egg Substitute Omelet Scrambled Or Fried With Cheese And Vegetables Fat Added In Cooking,Dairy and Egg Products ,142,8.93,3.8,10.42,No data available,No data available
Egg Substitute Omelet Scrambled Or Fried With Cheese And Vegetables Fat Not Added In Cooking,Dairy and Egg Products ,87,9.5,4.04,3.83,No data available,No data available
Egg Substitute Omelet Scrambled Or Fried With Cheese And Vegetables Ns As To Fat Added In Cooking,Dairy and Egg Products ,142,8.93,3.8,10.42,No data available,No data available
Egg Substitute Omelet Scrambled Or Fried With Meat And Vegetables Fat Added In Cooking,Dairy and Egg Products ,173,11.74,2.97,12.72,No data available,No data available
Egg Substitute Omelet Scrambled Or Fried With Meat And Vegetables Fat Not Added In Cooking,Dairy and Egg Products ,115,12.55,3.17,5.76,No data available,No data available
Egg Substitute Omelet Scrambled Or Fried With Meat And Vegetables Ns As To Fat Added In Cooking,Dairy and Egg Products ,173,11.74,2.97,12.72,No data available,No data available
Egg Substitute Omelet Scrambled Or Fried With Cheese Meat And Vegetables Fat Added In Cooking,Dairy and Egg Products ,199,13.04,3.02,15.01,No data available,No data available
Egg Substitute Omelet Scrambled Or Fried With Cheese Meat And Vegetables Fat Not Added In Cooking,Dairy and Egg Products ,148,13.85,3.2,8.87,No data available,No data available
Egg Substitute Omelet Scrambled Or Fried With Cheese Meat And Vegetables Ns As To Fat Added In Cooking,Dairy and Egg Products ,199,13.04,3.02,15.01,No data available,No data available
Tofu Frozen Dessert Flavors Other Than Chocolate,Dairy and Egg Products ,261,4.79,22.4,18.64,1 cup,164
Tofu Frozen Dessert Chocolate,Dairy and Egg Products ,237,3.38,25.02,14.75,1 cup,164
Yogurt Coconut Milk,Dairy and Egg Products ,64,0.31,7.95,3.5,1 6 oz container,170
Rice Frozen Dessert Nondairy Flavors Other Than Chocolate,Dairy and Egg Products ,151,1.82,23.07,6.05,1 cup,172
Rice Dessert Bar Frozen Flavors Other Than Chocolate Nondairy Carob Covered,Dairy and Egg Products ,220,2.34,24.72,13.69,1 bar (4 oz),113
Rice Dessert Bar Frozen Chocolate Nondairy Chocolate Covered,Dairy and Egg Products ,237,4.07,25.06,14.82,1 bar (4 oz),113
Squash Winter Souffle,Dairy and Egg Products ,78,3.4,12.17,2.16,1 cup,157
Squash Summer Souffle,Dairy and Egg Products ,122,4.44,6.88,8.77,1 cup,136
