Nachos With Cheese,Fast Foods,343,4.32,34.91,21.5,1 serving,80
Nachos With Cheese Beans Ground Beef And Tomatoes,Fast Foods,219,6.21,21.39,12.48,1 serving,222
Cheeseburger Double Regular Patty And Bun With Condiments,Fast Foods,282,16.24,17.97,16.18,1 sandwich,155
Cheeseburger; Single Large Patty; Plain,Fast Foods,310,17.29,24.07,15.97,1 sandwich,182
Chicken Fillet Sandwich Plain With Pickles,Fast Foods,250,16.28,20.89,11.19,1 sandwich,187
Fish Sandwich With Tartar Sauce,Fast Foods,257,10.29,26.69,12.45,1 sandwich,220
Fish Sandwich With Tartar Sauce And Cheese,Fast Foods,279,11.26,26.39,14.64,1 sandwich,134
Submarine Sandwich Roast Beef On White Bread With Lettuce And Tomato,Fast Foods,156,12.17,20.34,2.73,6 inch sub,190
Submarine Sandwich Tuna On White Bread With Lettuce And Tomato,Fast Foods,218,12.33,15.95,12.04,6 inch sub,237
Coleslaw (Fast Food),Fast Foods,153,0.95,14.89,9.91,1 cup,191
Hush Puppies,Fast Foods,296,6.16,40.21,13.25,1 piece,22
Fast Food Biscuit,Fast Foods,370,7.08,42.82,18.92,1 biscuit,55
Chick-Fil-A Chick-N-Strips,Fast Foods,228,21.4,10.39,11.2,1 strip,50
Chick-Fil-A Hash Browns,Fast Foods,301,3,30.51,18.5,1 piece,5.5
School Lunch Pizza Big Daddys Ls 16 Inch 51% Whole Grain Rolled Edge Cheese Pizza Frozen,Fast Foods,243,13.89,27.1,8.81,1 slice 1/8 per pizza,155
Submarine Sandwich Sweet Onion Chicken Teriyaki On White Bread With Lettuce Tomato And Sweet Onion Sauce,Fast Foods,155,10.91,22.54,2.37,6 inch sub,228
Subway Subway Club Sub On White Bread With Lettuce And Tomato,Fast Foods,146,10.66,20.36,2.42,6 inch sub,207
Submarine Sandwich Turkey Roast Beef And Ham On White Bread With Lettuce And Tomato,Fast Foods,146,10.66,20.36,2.42,12 inch sub,413
Submarine Sandwich Oven Roasted Chicken On White Bread With Lettuce And Tomato,Fast Foods,157,10.84,21.35,3.15,6 inch sub,198
Subway Steak & Cheese Sub On White Bread With American Cheese Lettuce And Tomato,Fast Foods,183,12.29,21.49,5.34,6 inch sub,201
Submarine Sandwich Steak And Cheese On White Bread With Cheese Lettuce And Tomato,Fast Foods,183,12.29,21.49,5.34,6 inch sub,201
Subway B.l.t. Sub On White Bread With Bacon Lettuce And Tomato,Fast Foods,205,10.06,26.66,6.41,6 inch sub,148
Submarine Sandwich Bacon Lettuce And Tomato On White Bread,Fast Foods,205,10.06,26.66,6.41,6 inch sub,148
Subway Oven Roasted Chicken Sub On White Bread With Lettuce And Tomato,Fast Foods,157,10.84,21.35,3.15,6 inch sub,198
Subway Cold Cut Sub On White Bread With Lettuce And Tomato,Fast Foods,214,10.52,20.43,10.04,6 inch sub,196
Subway Tuna Sub,Fast Foods,221,12.33,15.95,12.04,6 inch sub,237
Pizza Cheese Topping Regular Crust Frozen Cooked,Fast Foods,268,10.36,29.02,12.28,1 serving 9 servings per 24 oz package,81
Fast Foods Crispy Chicken Filet Sandwich With Lettuce And Mayonnaise,Fast Foods,276,10.94,27.4,13.59,1 sandwich,152
McDonalds Filet-O-Fish,Fast Foods,282,11.26,26.39,14.64,1 sandwich,134
McDonalds Cheeseburger,Fast Foods,263,12.97,27.81,11.79,1 item 4 oz,119
McDonalds Quarter Pounder,Fast Foods,244,14.1,22.17,11.55,1 item,171
Wendys Classic Single Hamburger With Cheese,Fast Foods,221,14.87,14.2,11.6,1 item,236
Wendys Jr. Hamburger Without Cheese,Fast Foods,243,12.62,28.45,8.75,1 item,117
Wendys Jr. Hamburger With Cheese,Fast Foods,256,13.06,24.97,11.5,1 item,129
Wendys Classic Double With Cheese,Fast Foods,241,16.52,11.71,14.2,1 item,310
Wendys Frosty Dairy Dessert,Fast Foods,132,3.49,23.62,2.6,1 junior 6 oz. cup,113
Burger King French Fries,Fast Foods,280,3.23,38.7,12.48,1 small serving,74
Burger King Hamburger,Fast Foods,261,14.85,26.76,10.55,1 sandwich,99
Burger King Cheeseburger,Fast Foods,286,14.57,23.71,14.81,1 item,133
Burger King Premium Fish Sandwich,Fast Foods,260,10.29,26.69,12.45,1 sandwich,220
Burger King Original Chicken Sandwich,Fast Foods,286,12.14,26.22,14.69,1 sandwich,199
Taco Bell Original Taco With Beef Cheese And Lettuce,Fast Foods,229,8.86,19.85,12.7,1 each taco,69
Taco Bell Soft Taco With Beef Cheese And Lettuce,Fast Foods,206,9.25,20.23,9.75,1 each taco,102
Taco Bell Burrito Supreme With Chicken,Fast Foods,179,9.84,20.51,6.42,1 item,248
Taco Bell Burrito Supreme With Steak,Fast Foods,183,9.13,20.32,7.27,1 item,248
Taco Bell Nachos,Fast Foods,350,4.32,34.91,21.5,1 serving,80
Taco Bell Nachos Supreme,Fast Foods,223,6.21,21.39,12.48,1 serving,222
Popeyes Spicy Chicken Strips Analyzed 2006,Fast Foods,253,19.61,18.52,11.2,1 strip,53
Kfc Biscuit,Fast Foods,358,7.5,43.55,17.05,1 biscuit,49
Kfc Coleslaw,Fast Foods,144,0.91,15.65,8.64,1 package,112
Kfc Crispy Chicken Strips,Fast Foods,274,20.25,13.66,15.42,1 strip,47
Kfc Fried Chicken Original Recipe Wing Meat Only Skin And Breading Removed,Fast Foods,216,28.65,1.76,10.49,1 wing wing without skin,39
Kfc Fried Chicken Extra Crispy Skin And Breading,Fast Foods,464,10.96,22.54,36.61,No data available,No data available
Kfc Fried Chicken Extra Crispy Breast Meat Only Skin And Breading Removed,Fast Foods,153,27.25,0.25,4.82,1 breast/ without skin,140
Kfc Fried Chicken Extra Crispy Drumstick Meat Only Skin And Breading Removed,Fast Foods,170,25.9,0,7.43,1 drumstick/ bone and skin removed,41
Kfc Fried Chicken Original Recipe Thigh Meat And Skin With Breading,Fast Foods,269,18.9,8.46,17.73,1 thigh/ with skin,135
Kfc Fried Chicken Original Recipe Wing Meat And Skin With Breading,Fast Foods,297,21.7,9.93,18.9,1 wing/ with skin,60
Kfc Fried Chicken Breast,Fast Foods,268,21.24,8.47,16.55,1 breast/ with skin,212
Kfc Fried Chicken Extra Crispy Drumstick Meat And Skin With Breading,Fast Foods,274,20.62,7.96,17.73,1 drumstick/ with skin,81
Popeyes Fried Chicken Mild Skin And Breading,Fast Foods,433,13.96,21.54,32.32,No data available,No data available
Popeyes Fried Chicken Mild Thigh Meat Only Skin And Breading Removed,Fast Foods,188,24.31,0.85,9.66,1 thigh thigh without skin,83
Popeyes Fried Chicken Mild Wing Meat Only Skin And Breading Removed,Fast Foods,212,28.94,2.9,9.42,1 wing without skin/ bone and breading,16
Popeyes Fried Chicken Mild Breast Meat And Skin With Breading,Fast Foods,274,21.67,9.83,16.47,1 breast/ with skin,194
Popeyes Fried Chicken Mild Drumstick Meat And Skin With Breading,Fast Foods,293,20.44,9.84,19.14,1 drumstick/ with skin,76
Yogurt Parfait Lowfat With Fruit And Granola,Fast Foods,84,3.36,15.86,1.01,1 item,149
Fast Foods Fried Chicken Breast Meat Only Skin And Breading Removed,Fast Foods,153,27.93,0,4.54,1 breast without skin,142
Fast Foods Fried Chicken Drumstick Meat Only Skin And Breading Removed,Fast Foods,172,26.24,0,7.41,1 drumstick/ bone and skin removed,40
Fast Foods Fried Chicken Thigh Meat Only Skin And Breading Removed,Fast Foods,178,23.21,0.24,9.41,1 thigh without skin,84
Fast Foods Fried Chicken Thigh Meat And Skin And Breading,Fast Foods,274,19.23,8.68,18.07,1 thigh with skin,136
Fast Foods Fried Chicken Wing Meat And Skin And Breading,Fast Foods,310,21.14,11.19,20.09,1 wing/ with skin,58
Digiorno Pizza Cheese Topping Cheese Stuffed Crust Frozen Baked,Fast Foods,279,13.48,29.86,11.68,1 slice 1/4 of pie,164
Digiorno Pizza Cheese Topping Rising Crust Frozen Baked,Fast Foods,256,12.8,31.78,8.6,1 slice 1/4 of pie,183
Digiorno Pizza Supreme Topping Rising Crust Frozen Baked,Fast Foods,255,11.74,27.93,10.68,1 slice 1/4 of pie,227
Digiorno Pizza Supreme Topping Thin Crispy Crust Frozen Baked,Fast Foods,255,11.41,28.05,10.8,1 slice 1/4 of pie,155
Fast Food Pizza Chain 14 Inch Pizza Sausage Topping Thick Crust,Fast Foods,282,11.06,30.36,12.94,1 slice,127
Fast Food Pizza Chain 14 Inch Pizza Sausage Topping Thin Crust,Fast Foods,321,13.36,27,17.71,1 slice,88
Sausage Pizza,Fast Foods,280,11.5,30.62,12.35,1 slice,116
Fast Foods Grilled Chicken Filet Sandwich With Lettuce Tomato And Spread,Fast Foods,182,17.34,16.78,4.57,1 sandwich,230
Pizza Hut 14 Inch Pepperoni Pizza Thin N Crispy Crust,Fast Foods,333,14.13,32.66,16.17,1 slice,80
Dominos 14 Inch Pepperoni Pizza Crunchy Thin Crust,Fast Foods,328,13.88,25.35,19.05,1 slice,79
Dominos 14 Inch Sausage Pizza Crunchy Thin Crust,Fast Foods,319,12.77,25.3,18.52,1 slice,78
Pizza Hut 14 Inch Sausage Pizza Pan Crust,Fast Foods,287,11.08,29.56,13.85,1 slice,125
Pizza Cheese Topping Thin Crust Frozen Cooked,Fast Foods,263,11.91,28.8,11.07,1 slice,69
Burger King Double Cheeseburger,Fast Foods,282,16.83,17.43,16.13,1 sandwich,162
Taco With Beef Cheese And Lettuce Hard Shell,Fast Foods,226,8.86,19.85,12.7,1 each taco,69
Cheeseburger; Single Regular Patty; Plain,Fast Foods,308,16.51,28.03,14.72,1 sandwich,91
Cheeseburger; Single Regular Patty With Condiments,Fast Foods,270,13.49,25.46,12.9,1 item,127
Cheeseburger; Single Regular Patty With Condiments And Vegetables,Fast Foods,254,13.06,24.97,11.5,1 sandwich,115
Hamburger; Single Regular Patty; Plain,Fast Foods,297,16.52,31.5,12.01,1 sandwich,78
Hamburger; Single Regular Patty; With Condiments,Fast Foods,263,13.3,29.57,10.18,1 sandwich,97
Roast Beef Sandwich Plain,Fast Foods,244,15.17,22.21,10.3,1 sandwich,149
Submarine Sandwich Cold Cut On White Bread With Lettuce And Tomato,Fast Foods,213,10.52,20.43,10.04,6 inch sub,196
Onion Rings Breaded And Fried,Fast Foods,411,3.86,43.58,25.23,1 package (18 onion rings),117
Potato French Fried In Vegetable Oil,Fast Foods,312,3.43,41.44,14.73,1 serving small,71
Potato Mashed,Fast Foods,89,1.65,14.65,2.82,1 cup,242
Burger King Vanilla Shake,Fast Foods,168,3.19,19.03,8.74,1 fl oz,24.8
School Lunch Pizza Big Daddys Ls 16 Inch 51% Whole Grain Rolled Edge Turkey Pepperoni Pizza Frozen,Fast Foods,248,13.63,27.35,9.33,1 slice 1/8 per pizza,156
School Lunch Pizza Tonys Smartpizza Whole Grain 4x6 Cheese Pizza 50/50 Cheese Frozen,Fast Foods,233,12.08,29.27,7.51,1 piece 4 inch x 6 inch,130
School Lunch Pizza Tonys Smartpizza Whole Grain 4x6 Pepperoni Pizza 50/50 Cheese Frozen,Fast Foods,238,12.14,28.84,8.19,1 piece 4 inchx6 inch,127
School Lunch Pizza Tonys Breakfast Pizza Sausage Frozen,Fast Foods,240,10.39,26.99,10.04,1 piece 3.2 oz,91
Subway Sweet Onion Chicken Teriyaki Sub On White Bread With Lettuce Tomato And Sweet Onion Sauce,Fast Foods,155,10.91,22.54,2.37,6 inch sub,228
Submarine Sandwich Turkey Breast On White Bread With Lettuce And Tomato,Fast Foods,147,9.12,22.42,2.31,6 inch sub,184
Submarine Sandwich Ham On White Bread With Lettuce And Tomato,Fast Foods,151,9.12,22.91,2.53,6 inch sub,184
Subway Meatball Marinara Sub On White Bread (No Toppings),Fast Foods,219,9.77,26.01,8.45,6 inch sub,209
Submarine Sandwich Meatball Marinara On White Bread,Fast Foods,219,9.77,26.01,8.45,6 inch sub,209
Hamburger Large Single Patty With Condiments,Fast Foods,256,15.68,22.14,11.6,1 item,171
Subway Turkey Breast Sub On White Bread With Lettuce And Tomato,Fast Foods,147,9.12,22.42,2.31,6 inch sub,184
Subway Black Forest Ham Sub On White Bread With Lettuce And Tomato,Fast Foods,151,9.12,22.91,2.53,6 inch sub,184
Subway Roast Beef Sub On White Bread With Lettuce And Tomato,Fast Foods,155,12.17,20.34,2.73,6 inch sub,190
Pizza Cheese Topping Rising Crust Frozen Cooked,Fast Foods,260,12.37,32.91,8.78,1 serving 6 servings per 29.25 oz package,139
Pizza Meat And Vegetable Topping Regular Crust Frozen Cooked,Fast Foods,276,11.28,25.14,14.43,1 serving 5 servings per 24.2 oz package,143
Pizza Meat And Vegetable Topping Rising Crust Frozen Cooked,Fast Foods,271,12.63,28.78,11.75,1 serving 6 servings per 34.98 oz package,170
McDonalds Hamburger,Fast Foods,264,12.92,30.28,10.09,1 sandwich,95
Chicken Breaded And Fried Boneless Pieces Plain,Fast Foods,307,15.92,14.93,20.36,6 pieces,96
McDonalds Quarter Pounder With Cheese,Fast Foods,258,14.59,19.95,14.22,1 item 7.1 oz,199
McDonalds Big Mac,Fast Foods,257,11.82,20.08,14.96,1 item 7.6 oz,219
McDonalds French Fries,Fast Foods,323,3.41,42.58,15.47,1 small serving,71
Wendys Classic Single Hamburger No Cheese,Fast Foods,213,12.63,16.82,10.6,1 item,218
Wendys Homestyle Chicken Fillet Sandwich,Fast Foods,214,13.78,21.55,8.1,1 item,230
Wendys Ultimate Chicken Grill Sandwich,Fast Foods,179,14.73,18.88,5,1 item,225
Wendys Chicken Nuggets,Fast Foods,326,16.46,14.31,22.55,5 pieces,68
Wendys French Fries,Fast Foods,301,3.73,39.73,14.1,1 kid's meal serving,71
Burger King Whopper No Cheese,Fast Foods,233,10.74,18.55,12.84,1 item,291
Burger King Whopper With Cheese,Fast Foods,250,11.19,16.7,15.33,1 item,316
Burger King Double Whopper No Cheese,Fast Foods,252,13.94,13.74,15.66,1 item,374
Burger King Double Whopper With Cheese,Fast Foods,266,14.47,13.52,17.06,1 item,399
Burger King Chicken Strips,Fast Foods,292,18.2,20.49,15.25,1 strip,36
Taco Bell Soft Taco With Chicken Cheese And Lettuce,Fast Foods,189,13.3,19.69,6.35,1 each taco,98
Taco Bell Soft Taco With Steak,Fast Foods,225,11.81,17.22,12.1,1 item,127
Taco Bell Bean Burrito,Fast Foods,209,7.35,31.23,6.05,1 each burrito,185
Taco Bell Burrito Supreme With Beef,Fast Foods,183,7.03,23.37,6.8,1 burrito,241
Taco Bell Taco Salad,Fast Foods,170,6.69,15.1,9.17,1 item,533
Kfc Popcorn Chicken,Fast Foods,351,17.67,21.18,21.74,1 piece,6.4
Kfc Fried Chicken Original Recipe Skin And Breading,Fast Foods,384,14.17,18.79,28.01,No data available,No data available
Kfc Fried Chicken Original Recipe Breast Meat Only Skin And Breading Removed,Fast Foods,149,26.89,0,4.56,1 breast without skin,152
Kfc Fried Chicken Original Recipe Drumstick Meat Only Skin And Breading Removed,Fast Foods,175,26.3,0.11,7.66,1 drumstick/ bone and skin removed,40
Kfc Fried Chicken Original Recipe Thigh Meat Only Skin And Breading Removed,Fast Foods,175,22.78,0.01,9.31,1 thigh without skin,86
Kfc Fried Chicken Extra Crispy Thigh Meat Only Skin And Breading Removed,Fast Foods,179,22.41,0,9.96,1 thigh/ without skin,91
Kfc Fried Chicken Extra Crispy Wing Meat Only Skin And Breading Removed,Fast Foods,236,28.67,2.97,12.13,1 wing/ without skin,44
Kfc Fried Chicken Original Recipe Breast Meat And Skin With Breading,Fast Foods,231,21.94,6.28,13.11,1 breast/ with skin,212
Kfc Fried Chicken Original Recipe Drumstick Meat And Skin With Breading,Fast Foods,239,22.3,5.39,14.22,1 drumstick/ with skin,75
Kfc Fried Chicken Extra Crispy Thigh Meat And Skin With Breading,Fast Foods,309,17.17,10.3,22.14,1 thigh/ with skin,152
Kfc Fried Chicken Extra Crispy Wing Meat And Skin With Breading,Fast Foods,337,20.8,11.66,23,1 wing/ with skin,68
Popeyes Fried Chicken Mild Breast Meat Only Skin And Breading Removed,Fast Foods,157,28.98,0,4.52,1 breast without skin,132
Popeyes Fried Chicken Mild Drumstick Meat Only Skin And Breading Removed,Fast Foods,170,26.51,0.04,7.14,1 drumstick/ bone and skin removed,44
Popeyes Fried Chicken Mild Thigh Meat And Skin With Breading,Fast Foods,310,19.14,11.2,20.99,1 thigh with skin,138
Popeyes Fried Chicken Mild Wing Meat And Skin With Breading,Fast Foods,338,20.4,13.52,22.48,1 wing/ with skin,57
Grilled Chicken Bacon And Tomato Club Sandwich With Cheese Lettuce And Mayonnaise,Fast Foods,220,17.19,19.87,8.05,1 sandwich,268
Crispy Chicken Bacon And Tomato Club Sandwich With Cheese Lettuce And Mayonnaise,Fast Foods,257,15.38,22.61,11.76,1 sandwich,271
Fast Foods Fried Chicken Wing Meat Only Skin And Breading Removed,Fast Foods,215,28.77,2.13,10.2,1 wing without skin,37
Fast Foods Fried Chicken Skin And Breading From All Pieces,Fast Foods,398,14.11,19.56,29.22,No data available,No data available
Fast Foods Fried Chicken Breast Meat And Skin And Breading,Fast Foods,230,23.51,6.03,12.44,1 breast/ with skin,203
Fast Foods Fried Chicken Drumstick Meat And Skin With Breading,Fast Foods,267,21.13,7.59,16.92,1 drumstick/ with skin,75
Digiorno Pizza Cheese Topping Thin Crispy Crust Frozen Baked,Fast Foods,247,12.96,26.47,9.91,1 slice 1/4 of pie,161
Digiorno Pizza Pepperoni Topping Cheese Stuffed Crust Frozen Baked,Fast Foods,279,13.92,29.46,11.71,1 slice 1/4 of pie,179
Digiorno Pizza Pepperoni Topping Rising Crust Frozen Baked,Fast Foods,265,12.46,31.15,10.11,1 slice 1/4 of pie,207
Digiorno Pizza Pepperoni Topping Thin Crispy Crust Frozen Baked,Fast Foods,283,13.22,28.67,12.86,1 slice 1/4 of pie,145
Fast Food Pizza Chain 14 Inch Pizza Pepperoni Topping Thin Crust,Fast Foods,331,14.01,29,17.61,1 slice,79
Taco With Beef Cheese And Lettuce Soft,Fast Foods,206,9.25,20.23,9.75,1 each taco,102
Taco With Chicken Lettuce And Cheese Soft,Fast Foods,189,13.3,19.69,6.35,1 each taco,98
Quesadilla With Chicken,Fast Foods,294,15.05,24.04,15.25,1 each quesadilla,180
Dominos 14 Inch Sausage Pizza Classic Hand-Tossed Crust,Fast Foods,273,11.08,31.84,11.2,1 slice,114
Dominos 14 Inch Sausage Pizza Ultimate Deep Dish Crust,Fast Foods,277,11.03,31.17,12.03,1 slice,129
Pizza Hut 14 Inch Sausage Pizza Thin N Crispy Crust,Fast Foods,323,13.95,28.7,16.9,1 slice,92
Pizza Hut 14 Inch Sausage Pizza Hand-Tossed Crust,Fast Foods,287,11.92,29.39,13.5,1 slice,119
Wendys Crispy Chicken Sandwich,Fast Foods,278,11.72,26.36,13.93,1 sandwich,126
Burger King Onion Rings,Fast Foods,417,3.86,43.58,25.23,1 small,91
Wendys Daves Hot N Juicy 1/4 Lb Single,Fast Foods,268,13.69,17.73,15.8,1 sandwich,215
Fast Food Pizza Chain 14 Inch Pizza Cheese Topping Stuffed Crust,Fast Foods,274,12.23,30,11.63,1 slice 1/8 pizza,117
Pizza Hut 14 Inch Cheese Pizza Stuffed Crust,Fast Foods,274,12.23,30,11.63,1 slice,117
Strawberry Banana Smoothie Made With Ice And Low-Fat Yogurt,Fast Foods,65,0.86,15.05,0.14,12 fl oz,347
McDonalds Southern Style Chicken Biscuit,Fast Foods,304,11.93,30.56,14.93,1 biscuit regular size biscuit,132
McDonalds Ranch Snack Wrap Crispy,Fast Foods,275,11.48,23.22,15.1,1 wrap,133
McDonalds Ranch Snack Wrap Grilled,Fast Foods,222,13.77,18.43,10.31,1 wrap,123
School Lunch Pizza Cheese Topping Thick Crust Whole Grain Frozen Cooked,Fast Foods,254,14.62,28.08,9.27,1 slice per 1/10 pizza,124
School Lunch Pizza Pepperoni Topping Thin Crust Whole Grain Frozen Cooked,Fast Foods,254,12.78,31.24,8.62,1 piece 4 inchx6 inch,127
School Lunch Pizza Pepperoni Topping Thick Crust Whole Grain Frozen Cooked,Fast Foods,259,14.35,28.3,9.82,1 slice per 1/10 pizza,124
School Lunch Pizza Sausage Topping Thin Crust Whole Grain Frozen Cooked,Fast Foods,250,12.63,32.24,7.83,1 piece 4 inch x 6 inch,133
Wendys Double Stack With Cheese,Fast Foods,285,18.53,15.35,16.6,1 sandwich,146
Crispy Chicken In Tortilla With Lettuce Cheese And Ranch Sauce,Fast Foods,275,11.48,23.22,15.1,1 item,133
Grilled Chicken In Tortilla With Lettuce Cheese And Ranch Sauce,Fast Foods,222,13.77,18.43,10.31,1 item,123
Breakfast Burrito With Egg Cheese And Sausage,Fast Foods,277,11.1,22.97,15.63,1 burrito,109
Breadstick Soft Prepared With Garlic And Parmesan Cheese,Fast Foods,343,12.2,44.48,12.88,1 breadstick,43
Pizza Hut Breadstick Parmesan Garlic,Fast Foods,343,12.2,44.48,12.88,1 breadstick,43
Chick-Fil-A Chicken Sandwich,Fast Foods,249,16.28,20.89,11.19,1 sandwich,187
Arbys Roast Beef Sandwich Classic,Fast Foods,242,15.17,22.21,10.3,1 sandwich,149
School Lunch Pizza Cheese Topping Thin Crust Whole Grain Frozen Cooked,Fast Foods,247,12.72,31.31,7.91,1 piece 4 inchx6 inch,130
School Lunch Pizza Sausage Topping Thick Crust Whole Grain Frozen Cooked,Fast Foods,257,13.26,30.58,9.07,1 slice per 1/10 pizza,129
School Lunch Chicken Patty Whole Grain Breaded,Fast Foods,246,17.64,12.5,13.93,1 patty,86
School Lunch Chicken Nuggets Whole Grain Breaded,Fast Foods,270,15.67,22.86,12.9,5 pieces,88
Fast Foods Biscuit With Egg And Sausage,Fast Foods,312,11.13,21.05,20.77,1 item,162
Biscuit With Egg Cheese And Bacon,Fast Foods,301,12.01,24.44,17.48,1 item,145
Biscuit With Ham,Fast Foods,342,11.85,38.75,16.3,1 biscuit,162
Biscuit With Sausage,Fast Foods,371,9.67,29.99,24.42,1 item,111
English Muffin With Cheese And Sausage,Fast Foods,338,13.28,25.28,20.67,1 item,108
English Muffin With Egg Cheese And Canadian Bacon,Fast Foods,228,13.64,21.67,9.66,1 sandwich,126
English Muffin With Egg Cheese And Sausage,Fast Foods,286,13.38,17.44,18.1,1 item,165
French Toast Sticks,Fast Foods,340,6,41.21,17.74,3 pieces,65
Sundae Strawberry,Fast Foods,175,4.09,29.18,5.13,1 sundae,153
Shrimp Breaded And Fried,Fast Foods,308,7.84,27.99,18.9,3 pieces shrimp,39
Burrito With Beans,Fast Foods,206,6.48,32.92,6.22,2 pieces,217
Burrito With Beans And Cheese,Fast Foods,205,7.35,31.23,6.05,1 each burrito,185
Pizza Hut 12 Inch Cheese Pizza Hand-Tossed Crust,Fast Foods,271,11.93,31.22,10.89,1 slice,96
Pizza Hut 12 Inch Cheese Pizza Pan Crust,Fast Foods,280,11.73,29.93,12.56,1 slice,100
Pizza Hut 12 Inch Cheese Pizza Thin N Crispy Crust,Fast Foods,303,15.29,28.64,14.1,1 slice,69
Dominos 14 Inch Cheese Pizza Crunchy Thin Crust,Fast Foods,298,12.33,28.18,15.1,1 slice,70
Dominos 14 Inch Pepperoni Pizza Classic Hand-Tossed Crust,Fast Foods,273,11.25,31.86,11.18,1 slice,113
Dominos 14 Inch Pepperoni Pizza Ultimate Deep Dish Crust,Fast Foods,283,11.52,31.89,12.1,1 slice,123
Dominos 14 Inch Extravaganzza Feast Pizza Classic Hand-Tossed Crust,Fast Foods,244,10.33,25.72,11.1,1 slice,151
Little Caesars 14 Inch Original Round Cheese Pizza Regular Crust,Fast Foods,265,13.39,31.5,9.54,1 slice,89
Little Caesars 14 Inch Original Round Pepperoni Pizza Regular Crust,Fast Foods,273,13.59,31.01,10.5,1 slice,90
Little Caesars 14 Inch Original Round Meat And Vegetable Pizza Regular Crust,Fast Foods,243,12.12,23.1,11.35,1 slice,115
Little Caesars 14 Inch Cheese Pizza Large Deep Dish Crust,Fast Foods,263,12.63,30.1,10.22,1 slice,102
Pizza Hut 14 Inch Cheese Pizza Thin N Crispy Crust,Fast Foods,306,13.37,34.22,12.8,1 slice,79
Pizza Hut 14 Inch Pepperoni Pizza Hand-Tossed Crust,Fast Foods,291,12.23,32.11,12.63,1 slice,110
Pizza Hut 14 Inch Pepperoni Pizza Pan Crust,Fast Foods,291,11.47,31.79,13.07,1 slice,113
Pizza Hut 14 Inch Super Supreme Pizza Hand-Tossed Crust,Fast Foods,248,11.34,26.01,10.95,1 slice,123
Fast Food Pizza Chain 14 Inch Pizza Meat And Vegetable Topping Regular Crust,Fast Foods,244,11.02,25.38,10.9,1 slice,136
Griddle Cake Sandwich Egg Cheese And Sausage,Fast Foods,291,10.77,22.04,17.73,1 item,199
Griddle Cake Sandwich Sausage,Fast Foods,318,8.41,31.25,17.76,1 item,135
Griddle Cake Sandwich Egg Cheese And Bacon,Fast Foods,272,12.03,26.19,13.19,1 item 6.1 oz,174
McDonalds Sausage Mcgriddles,Fast Foods,312,8.41,31.25,17.76,1 item,135
McDonalds Sausage Egg & Cheese Mcgriddles,Fast Foods,283,10.77,22.04,17.73,1 item 7 oz,199
McDonalds Vanilla Reduced Fat Ice Cream Cone,Fast Foods,162,4.24,26.36,4.86,1 item (3.2 oz),90
McDonalds Strawberry Sundae,Fast Foods,158,3.19,28.09,3.95,1 item (6.3 oz),178
McDonalds Sausage Burrito,Fast Foods,277,11.1,22.97,15.63,1 burrito,109
McDonalds Big Breakfast,Fast Foods,285,10.16,17.5,19.37,1 item 9.5 oz,269
McDonalds Double Cheeseburger,Fast Foods,282,15.5,18.79,16.09,1 sandwich,155
McDonalds Double Quarter Pounder With Cheese,Fast Foods,262,16.96,14.43,16.22,1 item,280
McDonalds Big Mac (Without Big Mac Sauce),Fast Foods,234,12.79,21.01,11.57,1 item,200
McDonalds Sausage Mcmuffin With Egg,Fast Foods,274,12.59,17.28,17.83,1 item 5.8 oz,165
McDonalds Bacon Egg & Cheese Biscuit,Fast Foods,304,13.45,22.26,18.77,1 item 4.9 oz,142
McDonalds Sausage Biscuit,Fast Foods,376,9.62,27.2,25.4,1 item 4.1 oz,117
McDonalds Sausage Biscuit With Egg,Fast Foods,311,11.27,19.28,22.26,1 item 5.7 oz,163
McDonalds Bacon Ranch Salad With Crispy Chicken,Fast Foods,122,8.82,6.08,6.3,1 item 11.3 oz,319
McDonalds Bacon Ranch Salad Without Chicken,Fast Foods,61,4.14,4.2,3.64,1 item 7.8 oz,223
McDonalds Side Salad,Fast Foods,20,1.03,4.3,0.19,1 item 3.1 oz,87
McDonalds Fruit N Yogurt Parfait,Fast Foods,105,2.73,20.72,1.3,1 item 5.2 oz,149
Burger King Croissanwich With Egg And Cheese,Fast Foods,283,10.35,24.79,15.78,1 item,110
Burger King French Toast Sticks,Fast Foods,349,6,41.21,17.74,1 stick,21
Burger King Hash Brown Rounds,Fast Foods,302,2.8,29.37,19.3,1 piece,5.6
Miniature Cinnamon Rolls,Fast Foods,403,7.02,53.38,17.95,1 each,25
Hamburger; Double Large Patty; With Condiments Vegetables And Mayonnaise,Fast Foods,252,13.94,13.74,15.66,1 item,374
Cheeseburger; Single Large Patty; With Condiments Vegetables And Mayonnaise,Fast Foods,268,13.69,17.73,15.8,1 sandwich,215
Cheeseburger; Single Large Patty; With Condiments,Fast Foods,269,15.21,19.72,14.4,1 item,199
Fast Foods Cheeseburger; Double Large Patty; With Condiments Vegetables And Mayonnaise,Fast Foods,253,15.5,12.62,15.63,1 item,355
Cheeseburger; Double Regular Patty; Double Decker Bun With Condiments And Special Sauce,Fast Foods,261,11.94,21.53,14.1,1 item,219
Blended Soft Serve Ice Cream With Cookies,Fast Foods,169,3.97,25.55,5.66,12 fl oz cup,337
Popeyes Biscuit,Fast Foods,401,6,40.95,23.71,1 biscuit,60
Popeyes Coleslaw,Fast Foods,161,0.98,14.12,11.18,1 package,120
Popeyes Mild Chicken Strips Analyzed 2006,Fast Foods,271,19.2,19.31,13.01,1 strip,54
Pizza Meat Topping Thick Crust Frozen Cooked,Fast Foods,274,11.76,30.76,11.52,1 slice 1/8 of 12 inch pizza,103
Pizza Pepperoni Topping Regular Crust Frozen Cooked,Fast Foods,274,14.38,24.69,13.13,1/4 pizza 12 inch diameter,127
Biscuit With Egg And Bacon,Fast Foods,305,11.33,19.06,20.73,1 biscuit,150
Biscuit With Egg And Ham,Fast Foods,233,10.64,16.37,14.08,1 biscuit,182
Biscuit With Crispy Chicken Fillet,Fast Foods,300,11.93,30.56,14.93,1 item,132
Croissant With Egg Cheese And Bacon,Fast Foods,289,12.92,22.5,16.4,1 item,128
Croissant With Egg Cheese And Ham,Fast Foods,261,12.45,18.98,14.95,1 item,155
Croissant With Egg Cheese And Sausage,Fast Foods,308,12.09,15.9,21.78,1 sandwich,171
Egg Scrambled,Fast Foods,212,13.84,2.08,16.18,2 eggs,96
Potatoes Hash Browns Round Pieces Or Patty,Fast Foods,272,2.58,28.88,17.04,1 round piece,5.5
Vanilla Light Soft-Serve Ice Cream With Cone,Fast Foods,163,4.24,26.36,4.86,1 item,120
Sundae Caramel,Fast Foods,196,4.71,31.81,5.98,1 sundae,155
Sundae Hot Fudge,Fast Foods,180,3.57,30.17,5.46,1 sundae,158
Burrito With Beans And Beef,Fast Foods,191,11.52,19.52,7.47,1 item,241
Burrito With Beans Cheese And Beef,Fast Foods,180,7.03,23.37,6.8,1 burrito,241
Pizza Hut 12 Inch Pepperoni Pizza Hand-Tossed Crust,Fast Foods,280,12.86,31.55,11.38,1 slice,96
Pizza Hut 12 Inch Pepperoni Pizza Pan Crust,Fast Foods,298,11.97,30.49,14.21,1 slice,96
Pizza Hut 12 Inch Super Supreme Pizza Hand-Tossed Crust,Fast Foods,243,10.9,25.62,10.72,1 slice,127
Dominos 14 Inch Cheese Pizza Classic Hand-Tossed Crust,Fast Foods,257,10.8,33.24,8.97,1 slice,108
Dominos 14 Inch Cheese Pizza Ultimate Deep Dish Crust,Fast Foods,265,10.76,33.48,9.83,1 slice,118
Papa Johns 14 Inch Cheese Pizza Original Crust,Fast Foods,260,11.53,32.74,9.25,1 slice,117
Papa Johns 14 Inch Pepperoni Pizza Original Crust,Fast Foods,275,11.97,30.04,11.86,1 slice,123
Papa Johns 14 Inch The Works Pizza Original Crust,Fast Foods,240,10.27,26.69,10.21,1 slice,153
Papa Johns 14 Inch Cheese Pizza Thin Crust,Fast Foods,295,12.29,26.26,15.66,1 slice,87
Little Caesars 14 Inch Pepperoni Pizza Large Deep Dish Crust,Fast Foods,265,12.93,29.03,10.81,1 slice,104
Little Caesars 14 Inch Cheese Pizza Thin Crust,Fast Foods,309,16.23,22.85,16.99,1 slice,48
Pizza Hut 14 Inch Cheese Pizza Hand-Tossed Crust,Fast Foods,275,11.98,33.42,10.42,1 slice,105
Pizza Hut 14 Inch Cheese Pizza Pan Crust,Fast Foods,276,10.85,32.85,11.25,1 slice,112
Cheese Pizza,Fast Foods,266,11.39,33.33,9.69,1 slice,107
Fast Food Pizza Chain 14 Inch Pizza Cheese Topping Thick Crust,Fast Foods,271,10.81,33.17,10.54,1 slice,115
Fast Food Pizza Chain 14 Inch Pizza Cheese Topping Thin Crust,Fast Foods,302,12.85,31.2,13.95,1 slice,76
Pepperoni Pizza,Fast Foods,282,11.74,31.98,11.91,1 slice,111
Fast Food Pizza Chain 14 Inch Pizza Pepperoni Topping Thick Crust,Fast Foods,287,11.49,31.84,12.58,1 slice,118
McDonalds Chicken Mcnuggets,Fast Foods,302,15.79,15.09,19.81,4 pieces,64
McDonalds Hash Brown,Fast Foods,271,2.48,28.56,16.3,1 serving 1 patty,53
McDonalds Hotcakes (Plain),Fast Foods,228,6,38.27,5.84,3 hotcakes 5.3 oz,149
McDonalds Bacon Egg & Cheese Mcgriddles,Fast Foods,272,12.03,26.19,13.19,1 item 5.8 oz,165
McDonalds Hot Caramel Sundae,Fast Foods,188,3.58,33.36,4.89,1 item (6.4 oz),182
McDonalds Hot Fudge Sundae,Fast Foods,186,4.14,30.05,5.91,1 item (6.3 oz),179
McDonalds Mcflurry With M&Ms,Fast Foods,177,4.02,26.82,6.46,1 regular (12 fl oz),348
McDonalds Mcflurry With Oreo Cookies,Fast Foods,165,3.97,25.55,5.66,1 regular (12 fl oz),337
McDonalds Mcchicken Sandwich,Fast Foods,273,10.43,27.97,13.21,1 sandwich,131
McDonalds Mcchicken Sandwich (Without Mayonnaise),Fast Foods,240,11.08,30.95,8.46,1 item,138
McDonalds Egg Mcmuffin,Fast Foods,228,13.64,21.67,9.66,1 sandwich,126
McDonalds Sausage Mcmuffin,Fast Foods,333,12.66,24.52,21.06,1 item 4 oz,115
McDonalds Deluxe Breakfast With Syrup And Margarine,Fast Foods,285,7.56,29.48,15.23,1 item 14.8 oz,420
McDonalds Hotcakes And Sausage,Fast Foods,294,7.81,37.55,12.5,1 item,192
McDonalds Pancakes,Fast Foods,272,4.05,46.08,8.06,1 item,221
McDonalds Bacon Ranch Salad With Grilled Chicken,Fast Foods,81,10.28,3.64,3.14,1 item 10.8 oz,305
McDonalds Fruit N Yogurt Parfait (Without Granola),Fast Foods,90,2.47,17.67,1.13,1 item,142
McDonalds Filet-O-Fish (Without Tartar Sauce),Fast Foods,243,12.47,31.08,7.62,1 item,124
Burger King Croissanwich With Sausage Egg And Cheese,Fast Foods,308,12.09,15.9,21.78,1 sandwich,171
Burger King Croissanwich With Sausage And Cheese,Fast Foods,376,13.73,23,25.45,1 item,131
Hamburger; Single Large Patty; With Condiments Vegetables And Mayonnaise,Fast Foods,226,11.34,17.33,12.37,1 item,247
Hamburger; Single Regular Patty; Double Decker Bun With Condiments And Special Sauce,Fast Foods,259,12.17,22.69,13.3,1 item,205
Cheeseburger; Double Regular Patty; With Condiments,Fast Foods,282,16.24,17.97,16.18,1 sandwich,155
Cheeseburger; Double Large Patty; With Condiments,Fast Foods,272,16.96,14.43,16.22,1 item,280
Chicken Tenders,Fast Foods,271,19.22,17.25,13.95,1 strip,30
Bagel With Egg Sausage Patty Cheese And Condiments,Fast Foods,295,12.98,22.64,16.97,1 item,219
Bagel With Breakfast Steak Egg Cheese And Condiments,Fast Foods,282,15.95,22.99,14.07,1 item,254
Soft Serve Blended With Chocolate Candy,Fast Foods,182,4.02,26.82,6.46,12 fl oz cup,348
Sandwich Nfs,Fast Foods,301,10.47,32.9,13.79,1 sandwich,83
Meat Sandwich Nfs,Fast Foods,301,10.47,32.9,13.79,1 sandwich,83
Wrap Sandwich Filled With Meat Poultry Or Fish Vegetables And Cheese,Fast Foods,205,12.38,13.96,11.19,1 sandwich,280
Wrap Sandwich Filled With Meat Poultry Or Fish And Vegetables,Fast Foods,187,12.78,13.36,9.3,1 sandwich,240
Beef Sandwich Nfs,Fast Foods,190,11.93,18.68,7.33,1 sandwich,133
Beef Barbecue Sandwich Or Sloppy Joe On Bun,Fast Foods,233,10.28,32.93,6.26,1 barbecue sandwich,186
Beef Barbecue Submarine Sandwich On Bun,Fast Foods,221,16.73,26.04,5.37,1 sandwich,192
Cheeseburger 1 Miniature Patty Plain On Miniature Bun From Fast Food / Restaurant,Fast Foods,298,16.23,24.98,14.37,1 miniature,60
Cheeseburger 1 Miniature Patty With Condiments On Miniature Bun From Fast Food / Restaurant,Fast Foods,264,12.91,21.7,13.76,1 miniature,75
Cheeseburger 1 Miniature Patty On Miniature Bun From School,Fast Foods,250,19.73,21.32,9.26,1 miniature,60
Cheeseburger Nfs,Fast Foods,233,14.44,15.62,12.21,1 cheeseburger,225
Cheeseburger 1 Small Patty With Condiments On Bun From Fast Food / Restaurant (Burger King Whopper Jr. With Cheese),Fast Foods,225,11.2,18.11,11.88,1 burger king whopper jr,170
Cheeseburger 1 Small Patty With Condiments On Bun From Fast Food / Restaurant (Wendy's Jr. Cheeseburger Deluxe),Fast Foods,225,11.2,18.11,11.88,1 wendy's jr. cheeseburger deluxe,160
Cheeseburger On Bun From School,Fast Foods,244,19.27,22.17,8.39,1 cheeseburger,115
Cheeseburger 1 Small Patty Plain On White Bun,Fast Foods,288,18.81,19.58,14.41,1 cheeseburger,140
Cheeseburger 1 Small Patty Plain On Wheat Bun,Fast Foods,282,19.45,17.76,14.43,1 cheeseburger,140
Cheeseburger 1 Small Patty With Condiments On White Bun,Fast Foods,227,13.51,15.8,11.94,1 cheeseburger,195
Cheeseburger 1 Small Patty With Condiments On Wheat Bun,Fast Foods,223,13.95,14.52,11.96,1 cheeseburger,195
Cheeseburger 1 Small Patty With Condiments On Whole Wheat Bun,Fast Foods,223,13.95,14.52,11.96,1 cheeseburger,195
Cheeseburger 1 Medium Patty Plain On White Bun,Fast Foods,286,19.18,18.69,14.36,1 (1/4 lb) cheeseburger,165
Cheeseburger 1 Medium Patty Plain On Wheat Bun,Fast Foods,280,19.78,16.95,14.38,1 (1/4 lb) cheeseburger,165
Cheeseburger 1 Medium Patty Plain On Whole Wheat Bun,Fast Foods,280,19.78,16.95,14.38,1 cheeseburger,165
Cheeseburger 1 Medium Patty With Condiments On White Bun,Fast Foods,233,14.44,15.62,12.21,1 (1/4 lb) cheeseburger,225
Cheeseburger 1 Medium Patty With Condiments On Wheat Bun,Fast Foods,228,14.89,14.32,12.23,1 (1/4 lb) cheeseburger,225
Cheeseburger 1 Medium Patty With Condiments On Whole Wheat Bun,Fast Foods,228,14.89,14.32,12.23,1 (1/4 lb) cheeseburger,225
Cheeseburger 1 Large Patty Plain On Bun From Fast Food / Restaurant,Fast Foods,300,18.61,16.01,17.49,1 (1/3 lb) cheeseburger,200
Cheeseburger 1 Large Patty With Condiments On Bun From Fast Food / Restaurant,Fast Foods,219,12.05,12.6,13.26,1 (1/3 lb) cheeseburger,315
Bacon Cheeseburger 1 Small Patty With Condiments On Bun From Fast Food / Restaurant,Fast Foods,287,15.2,23.47,14.76,1 bacon cheeseburger,160
Bacon Cheeseburger 1 Small Patty With Condiments On Bun From Fast Food / Restaurant (Wendy's Jr. Bacon Cheeseburger),Fast Foods,272,14.81,23.02,13.48,1 wendy's jr. bacon cheeseburger,150
Bacon Cheeseburger 1 Medium Patty Plain On Bun From Fast Food / Restaurant,Fast Foods,325,18.89,21.91,17.81,1 (1/4 lb) bacon cheeseburger,170
Bacon Cheeseburger 1 Medium Patty With Condiments On Bun From Fast Food / Restaurant,Fast Foods,282,16.48,18.5,15.8,1 (1/4 lb) bacon cheeseburger,240
Bacon Cheeseburger 1 Medium Patty Plain On White Bun,Fast Foods,302,20.47,17.2,16.18,1 (1/4 lb) bacon cheeseburger,180
Bacon Cheeseburger 1 Medium Patty With Condiments On White Bun,Fast Foods,248,15.74,14.69,13.74,1 (1/4 lb) bacon cheeseburger,240
Bacon Cheeseburger 1 Medium Patty With Condiments On Wheat Bun,Fast Foods,244,16.16,13.48,13.75,1 (1/4 lb) bacon cheeseburger,240
Bacon Cheeseburger 1 Medium Patty With Condiments On Whole Wheat Bun,Fast Foods,244,16.16,13.48,13.75,1 (1/4 lb) bacon cheeseburger,240
Bacon Cheeseburger 1 Large Patty With Condiments On Bun From Fast Food / Restaurant,Fast Foods,237,13.6,11.83,14.82,1 (1/3 lb) cheeseburger,335
Double Cheeseburger 2 Small Patties Plain On Bun From Fast Food / Restaurant,Fast Foods,305,18.2,20.8,16.56,1 double cheeseburger,155
Double Cheeseburger 2 Medium Patties Plain On Bun From Fast Food / Restaurant,Fast Foods,305,19.25,15.88,17.96,1 double cheeseburger,235
Double Bacon Cheeseburger 2 Small Patties With Condiments On Bun From Fast Food / Restaurant (Burger King Bacon Double Cheeseburger),Fast Foods,255,14.89,13.77,15.27,1 burger king double bacon cheeseburger,200
Double Bacon Cheeseburger 2 Medium Patties Plain On Bun From Fast Food / Restaurant,Fast Foods,311,20.45,11.6,19.77,1 double bacon cheeseburger,275
Double Bacon Cheeseburger 2 Medium Patties With Condiments On Bun From Fast Food / Restaurant,Fast Foods,271,17.07,10.78,17.4,1 double bacon cheeseburger,335
Double Bacon Cheeseburger 2 Medium Patties With Condiments On Bun From Fast Food / Restaurant (Wendy's Baconator),Fast Foods,271,17.07,10.78,17.4,1 wendy's baconator,335
Double Bacon Cheeseburger 2 Large Patties With Condiments On Bun From Fast Food / Restaurant,Fast Foods,293,17.3,16.99,17.32,1 sandwich,400
Triple Cheeseburger 3 Medium Patties With Condiments On Bun From Fast Food / Restaurant,Fast Foods,284,17.54,14.55,17.26,1 triple cheeseburger,420
Hamburger 1 Miniature Patty Plain On Miniature Bun From Fast Food / Restaurant,Fast Foods,286,15.3,29.24,11.38,1 miniature hamburger,50
Hamburger 1 Miniature Patty With Condiments On Miniature Bun From Fast Food / Restaurant,Fast Foods,250,11.7,24.38,11.43,1 miniature hamburger,65
Hamburger 1 Miniature Patty On Miniature Bun From School,Fast Foods,237,18.14,24.91,6.94,1 miniature hamburger,50
Hamburger Nfs,Fast Foods,220,13.8,16.76,10.5,1 hamburger,200
Hamburger 1 Small Patty With Condiments On Bun From Fast Food / Restaurant (Burger King Whopper Jr.),Fast Foods,207,9.88,20.01,9.53,1 burger king whopper jr,150
Hamburger On Bun From School,Fast Foods,237,18.39,24.14,7.09,1 hamburger,95
Hamburger 1 Small Patty Plain On White Bun,Fast Foods,275,18.48,22.28,11.84,1 hamburger,115
Hamburger 1 Small Patty Plain On Wheat Bun,Fast Foods,268,19.23,20.13,11.86,1 hamburger,115
Hamburger 1 Small Patty Plain On Whole Wheat Bun,Fast Foods,268,19.23,20.13,11.86,1 hamburger,115
Hamburger 1 Small Patty With Condiments On White Bun,Fast Foods,211,12.65,17.15,9.93,1 hamburger,175
Hamburger 1 Small Patty With Condiments On Whole Wheat Bun,Fast Foods,206,13.15,15.72,9.94,1 hamburger,175
Hamburger 1 Medium Patty Plain On White Bun,Fast Foods,275,18.96,20.74,12.28,1 hamburger,145
Hamburger 1 Medium Patty Plain On Wheat Bun,Fast Foods,268,19.66,18.74,12.3,1 hamburger,145
Hamburger 1 Medium Patty Plain On Whole Wheat Bun,Fast Foods,268,19.66,18.74,12.3,1 hamburger,145
Hamburger 1 Medium Patty With Condiments On White Bun,Fast Foods,220,13.8,16.76,10.5,1 hamburger,200
Hamburger 1 Medium Patty With Condiments On Wheat Bun,Fast Foods,215,14.3,15.33,10.52,1 hamburger,200
Hamburger 1 Medium Patty With Condiments On Whole Wheat Bun,Fast Foods,215,14.3,15.33,10.52,1 hamburger,200
Double Hamburger 2 Small Patties Plain On Bun From Fast Food / Restaurant,Fast Foods,288,17.75,19.67,14.72,1 double hamburger,135
Double Hamburger 2 Small Patties With Condiments On Bun From Fast Food / Restaurant,Fast Foods,225,12.65,15.8,12.12,1 double hamburger,190
Double Hamburger 2 Medium Patties Plain On Bun From Fast Food / Restaurant,Fast Foods,290,19.38,13.64,16.9,1 double hamburger,220
Chiliburger With Or Without Cheese On Bun,Fast Foods,252,15.54,18.48,12.62,1 chiliburger,160
Corned Beef Sandwich,Fast Foods,206,14.31,19.87,7.28,1 sandwich,130
Reuben Sandwich Corned Beef Sandwich With Sauerkraut And Cheese With Spread,Fast Foods,285,12.58,19.32,17.25,1 sandwich,181
Pastrami Sandwich,Fast Foods,165,12.2,20.01,3.66,1 sandwich,134
Roast Beef Sandwich With Gravy,Fast Foods,221,11.99,13.92,12.78,1 sandwich,222
Roast Beef Submarine Sandwich With Lettuce Tomato And Spread,Fast Foods,181,11.64,19.4,6.16,1 submarine,240
Roast Beef Submarine Sandwich With Cheese Lettuce Tomato And Spread,Fast Foods,190,11.93,18.68,7.33,1 submarine,260
Roast Beef Sandwich With Cheese,Fast Foods,326,18.07,17.3,19.96,1 sandwich,190
Roast Beef Sandwich With Bacon And Cheese Sauce,Fast Foods,346,18.82,19.67,20.77,1 sandwich,218
Roast Beef Submarine Sandwich On Roll Au Jus,Fast Foods,239,12.34,17.54,12.78,1 sandwich,193
Steak Submarine Sandwich With Lettuce And Tomato,Fast Foods,202,15.83,20.31,5.95,1 sandwich,186
Steak Sandwich Plain On Roll,Fast Foods,232,21.64,16.5,8.12,1 sandwich,142
Steak And Cheese Sandwich Plain On Roll,Fast Foods,248,19.7,18.13,10.24,1 sandwich,170
Steak And Cheese Submarine Sandwich Plain On Roll,Fast Foods,252,18.59,21.68,9.53,1 submarine,197
Fajita-Style Beef Sandwich With Cheese On Pita Bread With Lettuce And Tomato,Fast Foods,160,9.1,15.34,6.91,1 pita sandwich,175
Steak And Cheese Submarine Sandwich With Fried Peppers And Onions On Roll,Fast Foods,232,16.26,18.21,10.07,1 submarine,260
Steak Sandwich Plain On Biscuit,Fast Foods,287,13.63,36.63,9.37,1 sandwich,142
Gyro Sandwich (Pita Bread Beef Lamb Onion Condiments) With Tomato And Spread,Fast Foods,167,11.91,18.44,4.77,1 gyro,390
Wrap Sandwich Filled With Beef Patty Cheese And Spread And/or Sauce,Fast Foods,270,12.79,18.88,15.57,1 snack wrap sandwich,126
Bacon Sandwich With Spread,Fast Foods,356,17.12,30.51,17.85,1 sandwich,91
Bacon And Cheese Sandwich With Spread,Fast Foods,313,13.44,26.22,16.9,1 sandwich,121
Bacon And Egg Sandwich,Fast Foods,237,12.39,21.75,10.66,1 sandwich,177
Bacon Lettuce And Tomato Sandwich With Spread,Fast Foods,207,7.46,21.2,10.28,1 sandwich,164
Bacon Lettuce Tomato And Cheese Submarine Sandwich With Spread,Fast Foods,233,10.97,15.7,13.96,1 submarine,260
Bacon Chicken And Tomato Club Sandwich On Multigrain Roll With Lettuce And Spread,Fast Foods,223,18.08,12.18,11.2,1 sandwich,194
Bacon Breaded Fried Chicken Fillet And Tomato Club With Lettuce And Spread,Fast Foods,257,12.4,20.84,13.83,1 sandwich,227
Bacon On Biscuit,Fast Foods,355,9.75,47.19,14.11,1 sandwich,93
Ham Sandwich With Spread,Fast Foods,241,12.07,24.99,9.94,1 sandwich,112
Ham Sandwich With Lettuce And Spread,Fast Foods,215,11.39,23.7,8,1 sandwich,127
Ham And Cheese Sandwich With Lettuce And Spread,Fast Foods,232,12.25,21,10.74,1 sandwich,155
Ham And Egg Sandwich,Fast Foods,219,12.22,22.36,8.54,1 sandwich,124
Ham Salad Sandwich,Fast Foods,221,11.47,20.01,10.24,1 sandwich,141
Ham And Cheese Sandwich With Spread Grilled,Fast Foods,255,13.26,22.89,12.06,1 sandwich,141
Ham And Cheese Sandwich On Bun With Lettuce And Spread,Fast Foods,213,11.78,17.01,10.62,1 sandwich,154
Hot Ham And Cheese Sandwich On Bun,Fast Foods,213,10.76,16.18,11.45,1 sandwich,162
Ham And Cheese On English Muffin,Fast Foods,254,16.9,18.91,12.16,1 jimmy dean sandwich,57
Cuban Sandwich With Spread,Fast Foods,274,17.79,22.66,12.01,"1 sandwich (6"" long)",255
Midnight Sandwich With Spread,Fast Foods,235,17.26,20.13,9,1 sandwich,201
Pork Sandwich On White Roll With Onions Dill Pickles And Barbecue Sauce,Fast Foods,223,13.65,26.52,6.46,1 sandwich,189
Pork Barbecue Sandwich Or Sloppy Joe On Bun,Fast Foods,209,11.6,30.17,4.2,1 barbecue sandwich,186
Pork Sandwich,Fast Foods,232,18.16,24.45,6.26,1 sandwich,136
Pork Sandwich With Gravy,Fast Foods,149,10.91,16.51,3.96,1 sandwich,218
Ham And Tomato Club Sandwich With Lettuce And Spread,Fast Foods,237,10.83,19.39,12.98,1 sandwich,254
Chicken Sandwich With Spread,Fast Foods,223,17.8,23.59,6.23,1 sandwich,112
Chicken Sandwich With Cheese And Spread,Fast Foods,236,17.54,21.35,8.78,1 sandwich,136
Chicken Salad Or Chicken Spread Sandwich,Fast Foods,230,13.14,19.86,10.8,1 sandwich,141
Chicken Barbecue Sandwich,Fast Foods,222,17.14,26.14,4.91,1 sandwich,239
Chicken Fillet Breaded Fried Sandwich With Cheese Lettuce Tomato And Spread,Fast Foods,286,11.66,25.03,15.41,1 sandwich,241
Chicken Patty Sandwich Miniature With Spread,Fast Foods,302,13.97,30.03,13.87,1 miniature sandwich,31
Chicken Patty Sandwich Or Biscuit,Fast Foods,308,11.99,37.59,12.33,1 sandwich,173
Fajita-Style Chicken Sandwich With Cheese On Pita Bread With Lettuce And Tomato,Fast Foods,156,10.52,15.26,5.74,1 pita sandwich,207
Chicken Patty Sandwich With Cheese On Wheat Bun With Lettuce Tomato And Spread,Fast Foods,254,11.9,24.57,12.68,1 sandwich,227
Chicken Fillet Broiled Sandwich On Whole Wheat Roll With Lettuce Tomato And Spread,Fast Foods,204,16.17,19.64,7,1 sandwich,173
Chicken Fillet Broiled Sandwich With Cheese On Whole Wheat Roll With Lettuce Tomato And Non-Mayonnaise Type Spread,Fast Foods,198,16.13,19.46,6.46,1 wendy's sandwich,242
Chicken Fillet Broiled Sandwich On Oat Bran Bun With Lettuce Tomato Spread,Fast Foods,201,16.48,16.92,7.04,1 burger king sandwich,155
Buffalo Chicken Submarine Sandwich,Fast Foods,186,9.79,19.12,7.81,1 submarine,240
Buffalo Chicken Submarine Sandwich With Cheese,Fast Foods,203,11.43,17.35,9.77,1 submarine,260
Turkey Sandwich With Spread,Fast Foods,223,20.06,18.7,6.93,1 sandwich,143
Turkey Salad Or Turkey Spread Sandwich,Fast Foods,228,14.14,19.6,9.83,1 sandwich,141
Turkey Sandwich With Gravy,Fast Foods,135,14.18,11.67,3.02,1 sandwich,284
Turkey And Bacon Submarine Sandwich With Lettuce Tomato And Spread,Fast Foods,206,10.43,19.45,9.47,1 submarine,240
Turkey And Bacon Submarine Sandwich With Cheese Lettuce Tomato And Spread,Fast Foods,222,12.18,17.46,11.45,1 submarine,260
Turkey Ham And Roast Beef Club Sandwich With Lettuce Tomato And Spread,Fast Foods,166,7.8,15.18,8.06,1 sandwich,240
Turkey Or Chicken Burger Plain On Bun From Fast Food / Restaurant,Fast Foods,233,19.95,20.74,7.66,1 sandwich,145
Turkey Or Chicken Burger With Condiments On Bun From Fast Food / Restaurant,Fast Foods,190,14.51,16.76,7.21,1 sandwich,200
Turkey Or Chicken Burger Plain On White Bun,Fast Foods,233,19.95,20.74,7.66,1 sandwich,145
Turkey Or Chicken Burger Plain On Wheat Bun,Fast Foods,227,20.65,18.74,7.68,1 sandwich,145
Turkey Or Chicken Burger With Condiments On White Bun,Fast Foods,190,14.51,16.76,7.21,1 sandwich,200
Turkey Or Chicken Burger With Condiments On Wheat Bun,Fast Foods,185,15,15.33,7.22,1 sandwich,200
Turkey Or Chicken Burger With Condiments On Whole Wheat Bun,Fast Foods,185,15,15.33,7.22,1 sandwich,200
Crab Cake Sandwich On Bun,Fast Foods,234,12.65,21.59,10.42,1 sandwich,140
Sardine Sandwich With Lettuce And Spread,Fast Foods,226,12.49,14.7,12.69,1 sandwich,214
Tuna Salad Sandwich With Lettuce,Fast Foods,153,9.68,21.41,3.33,1 sandwich,167
Tuna Salad Sandwich,Fast Foods,162,10.23,22.56,3.53,1 sandwich,157
Tuna Melt Sandwich,Fast Foods,232,10.62,17.06,13.53,1 sandwich,150
Bologna Sandwich With Spread,Fast Foods,301,10.47,32.9,13.79,1 sandwich,83
Bologna And Cheese Sandwich With Spread,Fast Foods,302,11.83,27.09,16.03,1 sandwich,111
Pig In A Blanket Frankfurter Or Hot Dog Wrapped In Dough,Fast Foods,324,11.82,19.37,21.9,1 pig in blanket,85
Puerto Rican Sandwich,Fast Foods,334,10.7,31.86,17.98,1 sandwich,160
Pepperoni And Salami Submarine Sandwich With Lettuce Tomato And Spread,Fast Foods,225,7.46,19.49,12.82,1 submarine,240
Salami Sandwich With Spread,Fast Foods,310,12.55,32.03,14.16,1 sandwich,82
Sausage Sandwich,Fast Foods,296,13.72,25.27,15.36,1 sandwich,107
Sausage And Spaghetti Sauce Sandwich,Fast Foods,254,11.93,19.67,13.74,1 sandwich,189
Meat Spread Or Potted Meat Sandwich,Fast Foods,250,8.25,30.56,10.38,1 sandwich,107
Frankfurter Or Hot Dog Sandwich NFS Plain On White Bun,Fast Foods,308,11.19,23.86,18.25,1 frankfurter on bun,102
Frankfurter Or Hot Dog Sandwich NFS Plain On Wheat Bun,Fast Foods,304,12.03,22.62,18.12,1 frankfurter on bun,102
Frankfurter Or Hot Dog Sandwich NFS Plain On Whole Wheat Bun,Fast Foods,304,12.34,21.57,18.46,1 frankfurter on bun,102
Frankfurter Or Hot Dog Sandwich NFS Plain On Whole Grain White Bun,Fast Foods,298,10.98,22.26,18.07,1 frankfurter on bun,102
Frankfurter Or Hot Dog Sandwich NFS Plain On Multigrain Bun,Fast Foods,301,11.11,21.42,19.18,1 frankfurter on bun,102
Frankfurter Or Hot Dog Sandwich NFS Plain On White Bread,Fast Foods,310,11.17,18.38,20.93,1 frankfurter on bread,85
Frankfurter Or Hot Dog Sandwich NFS Plain On Wheat Bread,Fast Foods,313,11.77,17.76,21.33,1 frankfurter on bread,85
Frankfurter Or Hot Dog Sandwich NFS Plain On Whole Wheat Bread,Fast Foods,301,12.36,18.45,19.48,1 frankfurter on bread,93
Frankfurter Or Hot Dog Sandwich NFS Plain On Whole Grain White Bread,Fast Foods,295,11.67,18.91,18.96,1 frankfurter on bread,93
Frankfurter Or Hot Dog Sandwich NFS Plain On Multigrain Bread,Fast Foods,306,12.71,18.69,19.77,1 frankfurter on bread,93
Frankfurter Or Hot Dog Sandwich Beef Plain On White Bun,Fast Foods,308,11.19,23.86,18.25,1 frankfurter on bun,102
Frankfurter Or Hot Dog Sandwich Beef Plain On Wheat Bun,Fast Foods,304,12.03,22.62,18.12,1 frankfurter on bun,102
Frankfurter Or Hot Dog Sandwich Beef Plain On Whole Wheat Bun,Fast Foods,304,12.34,21.57,18.46,1 frankfurter on bun,102
Frankfurter Or Hot Dog Sandwich Beef Plain On Whole Grain White Bun,Fast Foods,298,10.98,22.26,18.07,1 frankfurter on bun,102
Frankfurter Or Hot Dog Sandwich Beef Plain On Multigrain Bun,Fast Foods,301,11.11,21.42,19.18,1 frankfurter on bun,102
Frankfurter Or Hot Dog Sandwich Beef Plain On White Bread,Fast Foods,310,11.17,18.38,20.93,1 frankfurter on bread,85
Frankfurter Or Hot Dog Sandwich Beef Plain On Wheat Bread,Fast Foods,313,11.77,17.76,21.33,1 frankfurter on bread,85
Frankfurter Or Hot Dog Sandwich Beef Plain On Whole Wheat Bread,Fast Foods,301,12.36,18.45,19.48,1 frankfurter on bread,93
Frankfurter Or Hot Dog Sandwich Beef Plain On Whole Grain White Bread,Fast Foods,295,11.67,18.91,18.96,1 frankfurter on bread,93
Frankfurter Or Hot Dog Sandwich Beef Plain On Multigrain Bread,Fast Foods,306,12.71,18.69,19.77,1 frankfurter on bread,93
Frankfurter Or Hot Dog Sandwich Beef And Pork Plain On White Bun,Fast Foods,293,10.26,26.23,16.04,1 frankfurter on bun,102
Frankfurter Or Hot Dog Sandwich Beef And Pork Plain On Wheat Bun,Fast Foods,288,11.15,24.92,15.9,1 frankfurter on bun,102
Frankfurter Or Hot Dog Sandwich Beef And Pork Plain On Whole Wheat Bun,Fast Foods,288,11.47,23.82,16.26,1 frankfurter on bun,102
Frankfurter Or Hot Dog Sandwich Beef And Pork Plain On Whole Grain White Bun,Fast Foods,281,10.04,24.55,15.84,1 frankfurter on bun,102
Frankfurter Or Hot Dog Sandwich Beef And Pork Plain On Multigrain Bun,Fast Foods,285,10.18,23.66,17.01,1 frankfurter on bun,102
Frankfurter Or Hot Dog Sandwich Beef And Pork Plain On White Bread,Fast Foods,288,9.93,20.68,18.22,1 frankfurter on bread,85
Frankfurter Or Hot Dog Sandwich Beef And Pork Plain On Wheat Bread,Fast Foods,291,10.56,20.03,18.64,1 frankfurter on bread,85
Frankfurter Or Hot Dog Sandwich Beef And Pork Plain On Whole Wheat Bread,Fast Foods,281,11.34,20.64,17.03,1 frankfurter on bread,93
Frankfurter Or Hot Dog Sandwich Beef And Pork Plain On Whole Grain White Bread,Fast Foods,276,10.62,21.13,16.48,1 frankfurter on bread,93
Frankfurter Or Hot Dog Sandwich Beef And Pork Plain On Multigrain Bread,Fast Foods,287,11.72,20.9,17.32,1 frankfurter on bread,93
Frankfurter Or Hot Dog Sandwich Meat And Poultry Plain On White Bun,Fast Foods,286,10.03,25.06,15.95,1 frankfurter on bun,102
Frankfurter Or Hot Dog Sandwich Meat And Poultry Plain On Wheat Bun,Fast Foods,282,10.88,23.82,15.82,1 frankfurter on bun,102
Frankfurter Or Hot Dog Sandwich Meat And Poultry Plain On Whole Wheat Bun,Fast Foods,282,11.18,22.78,16.16,1 frankfurter on bun,102
Frankfurter Or Hot Dog Sandwich Meat And Poultry Plain On Whole Grain White Bun,Fast Foods,275,9.82,23.47,15.76,1 frankfurter on bun,102
Frankfurter Or Hot Dog Sandwich Meat And Poultry Plain On Multigrain Bun,Fast Foods,279,9.95,22.63,16.87,1 frankfurter on bun,102
Frankfurter Or Hot Dog Sandwich Meat And Poultry Plain On White Bread,Fast Foods,283,9.78,19.82,18.16,1 frankfurter on bread,85
Frankfurter Or Hot Dog Sandwich Meat And Poultry Plain On Wheat Bread,Fast Foods,286,10.38,19.2,18.56,1 frankfurter on bread,85
Frankfurter Or Hot Dog Sandwich Meat And Poultry Plain On Whole Wheat Bread,Fast Foods,276,11.09,19.77,16.95,1 frankfurter on bread,93
Frankfurter Or Hot Dog Sandwich Meat And Poultry Plain On Whole Grain White Bread,Fast Foods,271,10.4,20.24,16.43,1 frankfurter on bread,93
Frankfurter Or Hot Dog Sandwich Meat And Poultry Plain On Multigrain Bread,Fast Foods,281,11.44,20.02,17.24,1 frankfurter on bread,93
Frankfurter Or Hot Dog Sandwich Chicken And/or Turkey Plain On White Bun,Fast Foods,254,13.43,23.72,11.25,1 frankfurter on bun,102
Frankfurter Or Hot Dog Sandwich Chicken And/or Turkey Plain On Wheat Bun,Fast Foods,250,14.28,22.48,11.12,1 frankfurter on bun,102
Frankfurter Or Hot Dog Sandwich Chicken And/or Turkey Plain On Whole Wheat Bun,Fast Foods,250,14.58,21.43,11.46,1 frankfurter on bun,102
Frankfurter Or Hot Dog Sandwich Chicken And/or Turkey Plain On Whole Grain White Bun,Fast Foods,244,13.23,22.13,11.06,1 frankfurter on bun,102
Frankfurter Or Hot Dog Sandwich Chicken And/or Turkey Plain On Multigrain Bun,Fast Foods,247,13.36,21.29,12.17,1 frankfurter on bun,102
Frankfurter Or Hot Dog Sandwich Chicken And/or Turkey Plain On White Bread,Fast Foods,245,13.86,18.21,12.52,1 frankfurter on bread,85
Frankfurter Or Hot Dog Sandwich Chicken And/or Turkey Plain On Wheat Bread,Fast Foods,248,14.46,17.59,12.92,1 frankfurter on bread,85
Frankfurter Or Hot Dog Sandwich Chicken And/or Turkey Plain On Whole Wheat Bread,Fast Foods,241,14.83,18.3,11.8,1 frankfurter on bread,93
Frankfurter Or Hot Dog Sandwich Chicken And/or Turkey Plain On Whole Grain White Bread,Fast Foods,236,14.13,18.76,11.28,1 frankfurter on bread,93
Frankfurter Or Hot Dog Sandwich Chicken And/or Turkey Plain On Multigrain Bread,Fast Foods,246,15.18,18.54,12.08,1 frankfurter on bread,93
Frankfurter Or Hot Dog Sandwich Reduced Fat Or Light Plain On White Bun,Fast Foods,194,13.43,27.05,3.37,1 frankfurter on bun,102
Frankfurter Or Hot Dog Sandwich Reduced Fat Or Light Plain On Wheat Bun,Fast Foods,190,14.28,25.81,3.24,1 frankfurter on bun,102
Frankfurter Or Hot Dog Sandwich Reduced Fat Or Light Plain On Whole Wheat Bun,Fast Foods,190,14.58,24.76,3.58,1 frankfurter on bun,102
Frankfurter Or Hot Dog Sandwich Reduced Fat Or Light Plain On Whole Grain White Bun,Fast Foods,184,13.22,25.46,3.19,1 frankfurter on bun,102
Frankfurter Or Hot Dog Sandwich Reduced Fat Or Light Plain On Multigrain Bun,Fast Foods,187,13.35,24.62,4.29,1 frankfurter on bun,102
Frankfurter Or Hot Dog Sandwich Reduced Fat Or Light Plain On White Bread,Fast Foods,173,13.86,22.21,3.07,1 frankfurter on bread,85
Frankfurter Or Hot Dog Sandwich Reduced Fat Or Light Plain On Wheat Bread,Fast Foods,176,14.46,21.59,3.47,1 frankfurter on bread,85
Frankfurter Or Hot Dog Sandwich Reduced Fat Or Light Plain On Whole Wheat Bread,Fast Foods,176,14.82,21.95,3.16,1 frankfurter on bread,93
Frankfurter Or Hot Dog Sandwich Reduced Fat Or Light Plain On Whole Grain White Bread,Fast Foods,170,14.13,22.42,2.64,1 frankfurter on bread,93
Frankfurter Or Hot Dog Sandwich Reduced Fat Or Light Plain On Multigrain Bread,Fast Foods,181,15.17,22.2,3.44,1 frankfurter on bread,93
Frankfurter Or Hot Dog Sandwich Fat Free Plain On White Bun,Fast Foods,187,11.66,28.71,2.66,1 frankfurter on bun,102
Frankfurter Or Hot Dog Sandwich Fat Free Plain On Wheat Bun,Fast Foods,183,12.51,27.47,2.53,1 frankfurter on bun,102
Frankfurter Or Hot Dog Sandwich Fat Free Plain On Whole Wheat Bun,Fast Foods,183,12.82,26.42,2.87,1 frankfurter on bun,102
Frankfurter Or Hot Dog Sandwich Fat Free Plain On Whole Grain White Bun,Fast Foods,177,11.46,27.11,2.48,1 frankfurter on bun,102
Frankfurter Or Hot Dog Sandwich Fat Free Plain On Multigrain Bun,Fast Foods,180,11.59,26.27,3.58,1 frankfurter on bun,102
Frankfurter Or Hot Dog Sandwich Fat Free Plain On White Bread,Fast Foods,165,11.74,24.19,2.22,1 frankfurter on bread,85
Frankfurter Or Hot Dog Sandwich Fat Free Plain On Wheat Bread,Fast Foods,167,12.34,23.57,2.62,1 frankfurter on bread,85
Frankfurter Or Hot Dog Sandwich Fat Free Plain On Whole Wheat Bread,Fast Foods,168,12.88,23.76,2.38,1 frankfurter on bread,93
Frankfurter Or Hot Dog Sandwich Fat Free Plain On Whole Grain White Bread,Fast Foods,162,12.19,24.23,1.86,1 frankfurter on bread,93
Frankfurter Or Hot Dog Sandwich Fat Free Plain On Multigrain Bread,Fast Foods,173,13.24,24.01,2.66,1 frankfurter on bread,93
Frankfurter Or Hot Dog Sandwich Meatless Plain On Bun,Fast Foods,251,15.76,24.3,9.89,1 frankfurter on bun,115
Frankfurter Or Hot Dog Sandwich Meatless Plain On Bread,Fast Foods,242,16.54,19.62,10.76,1 frankfurter on bread,98
Frankfurter Or Hot Dog Sandwich With Chili On White Bun,Fast Foods,231,9.11,19.71,12.55,1 frankfurter on bun,166
Frankfurter Or Hot Dog Sandwich With Chili On Wheat Bun,Fast Foods,228,9.63,18.95,12.47,1 frankfurter on bun,166
Frankfurter Or Hot Dog Sandwich With Chili On Whole Wheat Bun,Fast Foods,228,9.63,18.95,12.47,1 frankfurter on bun,166
Frankfurter Or Hot Dog Sandwich With Chili On Whole Grain White Bun,Fast Foods,224,8.98,18.73,12.44,1 frankfurter on bun,166
Frankfurter Or Hot Dog Sandwich With Chili On Multigrain Bun,Fast Foods,226,9.06,18.21,13.12,1 frankfurter on bun,166
Frankfurter Or Hot Dog Sandwich With Chili On White Bread,Fast Foods,223,8.86,16.11,13.43,1 frankfurter on bread,149
Frankfurter Or Hot Dog Sandwich With Chili On Wheat Bread,Fast Foods,224,9.2,15.76,13.66,1 frankfurter on bread,149
Frankfurter Or Hot Dog Sandwich With Chili On Whole Wheat Bread,Fast Foods,222,9.69,16.27,12.96,1 frankfurter on bread,157
Frankfurter Or Hot Dog Sandwich With Chili On Whole Grain White Bread,Fast Foods,219,9.28,16.54,12.65,1 frankfurter on bread,157
Frankfurter Or Hot Dog Sandwich With Chili On Multigrain Bread,Fast Foods,225,9.9,16.41,13.12,1 frankfurter on bread,157
Frankfurter Or Hot Dog Sandwich With Meatless Chili On White Bun,Fast Foods,229,9.23,19.76,12.67,1 frankfurter on bun,166
Frankfurter Or Hot Dog Sandwich With Meatless Chili On Wheat Bun,Fast Foods,226,9.75,19,12.58,1 frankfurter on bun,166
Frankfurter Or Hot Dog Sandwich With Meatless Chili On Whole Wheat Bun,Fast Foods,226,9.94,18.36,12.79,1 frankfurter on bun,166
Frankfurter Or Hot Dog Sandwich With Meatless Chili On Whole Grain White Bun,Fast Foods,223,9.11,18.78,12.55,1 frankfurter on bun,166
Frankfurter Or Hot Dog Sandwich With Meatless Chili On Multigrain Bun,Fast Foods,225,9.19,18.27,13.23,1 frankfurter on bun,166
Frankfurter Or Hot Dog Sandwich With Meatless Chili On White Bread,Fast Foods,221,9,16.17,13.56,1 frankfurter on bread,149
Frankfurter Or Hot Dog Sandwich With Meatless Chili On Wheat Bread,Fast Foods,223,9.34,15.82,13.78,1 frankfurter on bread,149
Frankfurter Or Hot Dog Sandwich With Meatless Chili On Whole Wheat Bread,Fast Foods,222,9.69,16.27,12.96,1 frankfurter on bread,157
Frankfurter Or Hot Dog Sandwich With Meatless Chili On Whole Grain White Bread,Fast Foods,217,9.41,16.6,12.76,1 frankfurter on bread,157
Frankfurter Or Hot Dog Sandwich With Meatless Chili On Multigrain Bread,Fast Foods,223,10.03,16.47,13.24,1 frankfurter on bread,157
Frankfurter Or Hot Dog Sandwich Meatless On Bun With Meatless Chili,Fast Foods,198,12.31,20.34,7.7,1 frankfurter on bun,179
Frankfurter Or Hot Dog Sandwich Meatless On Bread With Meatless Chili,Fast Foods,187,12.42,17.1,7.99,1 frankfurter on bread,162
Hors D'oeuvres With Spread,Fast Foods,206,11.37,28.79,4.85,1 hors d'oeuvre,23
Fried Egg Sandwich,Fast Foods,234,11,27.51,8.52,1 sandwich,96
Egg Cheese Ham And Bacon On Bun,Fast Foods,261,15.01,17.92,13.93,1 jack-in-the-box sandwich,226
Egg Cheese And Ham On Biscuit,Fast Foods,253,12.05,14.84,16.29,1 sandwich,174
Egg Cheese And Ham On Bagel,Fast Foods,261,12.86,19.47,14.38,1 mcdonald's sandwich,218
Egg Cheese And Sausage On Bun,Fast Foods,271,13.67,17.38,16.01,1 sandwich,148
Egg Extra Cheese And Extra Sausage On Bun,Fast Foods,274,14.32,14.04,17.68,1 jack-in-the-box sandwich,213
Egg Cheese And Beef On English Muffin,Fast Foods,274,14.32,17.8,16.07,1 great starts sandwich (5.2 oz),147
Egg Cheese And Bacon On Bagel,Fast Foods,240,12.96,21.79,10.93,1 sandwich,246
Egg And Steak On Biscuit,Fast Foods,284,10.82,31.07,12.85,1 sandwich,179
Egg And Cheese On Biscuit,Fast Foods,270,9.03,21.69,16.3,1 sandwich,140
Egg Salad Sandwich,Fast Foods,296,9,17.56,20.76,1 sandwich,159
Scrambled Egg Sandwich,Fast Foods,205,9.44,24.49,7.32,1 sandwich,112
Bruschetta,Fast Foods,173,4.03,22.18,7.7,1 slice,43
Blintz Cheese-Filled,Fast Foods,186,9.06,20.12,7.63,1 blintz,70
Blintz Fruit-Filled,Fast Foods,175,5.56,24.78,6.2,1 blintz,70
Crepe Ns As To Filling,Fast Foods,184,4.55,26.45,6.96,1 crepe with filling/ any size,80
Crepe Chocolate Filled,Fast Foods,156,5.46,20.82,5.52,1 crepe with filling/ any size,80
Crepe Fruit Filled,Fast Foods,184,4.55,26.46,6.96,1 crepe with filling/ any size,80
Pancakes Nfs,Fast Foods,278,7.4,35.31,11.87,1 miniature/bite size pancake,10
Pancakes Plain Reduced Fat From Fozen,Fast Foods,262,7.56,36.09,9.54,1 miniature/bite size pancake,10
Pancakes With Fruit From Frozen,Fast Foods,224,4.99,36.47,6.52,1 miniature/bite size pancake,10
Pancakes With Chocolate From Frozen,Fast Foods,248,5.35,38.83,7.97,1 miniature/bite size pancake,10
Pancakes Whole Grain From Frozen,Fast Foods,232,5.54,38.55,6.75,1 miniature/bite size pancake,10
Pancakes Whole Grain Reduced Fat From Frozen,Fast Foods,232,5.54,38.55,6.75,1 miniature/bite size pancake,10
Pancakes Plain From Fast Food / Restaurant,Fast Foods,303,7.15,34.13,15.29,1 miniature/bite size pancake,10
Pancakes With Fruit From Fast Food / Restaurant,Fast Foods,250,5.7,29.82,12.12,1 miniature/bite size pancake,10
Pancakes With Chocolate From Fast Food / Restaurant,Fast Foods,357,7.45,40.01,18.52,1 miniature/bite size pancake,10
Pancakes Whole Grain From Fast Food / Restaurant,Fast Foods,296,7.58,31.73,15.61,1 miniature/bite size pancake,10
Pancakes Whole Grain And Nuts From Fast Food / Restaurant,Fast Foods,351,7.92,30.09,22.98,1 miniature/bite size pancake,10
Pancakes From School Nfs,Fast Foods,231,6.26,40.43,6.57,1 miniature/bite size pancake,10
Pancakes Plain,Fast Foods,278,7.4,35.31,11.87,1 miniature/bite size pancake,10
Pancakes With Fruit,Fast Foods,230,5.85,30.62,9.39,1 miniature/bite size pancake,10
Pancakes Pumpkin,Fast Foods,238,6.36,30.94,9.92,1 miniature/bite size pancake,10
Pancakes With Chocolate,Fast Foods,338,7.67,41.17,15.77,1 miniature/bite size pancake,10
Pancakes Buckwheat,Fast Foods,267,8,31.73,12.66,1 miniature/bite size pancake,10
Pancakes Cornmeal,Fast Foods,202,4.76,32,5.91,1 miniature/bite size pancake,10
Pancakes Whole Grain,Fast Foods,271,7.85,32.87,12.1,1 miniature/bite size pancake,10
Pancakes Whole Grain Reduced Fat,Fast Foods,253,8.03,33.62,9.69,1 miniature/bite size pancake,10
Waffle Plain Reduced Fat From Frozen,Fast Foods,289,9.37,46.19,6.96,1 miniature/bite size waffle,10
Waffle Fruit From Frozen,Fast Foods,296,7.07,46.58,9.05,1 miniature/bite size waffle,10
Waffle Chocolate From Frozen,Fast Foods,320,7.43,48.94,10.5,1 miniature/bite size waffle,10
Waffle Whole Grain From Frozen,Fast Foods,288,6.78,46.7,8.39,1 miniature/bite size waffle,10
Waffle Whole Grain Fruit From Frozen,Fast Foods,277,6.48,45.06,8.02,1 miniature/bite size waffle,10
Waffle Plain From Fast Food / Restaurant,Fast Foods,422,8.15,38.91,26.14,1 miniature/bite size waffle,10
Waffle Chocolate From Fast Food / Restaurant,Fast Foods,476,8.59,46.09,28.67,1 miniature/bite size waffle,10
Waffle Fruit From Fast Food / Restaurant,Fast Foods,350,6.59,34.46,20.92,1 miniature/bite size waffle,10
Waffle Whole Grain From Fast Food / Restaurant,Fast Foods,416,8.63,36.12,26.73,1 miniature/bite size waffle,10
Waffle Plain,Fast Foods,368,8.69,41.49,18.59,1 miniature/bite size waffle,10
Waffle Fruit,Fast Foods,304,6.93,36.24,14.74,1 miniature/bite size waffle,10
Waffle Chocolate,Fast Foods,433,9.06,48.63,22.5,1 miniature/bite size waffle,10
Waffle Cinnamon,Fast Foods,368,8.68,41.66,18.55,1 miniature/bite size waffle,10
Waffle Cornmeal,Fast Foods,264,6.84,33.04,11.38,1 miniature/bite size waffle,10
Waffle Whole Grain,Fast Foods,360,9.21,38.58,18.98,1 miniature/bite size waffle,10
Waffle Plain Reduced Fat,Fast Foods,338,8.98,42.88,14.41,1 miniature/bite size waffle,10
Waffle Whole Grain Reduced Fat,Fast Foods,329,9.53,39.92,14.69,1 miniature/bite size waffle,10
French Toast Nfs,Fast Foods,270,10.12,32.37,10.95,1 slice/ any size,65
French Toast Plain From Frozen,Fast Foods,181,6.98,29.98,3.58,1 bite size,10
French Toast Whole Grain From Frozen,Fast Foods,180,8.21,28.02,3.88,1 bite size,10
French Toast Gluten Free From Frozen,Fast Foods,173,4.83,28.25,4.49,1 bite size,10
French Toast Plain From Fast Food / Restaurant,Fast Foods,306,9.54,35.78,13.74,1 slice/ any size,85
French Toast Whole Grain From Fast Food / Restaurant,Fast Foods,304,11.05,33.39,14.11,1 slice/ any size,85
French Toast From School Nfs,Fast Foods,160,9.25,22.37,3.69,1 bite size,10
French Toast Plain,Fast Foods,270,10.12,32.37,10.95,1 slice/ any size,65
French Toast Plain Reduced Fat,Fast Foods,237,10.64,34.05,6.22,1 slice/ any size,65
French Toast Whole Grain,Fast Foods,269,11.43,30.3,11.26,1 slice/ any size,65
French Toast Whole Grain Reduced Fat,Fast Foods,236,12.01,31.88,6.55,1 slice/ any size,65
French Toast Gluten Free,Fast Foods,261,7.85,30.55,11.9,1 slice/ any size,65
French Toast Sticks Nfs,Fast Foods,283,7.06,41.92,9.6,1 stick,25
French Toast Sticks Plain From Frozen,Fast Foods,283,7.06,41.92,9.6,1 stick,45
French Toast Sticks Plain From Fast Food / Restaurant,Fast Foods,400,7.06,48.48,20.87,1 stick,25
French Toast Sticks From School Nfs,Fast Foods,160,9.25,22.37,3.69,1 stick,25
French Toast Sticks Whole Grain,Fast Foods,269,11.43,30.3,11.26,1 stick,45
Fried Bread Puerto Rican Style,Fast Foods,257,5.01,41.83,8.19,"2 fritters with syrup (4"" x 2-1/2"" x 3-1/4"")",110
Crepe Nfs,Fast Foods,223,8.74,21.72,10.95,1 crepe/ any size,80
Crepe Plain,Fast Foods,223,8.74,21.72,10.95,1 crepe/ any size,65
Chinese Pancake,Fast Foods,207,4.05,45.38,0.38,1 pancake,28
Dosa (Indian) Plain,Fast Foods,209,5.7,37.08,3.96,1 small,35
Burrito Taco Or Quesadilla With Egg,Fast Foods,229,10.27,19.69,11.84,1 small,110
Burrito Taco Or Quesadilla With Egg And Potato,Fast Foods,235,9.04,21.15,12.66,1 small,127
Burrito Taco Or Quesadilla With Egg And Breakfast Meat,Fast Foods,242,11.38,17.22,13.92,1 small,123
Burrito Taco Or Quesadilla With Egg Potato And Breakfast Meat,Fast Foods,246,10.14,18.86,14.36,1 small,144
Burrito Taco Or Quesadilla With Egg Potato And Breakfast Meat From Fast Food,Fast Foods,242,11.15,17.76,13.94,1 small,144
Burrito Taco Or Quesadilla With Egg Beans And Breakfast Meat,Fast Foods,224,10.46,17.32,12.47,1 small,150
Taquito Or Flauta With Egg,Fast Foods,255,10.06,27.37,11.39,1 small taquito,36
Taquito Or Flauta With Egg And Breakfast Meat,Fast Foods,267,11.38,25.94,12.7,1 small taquito,36
Breakfast Pizza With Egg,Fast Foods,297,13.19,26.21,15.21,1 piece/ nfs,144
Croissant Sandwich Filled With Broccoli And Cheese,Fast Foods,268,7.05,26.04,15.2,1 croissant,113
Croissant Sandwich Filled With Ham And Cheese,Fast Foods,299,12.84,22.52,17.32,1 croissant,113
Croissant Sandwich Filled With Chicken Broccoli And Cheese Sauce,Fast Foods,271,12.29,22.06,14.71,1 croissant,128
Croissant Sandwich With Sausage And Egg,Fast Foods,350,11.33,21.65,23.97,1 croissant,142
Croissant Sandwich With Bacon And Egg,Fast Foods,329,13.46,22.09,20.47,1 croissant,113
Croissant Sandwich With Bacon Egg And Cheese,Fast Foods,312,12.58,20.79,19.97,1 croissant,131
Vegetable Submarine Sandwich With Fat Free Spread,Fast Foods,125,3.88,23.03,1.95,1 submarine,240
Vegetable Submarine Sandwich With Spread,Fast Foods,186,3.78,19.02,10.59,1 submarine,167
Biscuit With Gravy,Fast Foods,215,5.9,20.33,12.3,1 biscuit with gravy,221
Wrap Sandwich Filled With Meat Poultry Or Fish Vegetables And Rice,Fast Foods,157,9.1,18.19,5.37,1 sandwich,433
Wrap Sandwich Filled With Vegetables And Rice,Fast Foods,136,3.39,19.8,4.98,1 sandwich,404
Wrap Sandwich Filled With Vegetables,Fast Foods,122,3.18,13.84,6.24,1 sandwich,273
Wrap Sandwich Filled With Meat Poultry Or Fish Vegetables Rice And Cheese,Fast Foods,163,8.72,18.25,6.24,1 sandwich,467
Potato French Fries Nfs,Fast Foods,224,2.5,23.23,14.07,1 shoestring,2
Potato French Fries Ns As To Fresh Or Frozen,Fast Foods,224,2.5,23.23,14.07,1 shoestring,2
Potato French Fries From Fresh Fried,Fast Foods,196,1.93,18.5,13.1,1 shoestring,2
Potato French Fries From Fresh Baked,Fast Foods,164,2.02,19.34,9.16,1 shoestring,2
Potato French Fries From Frozen Fried,Fast Foods,224,2.5,23.23,14.07,1 shoestring,2
Potato French Fries School,Fast Foods,164,2.02,19.34,9.16,1 shoestring,2
Potato French Fries With Cheese Fast Food / Restaurant,Fast Foods,259,3.36,29.69,14.14,1 kids meal order,107
Potato French Fries With Cheese School,Fast Foods,179,4.55,17.81,10.29,1 fry/ any cut,11
Potato French Fries With Chili Fast Food / Restaurant,Fast Foods,241,4.25,31.58,10.81,1 fry/ any cut,8
Potato French Fries With Chili And Cheese Fast Food / Restaurant,Fast Foods,220,3.99,25.41,11.38,1 fry/ any cut,10
Potato French Fries With Cheese,Fast Foods,259,3.36,29.69,14.14,1 fry/ any cut,8
Potato French Fries With Chili And Cheese,Fast Foods,220,3.99,25.41,11.38,1 fry/ any cut,10
Potato French Fries With Chili,Fast Foods,241,4.25,31.58,10.81,1 fry/ any cut,8
Potato Home Fries Nfs,Fast Foods,195,1.92,18.4,13.03,1 cup,200
Potato Home Fries From Restaurant / Fast Food,Fast Foods,213,1.87,17.91,15.2,1 cup,200
Potato Home Fries From Fresh,Fast Foods,183,1.96,18.76,11.52,1 cup,200
Potato Home Fries Ready-To-Heat,Fast Foods,195,1.92,18.4,13.03,1 cup,200
Potato Home Fries With Vegetables,Fast Foods,171,1.73,15.6,11.77,1 cup,200
Potato Hash Brown Nfs,Fast Foods,217,2.62,28.23,11.48,1 patty,55
Potato Hash Brown From Fast Food With Cheese,Fast Foods,294,5.96,24.58,19.75,1 patty,55
Potato Hash Brown From Restaurant With Cheese,Fast Foods,294,5.96,24.58,19.75,1 patty,55
Potato Hash Brown From School Lunch,Fast Foods,218,2.64,28.4,11.54,1 patty,55
Potato Hash Brown From Fresh,Fast Foods,189,1.94,18.57,12.27,1 cup,160
Potato Hash Brown From Fresh With Cheese,Fast Foods,221,5.04,16.27,15.39,1 cup,160
Potato Hash Brown From Dry Mix,Fast Foods,217,2.62,28.23,11.48,1 cup,160
Potato Hash Brown Ready-To-Heat,Fast Foods,217,2.62,28.23,11.48,1 patty,55
Potato Hash Brown Ready-To-Heat With Cheese,Fast Foods,248,5.97,24.07,15.08,1 patty,55
Potato Skins Without Topping,Fast Foods,150,2.12,19.53,7.45,skin from 1 small,25
Potato Skins With Cheese,Fast Foods,198,5.99,16.46,12.27,skin from 1 small,35
Potato Skins With Cheese And Bacon,Fast Foods,213,7.56,15.63,13.56,skin from 1 small,35
Potato Skins Nfs,Fast Foods,198,5.99,16.46,12.27,skin from 1 small,25
Potato Patty,Fast Foods,170,3.89,13.4,11.22,1 patty,55
Potato Tots Nfs,Fast Foods,236,1.9,24.4,15.46,1 cup,130
Potato Tots Fast Food / Restaurant,Fast Foods,236,1.89,24.31,15.4,1 cup,130
Potato Tots School,Fast Foods,164,2.02,19.34,9.16,1 cup,130
Potato Tots From Fresh Fried Or Baked,Fast Foods,236,1.9,24.4,15.46,1 cup,130
Potato Tots Frozen Baked,Fast Foods,187,2.03,26.1,9.17,1 cup,130
Potato Tots Frozen Fried,Fast Foods,236,1.9,24.4,15.46,1 cup,130
Potato Tots Frozen Ns As To Fried Or Baked,Fast Foods,236,1.9,24.4,15.46,1 cup,130
Tomato Sandwich,Fast Foods,175,4.4,23.71,6.97,1 sandwich,134
