Creamy Dressing Made With Sour Cream And/or Buttermilk And Oil Reduced Calorie,Fats and Oils,160,1.5,7,14,1 tbsp,15
Vegetable Oil-Butter Spread Reduced Calorie,Fats and Oils,465,0,0,53,1 tbsp,13
Salad Dressing Blue Or Roquefort Cheese Dressing Light,Fats and Oils,86,2.1,13.2,2.7,1 tbsp,16
Salad Dressing French Dressing Reduced Calorie,Fats and Oils,227,0.4,27,13,1 tbsp,16
Mayonnaise Made With Tofu,Fats and Oils,322,5.95,3.06,31.79,1 tbsp,15
Salad Dressing Blue Or Roquefort Cheese Dressing Fat-Free,Fats and Oils,115,1.52,25.6,1.01,1 tbsp,17
Salad Dressing Mayonnaise-Like Fat-Free,Fats and Oils,84,0.2,15.5,2.7,1 tbsp,16
Flaxseed Oil,Fats and Oils,884,0.11,0,99.98,1 tbsp,13.6
Salad Dressing Bacon And Tomato,Fats and Oils,326,1.8,2,35,1 tbsp,15
Mayonnaise Dressing No Cholesterol,Fats and Oils,688,0,0.3,77.8,1 tbsp,15
Oil Corn Peanut And Olive,Fats and Oils,884,0,0,100,1 tablespoon,14
Salad Dressing Peppercorn Dressing Commercial Regular,Fats and Oils,564,1.2,3.5,61.4,1 tbsp,13.4
Mayonnaise Reduced-Calorie Or Diet Cholesterol-Free,Fats and Oils,333,0.9,6.7,33.3,1 tbsp,14.6
Salad Dressing Italian Dressing Reduced Calorie,Fats and Oils,200,0.3,6.7,20,1 tbsp,14
Creamy Dressing Made With Sour Cream And/or Buttermilk And Oil Reduced Calorie Fat-Free,Fats and Oils,107,1.4,20,2.7,1 tbsp,17
Creamy Dressing Made With Sour Cream And/or Buttermilk And Oil Reduced Calorie Cholesterol-Free,Fats and Oils,140,1,16,8,1 tbsp,15
Salad Dressing Coleslaw Dressing Reduced Fat,Fats and Oils,329,0,40,20,1 tbsp,17
Salad Dressing Mayonnaise And Mayonnaise-Type Low Calorie,Fats and Oils,263,0.9,23.9,19,1 tbsp,14.5
Mayonnaise Low Sodium Low Calorie Or Diet,Fats and Oils,231,0.3,16,19.2,1 tbsp,14
Margarine-Like Butter-Margarine Blend 80% Fat Stick Without Salt,Fats and Oils,718,0.9,0.6,80.7,1 tablespoon,14
Margarine-Like Vegetable Oil-Butter Spread Reduced Calorie Tub With Salt,Fats and Oils,450,1,1,50,1 tablespoon,14
Salad Dressing Caesar Dressing Regular,Fats and Oils,542,2.17,3.3,57.85,1 tbsp,14.7
Coleslaw Salad Dressing,Fats and Oils,404,0.85,22.4,34.53,1 tbsp,16
Salad Dressing Green Goddess Regular,Fats and Oils,427,1.9,7.36,43.33,1 tbsp,15
Margarine-Like Vegetable Oil Spread Stick Or Tub Sweetened,Fats and Oils,534,0,16.7,52,1 tablespoon,14
Oil Corn And Canola,Fats and Oils,884,0,0,100,1 tbsp,14
Salad Dressing Sweet And Sour,Fats and Oils,15,0.1,3.7,0,1 tbsp,16
Salad Dressing Blue Or Roquefort Cheese Low Calorie,Fats and Oils,99,5.1,2.9,7.2,1 tbsp,15
Salad Dressing Caesar Low Calorie,Fats and Oils,110,0.3,18.6,4.4,1 tbsp,15
Butter Replacement Without Fat Powder,Fats and Oils,373,2,89,1,1 cup,80
Salad Dressing Buttermilk Lite,Fats and Oils,202,1.25,21.33,12.42,1 tablespoon,15
Salad Dressing Kraft Mayo Light Mayonnaise,Fats and Oils,334,0.6,8.5,32.9,1 tbsp,15
Salad Dressing Kraft Mayo Fat Free Mayonnaise Dressing,Fats and Oils,64,0.2,15.8,0,1 tbsp,16
Salad Dressing Kraft Miracle Whip Free Nonfat Dressing,Fats and Oils,84,0.2,15.5,2.7,1 tbsp,16
Russian Dressing,Fats and Oils,355,0.69,31.9,26.18,1 tbsp,15
Sesame Seed Dressing,Fats and Oils,443,3.1,8.6,45.2,1 tablespoon,15
Salad Dressing Russian Dressing Low Calorie,Fats and Oils,141,0.5,27.6,4,1 tablespoon,16
Salad Dressing Thousand Island Dressing Reduced Fat,Fats and Oils,195,0.83,24.06,11.32,1 tablespoon,15
Salad Dressing Mayonnaise Regular,Fats and Oils,680,0.96,0.57,74.85,1 tbsp,13.8
Salad Dressing Mayonnaise Soybean And Safflower Oil With Salt,Fats and Oils,717,1.1,2.7,79.4,1 tablespoon,13.8
Shortening Household Soybean (Partially Hydrogenated)-Cottonseed (Partially Hydrogenated),Fats and Oils,884,0,0,100,1 tbsp,12.8
Oil Soybean Salad Or Cooking (Partially Hydrogenated),Fats and Oils,884,0,0,100,1 tbsp,13.6
Rice Bran Oil,Fats and Oils,884,0,0,100,1 tablespoon,13.6
Wheat Germ Oil,Fats and Oils,884,0,0,100,1 tsp,4.5
Palm Oil,Fats and Oils,884,0,0,100,1 tbsp,13.6
Sesame Oil,Fats and Oils,884,0,0,100,1 tablespoon,13.6
Oil Sunflower Linoleic (Less Than 60%),Fats and Oils,884,0,0,100,1 tbsp,13.6
Margarine,Fats and Oils,719,0.9,0.9,80.5,1 tsp,4.7
Salad Dressing Italian Dressing Commercial Regular,Fats and Oils,240,0.41,12.12,21.12,1 tbsp,14.7
Salad Dressing French Dressing Commercial Regular Without Salt,Fats and Oils,459,0.77,15.58,44.81,1 tablespoon,15
Lowfat French Salad Dressing,Fats and Oils,233,0.58,29.28,13.46,1 tablespoon,16
Salad Dressing Italian Dressing Commercial Regular Without Salt,Fats and Oils,292,0.38,10.43,28.37,1 tablespoon,14.7
Salad Dressing Italian Dressing Reduced Fat Without Salt,Fats and Oils,76,0.47,4.57,6.38,1 tablespoon,15
Cottonseed Oil,Fats and Oils,884,0,0,100,1 tablespoon,13.6
Oil Sunflower Linoleic (Approx. 65%),Fats and Oils,884,0,0,100,1 tbsp,13.6
Oil Safflower Salad Or Cooking Linoleic (Over 70%),Fats and Oils,884,0,0,100,1 tbsp,13.6
Oil Safflower Salad Or Cooking High Oleic (Primary Safflower Oil Of Commerce),Fats and Oils,884,0,0,100,1 tablespoon,13.6
Grapeseed Oil,Fats and Oils,884,0,0,100,1 tablespoon,13.6
Corn Oil,Fats and Oils,900,0,0,100,1 tbsp,13.6
Walnut Oil,Fats and Oils,884,0,0,100,1 tbsp,13.6
Almond Oil,Fats and Oils,884,0,0,100,1 tablespoon,13.6
Apricot Kernel Oil,Fats and Oils,884,0,0,100,1 tablespoon,13.6
Oil Vegetable Natreon Canola High Stability Non Trans High Oleic (70%),Fats and Oils,884,0,0,100,1 tbsp,14
Salad Dressing Honey Mustard Dressing Reduced Calorie,Fats and Oils,207,0.98,28.26,10,2 tbsp (1 serving),30
Margarine-Like Spread Benecol Light Spread,Fats and Oils,357,0,5.71,38.71,1 tablespoon (1 nlea serving),14
Salad Dressing Spray-Style Dressing Assorted Flavors,Fats and Oils,165,0.16,16.6,10.75,1 serving (approximately 10 sprays),8
Salad Dressing Mayonnaise Light Smart Balance Omega Plus Light,Fats and Oils,333,1.53,9.39,34.18,1 tbsp (1 nlea serving),14
Margarine-Like Vegetable Oil Spread 60% Fat Tub With Salt With Added Vitamin D,Fats and Oils,533,0.17,0.86,59.81,1 tbsp,14
Margarine-Like Vegetable-Oil Spread Stick/tub/bottle 60% Fat With Added Vitamin D,Fats and Oils,535,0.6,0,59.17,1 tbsp,14
Margarine Regular 80% Fat Composite Stick Without Salt With Added Vitamin D,Fats and Oils,717,0.16,0.7,80.71,1 tbsp,14
Margarine-Like Vegetable Oil Spread 60% Fat Stick/tub/bottle Without Salt With Added Vitamin D,Fats and Oils,542,0.17,0.86,59.81,1 tbsp,14
Oil Industrial Canola High Oleic,Fats and Oils,900,0,0,100,1 tablespoon,14
Honey Mustard Salad Dressing,Fats and Oils,464,0.87,23.33,40.83,2 tbsp,30
Creamy Poppyseed Salad Dressing,Fats and Oils,399,0.92,23.73,33.33,2 tbsp,33
Salad Dressing Caesar Fat-Free,Fats and Oils,131,1.47,30.73,0.23,2 tbsp (1 nlea serving),34
Dressing Honey Mustard Fat-Free,Fats and Oils,169,1.07,38.43,1.47,2 tbsp (1 nlea serving),30
Beef Tallow,Fats and Oils,902,0,0,100,1 tbsp,12.8
Lard,Fats and Oils,902,0,0,100,1 tbsp,12.8
Thousand Island,Fats and Oils,379,1.09,14.64,35.06,1 tbsp,16
Mayonnaise Salad Dressing,Fats and Oils,250,0.65,14.78,21.6,1 tbsp,14.7
Salad Dressing French Dressing Reduced Fat,Fats and Oils,222,0.58,31.22,11.52,1 tablespoon,16
Italian Salad Dressing,Fats and Oils,102,0.39,9.99,6.68,1 tablespoon,15
Salad Dressing Mayonnaise Imitation Soybean,Fats and Oils,232,0.3,16,19.2,1 tbsp,15
Salad Dressing Mayonnaise Imitation Milk Cream,Fats and Oils,97,2.1,11.1,5.1,1 tablespoon,15
Salad Dressing Mayonnaise Imitation Soybean Without Cholesterol,Fats and Oils,482,0.1,15.8,47.7,1 tablespoon,14.1
Sandwich Spread With Chopped Pickle Regular Unspecified Oils,Fats and Oils,389,0.9,22.4,34,1 tablespoon,15
Peanut Oil,Fats and Oils,884,0,0,100,1 tbsp,13.5
Soybean Oil,Fats and Oils,884,0,0,100,1 tbsp,13.6
Coconut Oil,Fats and Oils,892,0,0,99.06,1 tbsp,13.6
Olive Oil,Fats and Oils,884,0,0,100,1 tablespoon,13.5
Salad Dressing French Dressing Commercial Regular,Fats and Oils,419,0.87,18.79,39.07,1 tbsp,16
Margarine-Like Vegetable Oil Spread Unspecified Oils Approximately 37% Fat With Salt,Fats and Oils,349,0.23,1.52,37.98,1 tbsp,14.9
Salad Dressing French Home Recipe,Fats and Oils,631,0.1,3.4,70.2,1 tablespoon,14
Salad Dressing Home Recipe Vinegar And Oil,Fats and Oils,449,0,2.5,50.1,1 tablespoon,16
Salad Dressing Mayonnaise Soybean Oil Without Salt,Fats and Oils,717,1.1,2.7,79.4,1 tablespoon,13.8
Salad Dressing French Cottonseed Oil Home Recipe,Fats and Oils,631,0.1,3.4,70.2,1 tablespoon,14
Salad Dressing French Dressing Fat-Free,Fats and Oils,132,0.2,32.14,0.27,1 tablespoon,16
Cocoa Butter,Fats and Oils,884,0,0,100,1 tablespoon,13.6
Palm Kernel Oil,Fats and Oils,862,0,0,100,1 tablespoon,13.6
Poppyseed Oil,Fats and Oils,884,0,0,100,1 tablespoon,13.6
Tomatoseed Oil,Fats and Oils,884,0,0,100,1 tablespoon,13.6
Teaseed Oil,Fats and Oils,884,0,0,100,1 tablespoon,13.6
Soybean Lecithin,Fats and Oils,763,0,0,100,1 tablespoon,13.6
Hazelnut Oil,Fats and Oils,884,0,0,100,1 tablespoon,13.6
Oil Babassu,Fats and Oils,884,0,0,100,1 tbsp,13.6
Oil Sheanut,Fats and Oils,884,0,0,100,1 tablespoon,13.6
Oil Pam Cooking Spray Original,Fats and Oils,792,0.26,20.69,78.69,1 spray / about 1/3 second (1 nlea serving),0.3
Margarine Margarine-Like Vegetable Oil Spread 67-70% Fat Tub,Fats and Oils,606,0.07,0.59,68.29,1 tbsp (1 nlea serving),14
Margarine 80% Fat Tub Canola Harvest Soft Spread (Canola Palm And Palm Kernel Oils),Fats and Oils,730,0.41,1.39,80.32,1 tablespoon (1 nlea serving),14
Oil Cooking And Salad Enova 80% Diglycerides,Fats and Oils,884,0,0,100,1 tbsp (1 nlea serving),14
Margarine-Like Vegetable Oil Spread Approximately 37% Fat Unspecified Oils With Salt With Added Vitamin D,Fats and Oils,339,0.51,0.66,37.77,1 tbsp,14.9
Margarine Regular 80% Fat Composite Stick With Salt With Added Vitamin D,Fats and Oils,717,0.16,0.7,80.71,1 tablespoon,14
Margarine Regular 80% Fat Composite Tub With Salt With Added Vitamin D,Fats and Oils,713,0.22,0.75,80.17,1 tbsp,14
Margarine-Like Vegetable Oil Spread 60% Fat Stick With Salt With Added Vitamin D,Fats and Oils,537,0.12,0.69,60.39,1 tbsp,14
Oil Industrial Soy Low Linolenic,Fats and Oils,900,0,0,100,1 tablespoon,14
Oil Industrial Soy Ultra Low Linolenic,Fats and Oils,884,0,0,100,1 tablespoon,13.6
Oil Industrial Soy Fully Hydrogenated,Fats and Oils,884,0,0,100,1 tablespoon,13.6
Oil Industrial Cottonseed Fully Hydrogenated,Fats and Oils,884,0,0,100,1 tablespoon,13.6
Oil Flaxseed Contains Added Sliced Flaxseed,Fats and Oils,878,0.37,0.39,99.01,1 tablespoon,13.7
Mayonnaise Reduced Fat With Olive Oil,Fats and Oils,361,0.37,0,40,1 tbsp,15
Salad Dressing Mayonnaise-Type Light,Fats and Oils,158,0.65,16.4,10,No data available,No data available
Shortening Household Lard And Vegetable Oil,Fats and Oils,900,0,0,100,1 tablespoon,12.8
Oil Sunflower Linoleic (Partially Hydrogenated),Fats and Oils,884,0,0,100,1 tbsp,13.6
Shortening Bread Soybean (Hydrogenated) And Cottonseed,Fats and Oils,884,0,0,100,1 tablespoon,12.8
Shortening Cake Mix Soybean (Hydrogenated) And Cottonseed (Hydrogenated),Fats and Oils,884,0,0,100,1 tbsp,12.8
Shortening Frying (Heavy Duty) Palm (Hydrogenated),Fats and Oils,884,0,0,100,1 tbsp,12.8
Shortening Household Soybean (Hydrogenated) And Palm,Fats and Oils,884,0,0,100,1 tbsp,12.8
Shortening Frying (Heavy Duty) Soybean (Hydrogenated) Linoleic (Less Than 1%),Fats and Oils,884,0,0,100,1 tbsp,12.8
Shortening Confectionery Fractionated Palm,Fats and Oils,884,0,0,100,1 tbsp,13.6
Oil Nutmeg Butter,Fats and Oils,884,0,0,100,1 tbsp,13.6
Canola Oil,Fats and Oils,884,0,0,100,1 tbsp,14
Mustard Oil,Fats and Oils,884,0,0,100,1 tbsp,14
Oil Sunflower High Oleic (70% And Over),Fats and Oils,884,0,0,100,1 tbsp,14
Margarine-Like Margarine-Butter Blend Soybean Oil And Butter,Fats and Oils,727,0.31,0.77,80.32,1 tbsp,14.1
Herring Oil,Fats and Oils,902,0,0,100,1 tbsp,13.6
Menhaden Oil,Fats and Oils,902,0,0,100,1 tbsp,13.6
Fish Oil Menhaden Fully Hydrogenated,Fats and Oils,902,0,0,100,1 tbsp,12.5
Salmon Oil,Fats and Oils,902,0,0,100,1 tbsp,13.6
Butter Light Stick Without Salt,Fats and Oils,499,3.3,0,55.1,1 tablespoon,14
Bacon Grease,Fats and Oils,897,0,0,99.5,1 tsp,4.3
Margarine Regular 80% Fat Composite Stick With Salt,Fats and Oils,717,0.16,0.7,80.71,1 tbsp,14
Margarine Regular 80% Fat Composite Tub With Salt,Fats and Oils,713,0.22,0.75,80.17,1 tbsp,14.2
Margarine-Like Vegetable Oil Spread 60% Fat Stick With Salt,Fats and Oils,537,0.12,0.69,60.39,1 tbsp,14.3
Margarine Regular 80% Fat Composite Tub Without Salt,Fats and Oils,713,0.22,0.75,80.17,1 tbsp,14.2
Margarine-Like Vegetable Oil Spread 60% Fat Stick/tub/bottle Without Salt,Fats and Oils,533,0.17,0.86,59.81,1 tbsp,14
Margarine-Like Vegetable Oil Spread Fat Free Liquid With Salt,Fats and Oils,43,1.5,2.5,3,1 tbsp,15
Margarine-Like Spread With Yogurt 70% Fat Stick With Salt,Fats and Oils,630,0.3,0.5,70,1 tablespoon,14
Margarine-Like Vegetable Oil Spread Fat-Free Tub,Fats and Oils,44,0.1,4.34,3.04,1 tbsp,14.6
Margarine-Like Vegetable Oil Spread 20% Fat With Salt,Fats and Oils,175,0,0.4,19.5,1 tbsp,15
Margarine-Like Vegetable Oil Spread 20% Fat Without Salt,Fats and Oils,175,0,0.4,19.5,1 tbsp,12.8
Salad Dressing Thousand Island Dressing Fat-Free,Fats and Oils,132,0.55,29.27,1.45,1 tbsp,16
Oil Industrial Mid-Oleic Sunflower,Fats and Oils,884,0,0,100,1 tablespoon,13.6
Oil Industrial Canola With Antifoaming Agent Principal Uses Salads Woks And Light Frying,Fats and Oils,884,0,0,100,1 tablespoon,13.6
Oil Industrial Canola For Salads Woks And Light Frying,Fats and Oils,884,0,0,100,1 tablespoon,13.6
Oil Industrial Canola (Partially Hydrogenated) Oil For Deep Fat Frying,Fats and Oils,884,0,0,100,1 tablespoon,13.6
Oil Industrial Soy (Partially Hydrogenated) Multiuse For Non-Dairy Butter Flavor,Fats and Oils,884,0,0,100,1 tbsp,13.6
Oil Industrial Soy ( Partially Hydrogenated) All Purpose,Fats and Oils,884,0,0,100,1 tbsp,13.6
Oil Industrial Soy (Partially Hydrogenated ) And Soy (Winterized) Pourable Clear Fry,Fats and Oils,884,0,0,100,1 tbsp,13.6
Oil Industrial Soy (Partially Hydrogenated)  And Cottonseed Principal Use As A Tortilla Shortening,Fats and Oils,884,0,0,100,1 tbsp,13.6
Oil Industrial Coconut Confection Fat Typical Basis For Ice Cream Coatings,Fats and Oils,884,0,0,100,1 tbsp,13.6
Oil Industrial Palm Kernel (Hydrogenated)  Used For Whipped Toppings Non-Dairy,Fats and Oils,884,0,0,100,1 tbsp,13.6
Oil Industrial Coconut (Hydrogenated) Used For Whipped Toppings And Coffee Whiteners,Fats and Oils,880,0,0,99.5,1 tbsp,13.6
Oil Industrial Palm And Palm Kernel Filling Fat (Non-Hydrogenated),Fats and Oils,880,0,0,99.5,1 tbsp,13.6
Margarine Industrial Soy And Partially Hydrogenated Soy Oil Use For Baking Sauces And Candy,Fats and Oils,714,0.18,0.71,80,1 tbsp,14
USDA Commodity Food Oil Vegetable Soybean Refined,Fats and Oils,884,0,0,100,1 tablespoon,13.6
Margarine-Like Spread Smart Balance Regular Buttery Spread With Flax Oil,Fats and Oils,583,0.14,0.14,64.63,1 tablespoon,14
Margarine-Like Spread Smart Balance Light Buttery Spread,Fats and Oils,337,0.02,1.98,36.41,1 tbsp,14
Salad Dressing Blue Or Roquefort Cheese Dressing Commercial Regular,Fats and Oils,484,1.37,4.77,51.1,1 tbsp,15
Oil Cupu Assu,Fats and Oils,884,0,0,100,1 tablespoon,13.6
Rendered Chicken Fat,Fats and Oils,900,0,0,99.8,1 tbsp,12.8
Oil Soybean Salad Or Cooking (Partially Hydrogenated) And Cottonseed,Fats and Oils,884,0,0,100,1 tablespoon,13.6
Shortening,Fats and Oils,900,0,0,100,1 tbsp,12.8
Shortening Frying (Heavy Duty) Beef Tallow And Cottonseed,Fats and Oils,900,0,0,100,1 tbsp,12.8
Shortening Confectionery Coconut (Hydrogenated) And Or Palm Kernel (Hydrogenated),Fats and Oils,884,0,0,100,1 tbsp,12.8
Shortening Industrial Soybean (Hydrogenated) And Cottonseed,Fats and Oils,884,0,0,100,1 tbsp,12.8
Oil Ucuhuba Butter,Fats and Oils,884,0,0,100,1 tbsp,13.6
Fat Turkey,Fats and Oils,900,0,0,99.8,1 tbsp,12.8
Fat Goose,Fats and Oils,900,0,0,99.8,1 tbsp,12.8
Avocado Oil,Fats and Oils,884,0,0,100,1 tbsp,14
Shortening Special Purpose For Cakes And Frostings Soybean (Hydrogenated),Fats and Oils,884,0,0,100,1 tbsp,12.8
Shortening Special Purpose For Baking Soybean (Hydrogenated) Palm And Cottonseed,Fats and Oils,884,0,0,100,1 tbsp,12.8
Oil Oat,Fats and Oils,884,0,0,100,1 tbsp,13.6
Cod Liver Oil,Fats and Oils,902,0,0,100,1 tsp,4.5
Sardine Oil,Fats and Oils,902,0,0,100,1 tbsp,13.6
Hydrogenated Soybean And Palm Oil,Fats and Oils,884,0,0,100,1 tbsp,12.8
Margarine-Like Vegetable Oil-Butter Spread Tub With Salt,Fats and Oils,362,1,1,40,1 tablespoon,14
Butter Light Stick With Salt,Fats and Oils,499,3.3,0,55.1,1 tablespoon,14
Margarine-Like Vegetable Oil Spread 60% Fat Tub With Salt,Fats and Oils,533,0.17,0.86,59.81,1 tbsp,14
Margarine-Like Vegetable Oil Spread 60% Fat Stick/tub/bottle With Salt,Fats and Oils,526,0.6,0,59.17,1 tbsp,14.3
Vegetable Shortening,Fats and Oils,884,0,0,99.97,1 tbsp,12.8
Margarine (Unsalted),Fats and Oils,717,0.16,0.7,80.71,1 tbsp,14.2
Margarine-Like Spread With Yogurt Approximately 40% Fat Tub With Salt,Fats and Oils,330,2,2,35,1 tablespoon,14
Margarine 80% Fat Stick Includes Regular And Hydrogenated Corn And Soybean Oils,Fats and Oils,717,0.16,0.7,80.71,1 tbsp,14
Margarine Margarine-Type Vegetable Oil Spread 70% Fat Soybean And Partially Hydrogenated Soybean Stick,Fats and Oils,628,0.26,1.53,70.22,1 tbsp (1 nlea serving),14
Margarine Spread Approximately 48% Fat Tub,Fats and Oils,401,0.27,0,44.46,1 tbsp,14
Salad Dressing Italian Dressing Fat-Free,Fats and Oils,47,0.97,8.75,0.87,1 tbsp,14
Salad Dressing Ranch Dressing Fat-Free,Fats and Oils,119,0.25,26.51,1.92,1 tablespoon,14
Salad Dressing Ranch Dressing Regular,Fats and Oils,430,1.32,5.9,44.54,1 tablespoon,15
Salad Dressing Ranch Dressing Reduced Fat,Fats and Oils,196,1.25,21.33,12.42,1 tablespoon,15
Salad Dressing Mayonnaise Light,Fats and Oils,238,0.37,9.23,22.22,1 tablespoon,15
Oil Industrial Coconut Principal Uses Candy Coatings Oil Sprays Roasting Nuts,Fats and Oils,884,0,0,100,1 tbsp,13.6
Oil Industrial Soy (Partially Hydrogenated) Principal Uses Popcorn And Flavoring Vegetables,Fats and Oils,884,0,0,100,1 tbsp,13.6
Shortening Industrial Soy (Partially Hydrogenated) Pourable Liquid Fry Shortening,Fats and Oils,884,0,0,100,1 tbsp,13.6
Oil Industrial Soy Refined For Woks And Light Frying,Fats and Oils,884,0,0,100,1 tbsp,13.6
Margarine-Like Shortening Industrial Soy (Partially Hydrogenated) Cottonseed And Soy Principal Use Flaky Pastries,Fats and Oils,628,0,0,71,1 tbsp,14
Oil Industrial Palm Kernel Confection Fat Uses Similar To High Quality Cocoa Butter,Fats and Oils,884,0,0,100,1 tbsp,13.6
Oil Industrial Palm Kernel (Hydrogenated) Confection Fat Uses Similar To 95 Degree Hard Butter,Fats and Oils,884,0,0,100,1 tbsp,13.6
Oil Industrial Palm Kernel (Hydrogenated) Confection Fat Intermediate Grade Product,Fats and Oils,884,0,0,100,1 tbsp,13.6
Oil Industrial Palm Kernel (Hydrogenated) Filling Fat,Fats and Oils,884,0,0,100,1 tbsp,13.6
Oil Industrial Soy (Partially Hydrogenated ) Palm Principal Uses Icings And Fillings,Fats and Oils,884,0,0,100,1 tbsp,13.6
Margarine Industrial Non-Dairy Cottonseed Soy Oil (Partially Hydrogenated ) For Flaky Pastries,Fats and Oils,714,1.9,0,80.2,1 tbsp,14
Shortening Industrial Soy (Partially Hydrogenated ) And Corn For Frying,Fats and Oils,884,0,0,100,1 tbsp,12.8
Shortening Industrial Soy (Partially Hydrogenated ) For Baking And Confections,Fats and Oils,884,0,0,100,1 tbsp,12.8
Margarine-Like Spread Smart Beat Super Light Without Saturated Fat,Fats and Oils,158,0,0,17.1,1 tablespoon,14
Margarine-Like Spread Smart Beat Smart Squeeze,Fats and Oils,47,0,7.1,2.1,1 tablespoon,14
Margarine-Like Spread Smart Balance Omega Plus Spread (With Plant Sterols & Fish Oil),Fats and Oils,605,0.13,0.16,70.95,1 tablespoon,14
Cream Ns As To Light Heavy Or Half And Half,Fats and Oils,123,3.13,4.73,10.39,1 cup,240
Cream Light,Fats and Oils,191,2.96,2.82,19.1,1 cup,240
Cream Half And Half,Fats and Oils,123,3.13,4.73,10.39,1 cup,240
Cream Half And Half Flavored,Fats and Oils,122,3.07,4.92,10.19,1 cup,240
Cream Heavy,Fats and Oils,340,2.84,2.74,36.08,1 cup,240
Cream Whipped,Fats and Oils,343,2.67,8.49,33.94,1 cup,120
Coffee Creamer Liquid Fat Free Flavored,Fats and Oils,150,0.6,31.82,2.62,1 cup,240
Cheese Cream Light Or Lite,Fats and Oils,201,7.85,8.13,15.28,1 cup,240
Cheese Spread Cream Cheese Light Or Lite,Fats and Oils,201,7.85,8.13,15.28,1 cup,240
Fat Back Cooked,Fats and Oils,750,2.68,0,81.93,"1 slice (2-1/4"" x 1-3/4"" x 1/4"")",26
Table Fat Nfs,Fats and Oils,643,0.58,0.38,72.59,1 cup,227
Butter Whipped Tub Salted,Fats and Oils,718,0.49,2.87,78.3,1 cup,151
Margarine-Like Spread Liquid Salted,Fats and Oils,527,0.6,0,59.17,1 cup,227
Margarine Like Spread Whipped Tub Salted,Fats and Oils,533,0.23,0.73,59.71,1 tablespoon,10
Vegetable Oil-Butter Spread Stick Salted,Fats and Oils,533,0.54,0.1,60.01,1 cup,227
Butter-Margarine Blend Stick Salted,Fats and Oils,717,0.5,0.38,80.91,1 cup,227
Oil Or Table Fat Nfs,Fats and Oils,764,0.29,0.19,86.3,1 cup,224
Animal Fat Or Drippings,Fats and Oils,841,2.23,0,92.18,1 cup,205
Tartar Sauce Reduced Fat/calorie,Fats and Oils,86,0.39,15.31,3.01,1 cup,224
Honey Butter,Fats and Oils,470,0.52,49.38,32.53,1 cup,288
Vegetable Oil Nfs,Fats and Oils,886,0,0,100,1 cup,218
Salad Dressing NFS For Sandwiches,Fats and Oils,594,0.9,3.41,64.2,1 cup,237
Coleslaw Dressing,Fats and Oils,390,0.9,23.8,33.4,1 cup,250
French Or Catalina Dressing,Fats and Oils,457,0.77,15.58,44.81,1 cup,250
Yogurt Dressing,Fats and Oils,220,3.45,11.75,18.27,1 cup,246
Korean Dressing Or Marinade,Fats and Oils,338,3.21,12.95,30.74,1 cup,246
