Mollusks Snail Raw,Fish,90,16.1,2,1.4,3 oz,85
Turtle Green Raw,Fish,89,19.8,0,0.5,3 oz,85
Jellyfish Dried Salted,Fish,36,5.5,0,1.4,1 cup,58
Frog Legs Raw,Fish,73,16.4,0,0.3,1 leg,45
Fish Mackerel Salted,Fish,305,18.5,0,25.1,1 piece (5-1/2 inch x 1-1/2 inch x 1/2 inch),80
Striped Bass (Raw),Fish,97,17.73,0,2.33,3 oz,85
Fish Bluefish Raw,Fish,124,20.04,0,4.24,1 fillet,150
Fish Burbot Raw,Fish,90,19.31,0,0.81,1 fillet,116
Fish Butterfish Raw,Fish,146,17.28,0,8.02,1 fillet,32
Fish Carp Raw,Fish,127,17.83,0,5.6,3 oz,85
Fish Cisco Raw,Fish,98,18.99,0,1.91,1 fillet,79
Fish Cisco Smoked,Fish,177,16.36,0,11.9,1 oz,28.4
Fish Cod Atlantic Raw,Fish,82,17.81,0,0.67,3 oz,85
Cooked Atlantic Cod,Fish,105,22.83,0,0.86,3 oz,85
Fish Croaker Atlantic Cooked Breaded And Fried,Fish,221,18.2,7.54,12.67,1 fillet,87
Fish Cusk Raw,Fish,87,18.99,0,0.69,1 fillet,122
Fish Mahimahi Raw,Fish,85,18.5,0,0.7,3 oz,85
Fish Drum Freshwater Raw,Fish,119,17.54,0,4.93,3 oz,85
Fish Gefiltefish Commercial Sweet Recipe,Fish,84,9.07,7.41,1.73,1 piece,42
Fish Grouper Mixed Species Raw,Fish,92,19.38,0,1.02,3 oz,85
Cooked Grouper,Fish,118,24.84,0,1.3,3 oz,85
Fish Haddock Raw,Fish,74,16.32,0,0.45,3 oz,85
Fish Halibut Greenland Raw,Fish,186,14.37,0,13.84,3 oz,85
Canned Blue Crab,Fish,83,17.88,0,0.74,1 cup,135
Blue Crab Cakes,Fish,155,20.21,0.48,7.52,1 cake,60
Dungeness Crab (Raw),Fish,86,17.41,0.74,0.97,3 oz,85
Queen Crab (Raw),Fish,90,18.5,0,1.18,3 oz,85
Crustaceans Shrimp Mixed Species Cooked Breaded And Fried,Fish,242,21.39,11.47,12.28,3 oz,85
Cooked Shrimp,Fish,119,22.78,1.52,1.7,3 oz,85
Canned Shrimp,Fish,100,20.42,0,1.36,1 cup,128
Crustaceans Shrimp Mixed Species Imitation Made From Surimi,Fish,101,12.39,9.13,1.47,3 oz,85
Mollusks Clam Mixed Species Cooked Breaded And Fried,Fish,202,14.24,10.33,11.15,3 oz,85
Cooked Clams,Fish,148,25.55,5.13,1.95,3 oz,85
Canned Clams,Fish,142,24.25,5.9,1.59,3 oz,85
Mollusks Clam Mixed Species Canned Liquid,Fish,2,0.4,0.1,0.02,3 oz,85
Mollusks Oyster Eastern Wild Raw,Fish,51,5.71,2.72,1.71,6 medium,84
Mollusks Oyster Eastern Cooked Breaded And Fried,Fish,199,8.77,11.62,12.58,3 oz,85
Cooked Wild Eastern Oysters,Fish,102,11.42,5.45,3.42,3 oz,85
Canned Eastern Oysters,Fish,68,7.06,3.91,2.47,3 oz,85
Fried Calamari,Fish,175,17.94,7.79,7.48,3 oz,85
Mollusks Whelk Unspecified Raw,Fish,137,23.84,7.76,0.4,3 oz,85
Whelk (Cooked),Fish,275,47.68,15.52,0.8,3 oz,85
Fish Salmon Chinook Smoked (Lox) Regular,Fish,117,18.28,0,4.32,1 oz,28.4
Fish Tuna Light Canned In Water Without Salt Drained Solids,Fish,116,25.51,0,0.82,3 oz,85
Fish Tuna White Canned In Oil Without Salt Drained Solids,Fish,186,26.53,0,8.08,3 oz,85
Fish Tuna White Canned In Water Without Salt Drained Solids,Fish,128,23.62,0,2.97,3 oz,85
Fish Bass Freshwater Mixed Species Cooked Dry Heat,Fish,146,24.18,0,4.73,1 fillet,62
Cooked Pacific Cod,Fish,85,18.73,0,0.5,1 fillet,90
Fish Cusk Cooked Dry Heat,Fish,112,24.35,0,0.88,1 fillet,95
Cooked Mahimahi,Fish,109,23.72,0,0.9,3 oz,85
Fish Drum Freshwater Cooked Dry Heat,Fish,153,22.49,0,6.32,3 oz,85
Fish Mackerel Pacific And Jack Mixed Species Cooked Dry Heat,Fish,201,25.73,0,10.12,1 oz/ boneless,28.4
Fish Milkfish Cooked Dry Heat,Fish,190,26.32,0,8.63,3 oz,85
Fish Monkfish Cooked Dry Heat,Fish,97,18.56,0,1.95,3 oz,85
Cooked Walleye Pike,Fish,119,24.54,0,1.56,1 fillet,124
Wild Atlantic Salmon (Cooked),Fish,182,25.44,0,8.13,3 oz,85
Fish Salmon Chinook Cooked Dry Heat,Fish,231,25.72,0,13.38,3 oz,85
Fish Salmon Chum Cooked Dry Heat,Fish,154,25.82,0,4.83,3 oz,85
Fish Salmon Pink Cooked Dry Heat,Fish,153,24.58,0,5.28,3 oz,85
Fish Sucker White Cooked Dry Heat,Fish,119,21.49,0,2.97,1 fillet,124
Fish Sunfish Pumpkin Seed Cooked Dry Heat,Fish,114,24.87,0,0.9,1 fillet,37
Fish Trout Mixed Species Cooked Dry Heat,Fish,190,26.63,0,8.47,1 fillet,62
Cooked Skipjack,Fish,132,28.21,0,1.29,3 oz,85
Cooked Yellowfin Tuna,Fish,130,29.15,0,0.59,3 oz,85
Cooked Dungeness Crab,Fish,110,22.32,0.95,1.24,3 oz,85
Queen Crab (Cooked),Fish,115,23.72,0,1.51,3 oz,85
Cooked Spiny Lobster,Fish,143,26.41,3.12,1.94,3 oz,85
Cooked Cuttlefish,Fish,158,32.48,1.64,1.4,3 oz,85
Kippered Herring,Fish,217,24.58,0,12.37,1 oz/ boneless,28.4
Fish Herring Pacific Raw,Fish,195,16.39,0,13.88,3 oz,85
Fish Ling Raw,Fish,87,18.99,0,0.64,3 oz,85
Fish Lingcod Raw,Fish,85,17.66,0,1.06,3 oz,85
Fish Mackerel Pacific And Jack Mixed Species Raw,Fish,158,20.07,0,7.89,3 oz,85
Fish Mackerel Spanish Raw,Fish,139,19.29,0,6.3,3 oz,85
Fish Mackerel Spanish Cooked Dry Heat,Fish,158,23.59,0,6.32,1 fillet,146
Fish Milkfish Raw,Fish,148,20.53,0,6.73,3 oz,85
Fish Monkfish Raw,Fish,76,14.48,0,1.52,3 oz,85
Fish Pout Ocean Raw,Fish,79,16.64,0,0.91,3 oz,85
Fish Perch Mixed Species Raw,Fish,91,19.39,0,0.92,1 fillet,60
Fish Perch Mixed Species Cooked Dry Heat,Fish,117,24.86,0,1.18,1 fillet,46
Fish Pike Northern Raw,Fish,88,19.26,0,0.69,3 oz,85
Cooked Alaska Pollock,Fish,111,23.48,0,1.18,1 fillet,60
Fish Pompano Florida Raw,Fish,164,18.48,0,9.47,1 oz/ boneless,28.4
Cooked Pompano,Fish,211,23.69,0,12.14,1 fillet,88
Fish Rockfish Pacific Mixed Species Raw,Fish,90,18.36,0,1.34,3 oz,85
Fish Sablefish Smoked,Fish,257,17.65,0,20.14,1 oz,28.4
Wild Atlantic Salmon (Raw),Fish,142,19.84,0,6.34,3 oz,85
Smoked Salmon,Fish,117,18.28,0,4.32,1 oz/ boneless,28.4
Fish Salmon Chinook Raw,Fish,179,19.93,0,10.43,3 oz,85
Fish Salmon Chum Raw,Fish,120,20.14,0,3.77,3 oz,85
Fish Salmon Pink Canned Total Can Contents,Fish,129,19.68,0,4.97,3 oz,85
Fish Salmon Sockeye Raw,Fish,131,22.25,0,4.69,1 oz/ boneless,28.4
Cooked Sockeye Salmon,Fish,156,26.48,0,5.57,3 oz,85
Canned Salmon,Fish,167,23.59,0,7.39,3 oz,85
Cooked Sea Bass,Fish,124,23.63,0,2.56,1 fillet,101
Fish Seatrout Mixed Species Raw,Fish,104,16.74,0,3.61,3 oz,85
Fish Shad American Raw,Fish,197,16.93,0,13.77,3 oz,85
Fish Shark Mixed Species Raw,Fish,130,20.98,0,4.51,3 oz,85
Fish Snapper Mixed Species Raw,Fish,100,20.51,0,1.34,3 oz,85
Cooked Snapper,Fish,128,26.3,0,1.72,3 oz,85
Fish Spot Raw,Fish,123,18.51,0,4.9,1 fillet,64
Fish Sturgeon Mixed Species Raw,Fish,105,16.14,0,4.04,3 oz,85
Fish Surimi,Fish,99,15.18,6.85,0.9,1 oz,28.4
Fish Swordfish Raw,Fish,144,19.66,0,6.65,3 oz,85
Cooked Swordfish,Fish,172,23.45,0,7.93,3 oz,85
Fish Tilefish Raw,Fish,96,17.5,0,2.31,3 oz,85
Bluefin Tuna (Raw),Fish,144,23.33,0,4.9,3 oz,85
Bluefin Tuna (Cooked),Fish,184,29.91,0,6.28,3 oz,85
Fish Tuna Light Canned In Oil Drained Solids,Fish,198,29.13,0,8.21,1 cup/ solid or chunks,146
Fish Tuna Light Canned In Water Drained Solids,Fish,86,19.44,0,0.96,1 oz,28.4
Fish Turbot European Raw,Fish,95,16.05,0,2.95,3 oz,85
Whitefish (Raw),Fish,134,19.09,0,5.86,3 oz,85
Smoked Whitefish,Fish,108,23.4,0,0.93,1 cup/ cooked,136
Raw Whiting,Fish,90,18.31,0,1.31,1 fillet,92
Cooked Catfish,Fish,105,18.47,0,2.85,1 fillet,143
Raw Coho Salmon,Fish,160,21.27,0,7.67,3 oz,85
Cooked Coho Salmon (Farmed),Fish,178,24.3,0,8.23,1 fillet,143
Rainbow Trout (Raw),Fish,141,19.94,0,6.18,1 fillet,79
Cooked Rainbow Trout,Fish,168,23.8,0,7.38,1 fillet,71
Cooked Coho Salmon (Wild),Fish,139,23.45,0,4.3,3 oz,85
Baked Conch,Fish,130,26.3,1.7,1.2,1 cup/ sliced,127
USDA Commodity Salmon Nuggets Breaded Frozen Heated,Fish,212,12.69,13.96,11.72,1 oz,28.4
USDA Commodity Salmon Nuggets Cooked As Purchased Unheated,Fish,189,11.97,11.85,10.43,1 oz,28.4
Canned Sockeye Salmon,Fish,158,26.33,0,5.87,3 oz,85
Canned Pink Salmon,Fish,136,24.62,0,4.21,3 oz,85
Fish Pollock Alaska Raw (Not Previously Frozen),Fish,76,17.17,0,0.82,3 oz,85
Fish Pollock Alaska Cooked (Not Previously Frozen),Fish,86.616,19.42,0,0.995,3 oz,85
Anchovies (Raw),Fish,131,20.35,0,4.84,3 oz,85
Canned Anchovies,Fish,210,28.89,0,9.71,1 oz/ boneless,28.4
Fresh Water Bass (Raw),Fish,114,18.86,0,3.69,1 fillet,79
Fish Carp Cooked Dry Heat,Fish,162,22.86,0,7.17,3 oz,85
Fish Catfish Channel Wild Raw,Fish,95,16.38,0,2.82,3 oz,85
Fish Catfish Channel Cooked Breaded And Fried,Fish,229,18.09,8.04,13.33,1 fillet,87
Fish Caviar Black And Red Granular,Fish,264,24.6,4,17.9,1 tbsp,16
Canned Atlantic Cod,Fish,105,22.76,0,0.86,3 oz,85
Dried Salted Atlantic Cod,Fish,290,62.82,0,2.37,1 oz,28.4
Fish Cod Pacific Raw (May Have Been Previously Frozen),Fish,69,15.27,0,0.41,1 fillet,116
Fish Croaker Atlantic Raw,Fish,104,17.78,0,3.17,1 fillet,79
Fish Eel Mixed Species Raw,Fish,184,18.44,0,11.66,3 oz,85
Cooked Eel,Fish,236,23.65,0,14.95,1 oz/ boneless,28.4
Fish Fish Sticks Frozen Prepared,Fish,277,11.01,21.66,16.23,1 piece (4 inch x 2 inch x 1/2 inch),57
Fish Flatfish (Flounder And Sole Species) Raw,Fish,70,12.41,0,1.93,1 oz/ boneless,28.4
Flat Fish (Flounder Or Sole),Fish,86,15.24,0,2.37,1 fillet,127
Cooked Haddock,Fish,90,19.99,0,0.55,1 fillet,150
Smoked Haddock,Fish,116,25.23,0,0.96,1 oz/ boneless,28.4
Fish Halibut Atlantic And Pacific Raw,Fish,91,18.56,0,1.33,3 oz,85
Cooked Halibut,Fish,111,22.54,0,1.61,3 oz,85
Alaskan King Crab,Fish,97,19.35,0,1.54,1 leg,134
Imitation Crab Meat,Fish,95,7.62,15,0.46,3 oz,85
Crustaceans Crab Blue Raw,Fish,87,18.06,0.04,1.08,3 oz,85
Blue Crab,Fish,83,17.88,0,0.74,1 cup/ flaked and pieces,118
Crustaceans Crayfish Mixed Species Wild Raw,Fish,77,15.97,0,0.95,3 oz,85
Crayfish,Fish,82,16.77,0,1.2,3 oz,85
Crustaceans Lobster Northern Raw,Fish,77,16.52,0,0.75,1 lobster,150
Lobster (Cooked),Fish,89,19,0,0.86,1 cup,145
Crustaceans Shrimp Mixed Species Raw (May Have Been Previously Frozen),Fish,71,13.61,0.91,1.01,1 medium,6
Crustaceans Spiny Lobster Mixed Species Raw,Fish,112,20.6,2.43,1.51,3 oz,85
Mollusks Abalone Mixed Species Raw,Fish,105,17.1,6.01,0.76,3 oz,85
Abalone (Cooked),Fish,189,19.63,11.05,6.78,3 oz,85
Clams (Raw),Fish,86,14.67,3.57,0.96,3 oz,85
Mollusks Cuttlefish Mixed Species Raw,Fish,79,16.24,0.82,0.7,3 oz,85
Mollusks Mussel Blue Raw,Fish,86,11.9,3.69,2.24,1 cup,150
Cooked Blue Mussels,Fish,172,23.8,7.39,4.48,3 oz,85
Mollusks Octopus Common Raw,Fish,82,14.91,2.2,1.04,3 oz,85
Raw Pacific Oysters,Fish,81,9.45,4.95,2.3,1 medium,50
Raw Scallops,Fish,69,12.06,3.18,0.49,1 unit 2 large or 5 small,30
Mollusks Scallop Mixed Species Cooked Breaded And Fried,Fish,216,18.07,10.13,10.94,2 large,31
Mollusks Scallop Mixed Species Imitation Made From Surimi,Fish,99,12.77,10.62,0.41,3 oz,85
Squid (Raw),Fish,92,15.58,3.08,1.38,1 oz/ boneless,28.4
Fish Salmon Chum Canned Without Salt Drained Solids With Bone,Fish,141,21.43,0,5.5,3 oz,85
Fish Salmon Pink Canned Without Salt Solids With Bone And Liquid,Fish,139,19.78,0,6.05,3 oz,85
Canned Sockeye Salmon (With Bones),Fish,153,20.47,0,7.31,3 oz,85
Fish Tuna Light Canned In Oil Without Salt Drained Solids,Fish,198,29.13,0,8.21,3 oz,85
Cooked Striped Bass,Fish,124,22.73,0,2.99,1 fillet,124
Fish Bluefish Cooked Dry Heat,Fish,159,25.69,0,5.44,1 fillet,117
Fish Burbot Cooked Dry Heat,Fish,115,24.76,0,1.04,1 fillet,90
Fish Butterfish Cooked Dry Heat,Fish,187,22.15,0,10.28,1 fillet,25
Fish Halibut Greenland Cooked Dry Heat,Fish,239,18.42,0,17.74,3 oz,85
Cooked Pacific Herring,Fish,250,21.01,0,17.79,1 fillet,144
Fish Ling Cooked Dry Heat,Fish,111,24.35,0,0.82,3 oz,85
Cooked Lingcod,Fish,109,22.64,0,1.36,3 oz,85
Cooked King Mackerel,Fish,134,26,0,2.56,3 oz,85
Cooked Pollock,Fish,118,24.92,0,1.26,3 oz,85
Fish Pout Ocean Cooked Dry Heat,Fish,102,21.33,0,1.17,1/2 fillet,137
Fish Roe (Cooked),Fish,204,28.62,1.92,8.23,1 oz,28.4
Cooked Sablefish,Fish,250,17.19,0,19.62,3 oz,85
Fish Scup Cooked Dry Heat,Fish,135,24.21,0,3.5,1 fillet,50
Fish Seatrout Mixed Species Cooked Dry Heat,Fish,133,21.46,0,4.63,3 oz,85
Fish Shad American Cooked Dry Heat,Fish,252,21.71,0,17.65,1 fillet,144
Fish Spot Cooked Dry Heat,Fish,158,23.73,0,6.28,1 fillet,50
Cooked Turbot,Fish,122,20.58,0,3.78,3 oz,85
Cooked Whitefish,Fish,172,24.47,0,7.51,3 oz,85
Fish Wolffish Atlantic Cooked Dry Heat,Fish,123,22.44,0,3.06,1/2 fillet,119
Cooked Yellowtail,Fish,187,29.67,0,6.72,1/2 fillet,146
Octopus (Cooked),Fish,164,29.82,4.4,2.08,3 oz,85
Cooked Pacific Oysters,Fish,163,18.9,9.9,4.6,1 medium,25
Cooked Orange Roughy,Fish,105,22.64,0,0.9,3 oz,85
Fish Herring Atlantic Raw,Fish,158,17.96,0,9.04,1 oz/ boneless,28.4
Atlantic Herring,Fish,203,23.03,0,11.59,1 fillet,143
Pickled Herring,Fish,262,14.19,9.64,18,1 cup,140
Atlantic Mackerel (Raw),Fish,205,18.6,0,13.89,1 fillet,112
Atlantic Mackerel (Cooked),Fish,262,23.85,0,17.81,1 fillet,88
Fish Mackerel Jack Canned Drained Solids,Fish,156,23.19,0,6.3,1 oz/ boneless,28.4
Fish Mackerel King Raw,Fish,105,20.28,0,2,3 oz,85
Fish Mullet Striped Raw,Fish,117,19.35,0,3.79,1 oz,28.4
Fish Mullet Striped Cooked Dry Heat,Fish,150,24.81,0,4.86,1 fillet,93
Fish Ocean Perch Atlantic Raw,Fish,79,15.31,0,1.54,1 oz/ boneless,28.4
Cooked Atlantic Perch,Fish,96,18.51,0,1.87,1 fillet,50
Cooked Northern Pike,Fish,113,24.69,0,0.88,3 oz,85
Fish Pike Walleye Raw,Fish,93,19.14,0,1.22,3 oz,85
Fish Pollock Atlantic Raw,Fish,92,19.44,0,0.98,3 oz,85
Fish Pollock Alaska Raw (May Have Been Previously Frozen),Fish,56,12.19,0,0.41,1 fillet,77
Fish Rockfish Pacific Mixed Species Cooked Dry Heat,Fish,109,22.23,0,1.62,1 fillet,149
Fish Roe,Fish,143,22.32,1.5,6.42,1 tbsp,14
Fish Roughy Orange Raw,Fish,76,16.41,0,0.7,3 oz,85
Fish Sablefish Raw,Fish,195,13.41,0,15.3,3 oz,85
Fish Salmon Chum Canned Drained Solids With Bone,Fish,141,21.43,0,5.5,3 oz,85
Fish Salmon Coho Wild Raw,Fish,146,21.62,0,5.93,3 oz,85
Cooked Coho Salmon (Wild Moist Heat),Fish,184,27.36,0,7.5,3 oz,85
Pink Salmon (Raw),Fish,127,20.5,0,4.4,3 oz,85
Canned Sardines,Fish,208,24.62,0,11.45,1 cup/ drained,149
Fish Sardine Pacific Canned In Tomato Sauce Drained Solids With Bone,Fish,185,20.86,0.54,10.45,1 cup,89
Fish Scup Raw,Fish,105,18.88,0,2.73,3 oz,85
Fish Sea Bass Mixed Species Raw,Fish,97,18.43,0,2,1 fillet,129
Fish Shark Mixed Species Cooked Batter-Dipped And Fried,Fish,228,18.62,6.39,13.82,3 oz,85
Fish Sheepshead Raw,Fish,108,20.21,0,2.41,3 oz,85
Fish Sheepshead Cooked Dry Heat,Fish,126,26.02,0,1.63,3 oz,85
Fish Smelt Rainbow Raw,Fish,97,17.63,0,2.42,3 oz,85
Cooked Smelt,Fish,124,22.6,0,3.1,3 oz,85
Cooked Sturgeon,Fish,135,20.7,0,5.18,3 oz,85
Smoked Sturgeon,Fish,173,31.2,0,4.4,1 oz,28.4
Fish Sucker White Raw,Fish,92,16.76,0,2.32,3 oz,85
Fish Sunfish Pumpkin Seed Raw,Fish,89,19.4,0,0.7,1 fillet,48
Cooked Tilefish,Fish,147,24.49,0,4.69,1/2 fillet,150
Fish Trout Mixed Species Raw,Fish,148,20.77,0,6.61,1 fillet,79
Fish Trout Rainbow Wild Raw,Fish,119,20.48,0,3.46,3 oz,85
Cooked Trout,Fish,150,22.92,0,5.82,1 fillet,143
Skipjack Tuna (Raw),Fish,103,22,0,1.01,3 oz,85
Canned White Tuna (Oil Packed),Fish,186,26.53,0,8.08,3 oz,85
Canned White Tuna (Water Packed),Fish,128,23.62,0,2.97,3 oz,85
Yellowfin Tuna (Raw),Fish,109,24.4,0,0.49,1 oz/ boneless,28.4
Fish Tuna Salad,Fish,187,16.04,9.41,9.26,3 oz,85
Cooked Whiting,Fish,116,23.48,0,1.69,1 fillet,72
Fish Wolffish Atlantic Raw,Fish,96,17.5,0,2.39,3 oz,85
Yellowtail (Raw),Fish,146,23.14,0,5.24,3 oz,85
Crustaceans Crab Alaska King Raw,Fish,84,18.29,0,0.6,3 oz,85
Fish Catfish Channel Farmed Raw,Fish,119,15.23,0,5.94,3 oz,85
Fish Catfish Channel Farmed Cooked Dry Heat,Fish,144,18.44,0,7.19,1 fillet,143
Farmed Atlantic Salmon (Raw),Fish,208,20.42,0,13.42,3 oz,85
Farmed Atlantic Salmon,Fish,206,22.1,0,12.35,3 oz,85
Crustaceans Crayfish Mixed Species Farmed Raw,Fish,72,14.85,0,0.97,3 oz,85
Cooked Crayfish,Fish,87,17.52,0,1.3,3 oz,85
Cooked Eastern Oysters (Wild),Fish,79,8.87,4.23,2.65,3 oz,85
Raw Eastern Oysters,Fish,59,5.22,5.53,1.55,3 oz,85
Cooked Eastern Oysters (Farmed),Fish,79,7,7.28,2.12,3 oz,85
Canned Sockeye Salmon (With Skin And Bones),Fish,153,20.63,0,7.17,3 oz,85
Canned Pink Salmon (With Skin And Bones),Fish,138,23.1,0,5.02,3 oz,85
Raw Tilapia,Fish,96,20.08,0,1.7,1 fillet,116
Cooked Tilapia,Fish,128,26.15,0,2.65,1 fillet,87
Cooked Cod,Fish,84,20.42,0,0.25,3 oz,85
Crustaceans Shrimp Raw (Not Previously Frozen),Fish,85,20.1,0,0.51,3 oz,85
Crustaceans Shrimp Cooked (Not Previously Frozen),Fish,99,23.98,0.2,0.28,3 oz,85
Fish Trout Brook Raw New York State,Fish,110,21.23,0,2.73,1 filet,149
Fish Ns As To Type Raw,Fish,109,18.12,0,3.57,1 oz/ boneless/ raw,28
Fish Ns As To Type Cooked Ns As To Cooking Method,Fish,166,22.16,0.1,8.04,1 small fillet,113
Fish Ns As To Type Baked Or Broiled Made With Oil,Fish,166,22.16,0.1,8.04,1 small fillet,113
Fish Ns As To Type Baked Or Broiled Made With Butter,Fish,160,22.17,0.1,7.46,1 small fillet,113
Fish Ns As To Type Baked Or Broiled Made With Margarine,Fish,153,22.14,0.13,6.67,1 small fillet,113
Fish Ns As To Type Baked Or Broiled Made Without Fat,Fish,137,22.82,0.1,4.5,1 small fillet,113
Fish Ns As To Type Baked Or Broiled Made With Cooking Spray,Fish,140,22.73,0.2,4.87,1 small fillet,113
Fish Ns As To Type Coated Baked Or Broiled Made With Oil,Fish,218,19.21,12.52,9.68,1 nugget,21
Fish Ns As To Type Coated Baked Or Broiled Made With Butter,Fish,210,19.22,12.5,8.79,1 nugget,21
Fish Ns As To Type Coated Baked Or Broiled Made With Margarine,Fish,199,19.18,12.55,7.58,1 nugget,21
Fish Ns As To Type Coated Baked Or Broiled Made Without Fat,Fish,176,20.09,13.1,4.26,1 nugget,21
Fish Ns As To Type Coated Baked Or Broiled Made With Cooking Spray,Fish,179,20.03,13.14,4.55,1 nugget,21
Fish Ns As To Type Coated Fried Made With Oil,Fish,237,18.46,9.85,13.37,1 small fillet,113
Fish Ns As To Type Coated Fried Made With Butter,Fish,222,18.53,9.86,11.73,1 small fillet,113
Fish Ns As To Type Coated Fried Made With Margarine,Fish,206,18.47,9.93,9.87,1 small fillet,113
Fish Ns As To Type Coated Fried Made Without Fat,Fish,188,21.72,11.6,5.49,1 small fillet,113
Fish Ns As To Type Coated Fried Made With Cooking Spray,Fish,191,21.66,11.64,5.78,1 small fillet,113
Fish Ns As To Type Steamed,Fish,160,25.78,0,5.53,1 small fillet,113
Barracuda Cooked Ns As To Cooking Method,Fish,226,24.56,0.1,13.33,1 small fillet,113
Barracuda Baked Or Broiled Fat Added In Cooking,Fish,226,24.56,0.1,13.33,1 small fillet,113
Barracuda Baked Or Broiled Fat Not Added In Cooking,Fish,199,25.28,0.1,9.94,1 small fillet,113
Barracuda Coated Baked Or Broiled Fat Added In Cooking,Fish,264,21.03,12.52,13.71,1 small fillet,113
Barracuda Coated Baked Or Broiled Fat Not Added In Cooking,Fish,224,22,13.1,8.47,1 small fillet,113
Barracuda Coated Fried,Fish,279,20.13,9.85,17.06,1 small fillet,113
Barracuda Steamed Or Poached,Fish,199,25.24,0,9.92,1 small fillet,113
Carp Cooked Ns As To Cooking Method,Fish,253,18.22,9.85,15.11,1 small fillet,170
Carp Baked Or Broiled Fat Added In Cooking,Fish,188,21.82,0.1,10.53,1 small fillet,170
Carp Baked Or Broiled Fat Not Added In Cooking,Fish,160,22.46,0.1,7.06,1 small fillet,170
Carp Coated Baked Or Broiled Fat Added In Cooking,Fish,235,18.94,12.52,11.57,1 small fillet,170
Carp Coated Baked Or Broiled Fat Not Added In Cooking,Fish,194,19.81,13.1,6.24,1 small fillet,170
Carp Coated Fried,Fish,253,18.22,9.85,15.11,1 small fillet,170
Carp Steamed Or Poached,Fish,160,22.42,0,7.04,1 small fillet,170
Carp Smoked,Fish,198,27.84,0,8.74,1 oz,28
Catfish Cooked Ns As To Cooking Method,Fish,246,16,9.86,15.4,1 small fillet,113
Catfish Baked Or Broiled Made With Oil,Fish,178,18.64,0.1,10.94,1 small fillet,113
Catfish Baked Or Broiled Made With Butter,Fish,173,18.65,0.1,10.36,1 small fillet,113
Catfish Baked Or Broiled Made With Margarine,Fish,166,18.61,0.13,9.56,1 small fillet,113
Catfish Baked Or Broiled Made Without Fat,Fish,150,19.18,0.1,7.48,1 small fillet,113
Catfish Baked Or Broiled Made With Cooking Spray,Fish,154,19.11,0.2,7.85,1 small fillet,113
Catfish Coated Baked Or Broiled Made With Oil,Fish,228,16.51,12.52,11.89,1 small fillet,113
Catfish Coated Baked Or Broiled Made With Butter,Fish,220,16.53,12.5,11,1 small fillet,113
Catfish Coated Baked Or Broiled Made With Margarine,Fish,209,16.49,12.55,9.78,1 small fillet,113
Catfish Coated Baked Or Broiled Made Without Fat,Fish,186,17.27,13.1,6.57,1 small fillet,113
Catfish Coated Baked Or Broiled Made With Cooking Spray,Fish,189,17.22,13.14,6.85,1 small fillet,113
Catfish Coated Fried Made With Oil,Fish,246,16,9.85,15.4,1 small fillet,113
Catfish Coated Fried Made With Butter,Fish,231,16.07,9.86,13.75,1 small fillet,113
Catfish Coated Fried Made With Margarine,Fish,215,16.01,9.93,11.9,1 small fillet,113
Catfish Coated Fried Made Without Fat,Fish,199,18.83,11.6,7.87,1 small fillet,113
Catfish Coated Fried Made With Cooking Spray,Fish,201,18.77,11.64,8.16,1 small fillet,113
Catfish Steamed Or Poached,Fish,150,19.15,0,7.47,1 small fillet,113
Cod Cooked Ns As To Cooking Method,Fish,117,18.68,0.1,4.18,1 small fillet,170
Cod Baked Or Broiled Made With Oil,Fish,117,18.68,0.1,4.18,1 small fillet,170
Cod Baked Or Broiled Made With Butter,Fish,112,18.7,0.1,3.6,1 small fillet,170
Cod Baked Or Broiled Made With Margarine,Fish,105,18.66,0.13,2.81,1 small fillet,170
Cod Baked Or Broiled Made Without Fat,Fish,87,19.24,0.1,0.52,1 small fillet,170
Cod Baked Or Broiled Made With Cooking Spray,Fish,91,19.16,0.2,0.91,1 small fillet,170
Cod Coated Baked Or Broiled Made With Oil,Fish,181,16.55,12.52,6.73,1 small fillet,170
Cod Coated Baked Or Broiled Made With Butter,Fish,173,16.57,12.5,5.84,1 small fillet,170
Cod Coated Baked Or Broiled Made With Margarine,Fish,162,16.52,12.55,4.63,1 small fillet,170
Cod Coated Baked Or Broiled Made Without Fat,Fish,137,17.31,13.1,1.17,1 small fillet,170
Cod Coated Baked Or Broiled Made With Cooking Spray,Fish,140,17.26,13.14,1.47,1 small fillet,170
Cod Coated Fried Made With Oil,Fish,203,16.03,9.85,10.68,1 small fillet,170
Cod Coated Fried Made With Butter,Fish,188,16.1,9.86,9.03,1 small fillet,170
Cod Coated Fried Made With Margarine,Fish,172,16.05,9.93,7.18,1 small fillet,170
Cod Coated Fried Made Without Fat,Fish,148,18.87,11.6,2.31,1 small fillet,170
Cod Coated Fried Made With Cooking Spray,Fish,151,18.81,11.64,2.62,1 small fillet,170
Cod Steamed Or Poached,Fish,87,19.2,0,0.52,1 small fillet,170
Cod Smoked,Fish,108,23.91,0,0.64,1 oz/ boneless,28
Croaker Cooked Ns As To Cooking Method,Fish,160,21.76,0.1,7.56,1 small fillet,113
Croaker Baked Or Broiled Fat Added In Cooking,Fish,160,21.76,0.1,7.56,1 small fillet,113
Croaker Baked Or Broiled Fat Not Added In Cooking,Fish,131,22.4,0.1,4,1 small fillet,113
Croaker Coated Baked Or Broiled Fat Added In Cooking,Fish,214,18.89,12.52,9.3,1 small fillet,113
Croaker Coated Baked Or Broiled Fat Not Added In Cooking,Fish,172,19.76,13.1,3.86,1 small fillet,113
Croaker Coated Fried,Fish,233,18.17,9.85,13.03,1 small fillet,113
Croaker Steamed Or Poached,Fish,131,22.36,0,3.99,1 small fillet,113
Eel Cooked Ns As To Cooking Method,Fish,298,18.67,9.34,20.09,1 oz/ boneless/ cooked,28
Eel Steamed Or Poached,Fish,231,23.19,0,14.66,1 oz/ boneless/ raw (yield after cooking),23
Eel Smoked,Fish,287,28.73,0,18.17,1 oz/ boneless,28
Flounder Cooked Ns As To Cooking Method,Fish,204,13.59,9.86,11.98,1 small fillet,113
Flounder Baked Or Broiled Made With Oil,Fish,118,15.19,0.1,6.04,1 small fillet,113
Flounder Baked Or Broiled Made With Butter,Fish,113,15.2,0.1,5.46,1 small fillet,113
Flounder Baked Or Broiled Made With Margarine,Fish,106,15.17,0.13,4.67,1 small fillet,113
Flounder Baked Or Broiled Made Without Fat,Fish,88,15.63,0.1,2.43,1 small fillet,113
Flounder Baked Or Broiled Made With Cooking Spray,Fish,92,15.57,0.2,2.82,1 small fillet,113
Flounder Coated Baked Or Broiled Made With Oil,Fish,182,13.88,12.52,8.15,1 small fillet,113
Flounder Coated Baked Or Broiled Made With Butter,Fish,174,13.9,12.5,7.26,1 small fillet,113
Flounder Coated Baked Or Broiled Made With Margarine,Fish,163,13.86,12.55,6.05,1 small fillet,113
Flounder Coated Baked Or Broiled Made Without Fat,Fish,138,14.52,13.1,2.65,1 small fillet,113
Flounder Coated Baked Or Broiled Made With Cooking Spray,Fish,141,14.47,13.14,2.95,1 small fillet,113
Flounder Coated Fried Made With Oil,Fish,204,13.59,9.85,11.98,1 small fillet,113
Flounder Coated Fried Made With Butter,Fish,189,13.66,9.86,10.33,1 small fillet,113
Flounder Coated Fried Made With Margarine,Fish,173,13.6,9.93,8.47,1 small fillet,113
Flounder Coated Fried Made Without Fat,Fish,149,15.99,11.6,3.84,1 small fillet,113
Flounder Coated Fried Made With Cooking Spray,Fish,152,15.94,11.64,4.14,1 small fillet,113
Flounder Steamed Or Poached,Fish,88,15.61,0,2.43,1 small fillet,113
Flounder Smoked,Fish,169,29.98,0,4.66,1 oz/ boneless,28
Haddock Cooked Ns As To Cooking Method,Fish,123,19.97,0.1,4.23,1 small fillet,170
Haddock Baked Or Broiled Fat Added In Cooking,Fish,123,19.97,0.1,4.23,1 small fillet,170
Haddock Baked Or Broiled Fat Not Added In Cooking,Fish,94,20.56,0.1,0.57,1 small fillet,170
Haddock Coated Baked Or Broiled Fat Added In Cooking,Fish,186,17.53,12.52,6.76,1 small fillet,170
Haddock Coated Baked Or Broiled Fat Not Added In Cooking,Fish,142,18.33,13.1,1.21,1 small fillet,170
Haddock Coated Fried,Fish,207,16.93,9.85,10.71,1 small fillet,170
Haddock Steamed Or Poached,Fish,93,20.52,0,0.57,1 small fillet,170
Halibut Cooked Ns As To Cooking Method,Fish,144,22.71,0.1,5.3,1 small fillet,170
Halibut Baked Or Broiled Made With Oil,Fish,144,22.71,0.1,5.3,1 small fillet,170
Halibut Baked Or Broiled Made With Butter,Fish,139,22.72,0.1,4.73,1 small fillet,170
Halibut Baked Or Broiled Made With Margarine,Fish,132,22.68,0.13,3.93,1 small fillet,170
Halibut Baked Or Broiled Made Without Fat,Fish,115,23.38,0.1,1.68,1 small fillet,170
Halibut Baked Or Broiled Made With Cooking Spray,Fish,118,23.29,0.2,2.06,1 small fillet,170
Halibut Coated Baked Or Broiled Made With Oil,Fish,202,19.62,12.52,7.59,1 small fillet,170
Halibut Coated Baked Or Broiled Made With Butter,Fish,194,19.64,12.5,6.7,1 small fillet,170
Halibut Coated Baked Or Broiled Made With Margarine,Fish,183,19.59,12.55,5.49,1 small fillet,170
Halibut Coated Baked Or Broiled Made Without Fat,Fish,159,20.52,13.1,2.07,1 small fillet,170
Halibut Coated Baked Or Broiled Made With Cooking Spray,Fish,162,20.46,13.14,2.37,1 small fillet,170
Halibut Coated Fried Made With Oil,Fish,222,18.84,9.85,11.46,1 small fillet,170
Halibut Coated Fried Made With Butter,Fish,207,18.91,9.86,9.82,1 small fillet,170
Halibut Coated Fried Made With Margarine,Fish,191,18.85,9.93,7.96,1 small fillet,170
Halibut Coated Fried Made Without Fat,Fish,170,22.17,11.6,3.24,1 small fillet,170
Halibut Coated Fried Made With Cooking Spray,Fish,173,22.1,11.64,3.54,1 small fillet,170
Halibut Steamed Or Poached,Fish,114,23.34,0,1.67,1 small fillet,170
Halibut Smoked,Fish,219,44.61,0,3.2,1 oz/ boneless,28
Herring Cooked Ns As To Cooking Method,Fish,226,21.98,0.1,14.74,1 oz/ boneless/ raw (yield after cooking),23
Herring Baked Or Broiled Fat Added In Cooking,Fish,226,21.98,0.1,14.74,1 oz/ boneless/ raw (yield after cooking),23
Herring Baked Or Broiled Fat Not Added In Cooking,Fish,199,22.62,0.1,11.39,1 oz/ boneless/ raw (yield after cooking),23
Herring Coated Baked Or Broiled Fat Added In Cooking,Fish,264,19.06,12.52,14.79,1 oz/ boneless/ raw (yield after cooking),27
Herring Coated Baked Or Broiled Fat Not Added In Cooking,Fish,224,19.93,13.1,9.6,1 oz/ boneless/ raw (yield after cooking),27
Herring Coated Fried,Fish,279,18.33,9.85,18.04,1 oz/ boneless/ raw (yield after cooking),27
Herring Pickled In Cream Sauce,Fish,249,11.81,8.63,18.27,1 oz/ boneless,28
Herring Dried Salted,Fish,490,55.71,0,28.04,1 oz/ boneless,28
Mackerel Raw,Fish,189,19.08,0,11.91,1 oz/ boneless/ raw,28
Mackerel Cooked Ns As To Cooking Method,Fish,264,23.36,0.1,18.22,1 small fillet,170
Mackerel Baked Or Broiled Fat Added In Cooking,Fish,264,23.36,0.1,18.22,1 small fillet,170
Mackerel Baked Or Broiled Fat Not Added In Cooking,Fish,239,24.05,0.1,14.98,1 small fillet,170
Mackerel Coated Baked Or Broiled Fat Added In Cooking,Fish,293,20.12,12.52,17.45,1 small fillet,170
Mackerel Coated Baked Or Broiled Fat Not Added In Cooking,Fish,255,21.04,13.09,12.38,1 small fillet,170
Mackerel Coated Fried,Fish,306,19.29,9.85,20.47,1 small fillet,170
Mackerel Pickled,Fish,217,11.11,4.03,17.05,1 oz/ boneless,28
Mackerel Smoked,Fish,200,25.54,0,10.04,1 oz/ boneless,28
Mullet Cooked Ns As To Cooking Method,Fish,244,19.51,9.86,13.56,1 small fillet,113
Mullet Baked Or Broiled Fat Added In Cooking,Fish,176,23.68,0.1,8.31,1 small fillet,113
Mullet Baked Or Broiled Fat Not Added In Cooking,Fish,148,24.37,0.1,4.78,1 small fillet,113
Mullet Coated Baked Or Broiled Fat Added In Cooking,Fish,226,20.36,12.52,9.88,1 small fillet,113
Mullet Coated Baked Or Broiled Fat Not Added In Cooking,Fish,184,21.29,13.1,4.47,1 small fillet,113
Mullet Coated Fried,Fish,244,19.51,9.85,13.56,1 small fillet,113
Mullet Steamed Or Poached,Fish,147,24.33,0,4.77,1 small fillet,113
Ocean Perch Cooked Ns As To Cooking Method,Fish,129,18.73,0.1,5.56,1 small fillet,113
Ocean Perch Baked Or Broiled Fat Added In Cooking,Fish,129,18.73,0.1,5.56,1 small fillet,113
Ocean Perch Baked Or Broiled Fat Not Added In Cooking,Fish,100,19.29,0.1,1.94,1 small fillet,113
Ocean Perch Coated Baked Or Broiled Fat Added In Cooking,Fish,190,16.59,12.52,7.78,1 small fillet,113
Ocean Perch Coated Baked Or Broiled Fat Not Added In Cooking,Fish,147,17.35,13.1,2.27,1 small fillet,113
Ocean Perch Coated Fried,Fish,212,16.07,9.85,11.64,1 small fillet,113
Ocean Perch Steamed Or Poached,Fish,99,19.25,0,1.94,1 small fillet,113
Perch Cooked Ns As To Cooking Method,Fish,222,19.55,9.86,11.11,1 small fillet,113
Perch Baked Or Broiled Made With Oil,Fish,144,23.72,0.1,4.8,1 small fillet,113
Perch Baked Or Broiled Made With Butter,Fish,139,23.73,0.1,4.23,1 small fillet,113
Perch Baked Or Broiled Made With Margarine,Fish,132,23.7,0.13,3.43,1 small fillet,113
Perch Baked Or Broiled Made Without Fat,Fish,115,24.42,0.1,1.16,1 small fillet,113
Perch Baked Or Broiled Made With Cooking Spray,Fish,118,24.33,0.2,1.55,1 small fillet,113
Perch Coated Baked Or Broiled Made With Oil,Fish,202,20.4,12.52,7.2,1 small fillet,113
Perch Coated Baked Or Broiled Made With Butter,Fish,194,20.41,12.5,6.32,1 small fillet,113
Perch Coated Baked Or Broiled Made With Margarine,Fish,183,20.36,12.55,5.11,1 small fillet,113
Perch Coated Baked Or Broiled Made Without Fat,Fish,159,21.33,13.1,1.67,1 small fillet,113
Perch Coated Baked Or Broiled Made With Cooking Spray,Fish,162,21.27,13.14,1.97,1 small fillet,113
Perch Coated Fried Made With Oil,Fish,222,19.55,9.85,11.11,1 small fillet,113
Perch Coated Fried Made With Butter,Fish,207,19.62,9.86,9.47,1 small fillet,113
Perch Coated Fried Made With Margarine,Fish,191,19.56,9.93,7.61,1 small fillet,113
Perch Coated Fried Made Without Fat,Fish,170,23,11.6,2.82,1 small fillet,113
Perch Coated Fried Made With Cooking Spray,Fish,173,22.94,11.64,3.13,1 small fillet,113
Perch Steamed Or Poached,Fish,114,24.38,0,1.16,1 small fillet,113
Pike Cooked Ns As To Cooking Method,Fish,236,19.15,13.87,11.13,1 small fillet,170
Pike Baked Or Broiled Fat Added In Cooking,Fish,140,23.56,0.1,4.52,1 small fillet,170
Pike Baked Or Broiled Fat Not Added In Cooking,Fish,111,24.26,0.1,0.87,1 small fillet,170
Pike Coated Baked Or Broiled Fat Added In Cooking,Fish,199,20.28,12.52,6.99,1 small fillet,170
Pike Coated Baked Or Broiled Fat Not Added In Cooking,Fish,156,21.2,13.1,1.44,1 small fillet,170
Pike Coated Fried,Fish,219,19.44,9.85,10.92,1 small fillet,170
Pike Steamed Or Poached,Fish,111,24.22,0,0.87,1 small fillet,170
Pompano Cooked Ns As To Cooking Method,Fish,233,22.61,0.1,15.26,1 small fillet,113
Pompano Baked Or Broiled Fat Added In Cooking,Fish,233,22.61,0.1,15.26,1 small fillet,113
Pompano Baked Or Broiled Fat Not Added In Cooking,Fish,207,23.28,0.1,11.93,1 small fillet,113
Pompano Coated Baked Or Broiled Fat Added In Cooking,Fish,270,19.55,12.52,15.19,1 small fillet,113
Pompano Coated Baked Or Broiled Fat Not Added In Cooking,Fish,230,20.44,13.1,10.02,1 small fillet,113
Pompano Coated Fried,Fish,284,18.77,9.85,18.41,1 small fillet,113
Pompano Steamed Or Poached,Fish,206,23.24,0,11.91,1 small fillet,113
Pompano Smoked,Fish,192,21.58,0,11.06,1 oz/ boneless,28
Porgy Cooked Ns As To Cooking Method,Fish,161,23.1,0.1,7.02,1 small fillet,113
Porgy Baked Or Broiled Fat Added In Cooking,Fish,161,23.1,0.1,7.02,1 small fillet,113
Porgy Baked Or Broiled Fat Not Added In Cooking,Fish,133,23.78,0.1,3.44,1 small fillet,113
Porgy Coated Baked Or Broiled Fat Added In Cooking,Fish,215,19.92,12.52,8.89,1 small fillet,113
Porgy Coated Baked Or Broiled Fat Not Added In Cooking,Fish,173,20.83,13.1,3.44,1 small fillet,113
Porgy Coated Fried,Fish,234,19.11,9.85,12.66,1 small fillet,113
Porgy Steamed Or Poached,Fish,132,23.74,0,3.43,1 small fillet,113
Ray Cooked Ns As To Cooking Method,Fish,192,25.67,0.1,9.2,1 oz/ boneless/ raw (yield after cooking),23
Ray Baked Or Broiled Fat Added In Cooking,Fish,192,25.67,0.1,9.2,1 oz/ boneless/ raw (yield after cooking),23
Ray Baked Or Broiled Fat Not Added In Cooking,Fish,164,26.43,0.1,5.68,1 oz/ boneless/ raw (yield after cooking),23
Ray Coated Baked Or Broiled Fat Added In Cooking,Fish,238,21.88,12.52,10.56,1 oz/ boneless/ raw (yield after cooking),27
Ray Coated Baked Or Broiled Fat Not Added In Cooking,Fish,197,22.88,13.1,5.17,1 oz/ boneless/ raw (yield after cooking),27
Ray Coated Fried,Fish,255,20.9,9.85,14.18,1 oz/ boneless/ raw (yield after cooking),27
Ray Steamed Or Poached,Fish,163,26.38,0,5.67,1 oz/ boneless/ raw (yield after cooking),23
Salmon Cooked Ns As To Cooking Method,Fish,188,25.08,0.1,9.06,1 small fillet,170
Salmon Baked Or Broiled Made With Oil,Fish,188,25.08,0.1,9.06,1 small fillet,170
Salmon Baked Or Broiled Made With Butter,Fish,183,25.08,0.1,8.48,1 small fillet,170
Salmon Baked Or Broiled Made With Margarine,Fish,176,25.05,0.13,7.68,1 small fillet,170
Salmon Baked Or Broiled Made Without Fat,Fish,160,25.82,0.1,5.54,1 small fillet,170
Salmon Baked Or Broiled Made With Cooking Spray,Fish,164,25.72,0.2,5.92,1 small fillet,170
Salmon Coated Baked Or Broiled Made With Oil,Fish,235,21.43,12.52,10.45,1 small fillet,170
Salmon Coated Baked Or Broiled Made With Butter,Fish,227,21.44,12.5,9.56,1 small fillet,170
Salmon Coated Baked Or Broiled Made With Margarine,Fish,217,21.4,12.55,8.35,1 small fillet,170
Salmon Coated Baked Or Broiled Made Without Fat,Fish,194,22.42,13.1,5.07,1 small fillet,170
Salmon Coated Baked Or Broiled Made With Cooking Spray,Fish,197,22.35,13.14,5.35,1 small fillet,170
Salmon Coated Fried Made With Oil,Fish,253,20.5,9.85,14.08,1 small fillet,170
Salmon Coated Fried Made With Butter,Fish,238,20.57,9.86,12.44,1 small fillet,170
Salmon Coated Fried Made With Margarine,Fish,222,20.51,9.93,10.58,1 small fillet,170
Salmon Coated Fried Made Without Fat,Fish,207,24.12,11.6,6.32,1 small fillet,170
Salmon Coated Fried Made With Cooking Spray,Fish,209,24.05,11.64,6.61,1 small fillet,170
Salmon Steamed Or Poached,Fish,160,25.78,0,5.53,1 small fillet,170
Salmon Dried,Fish,397,64.06,0,13.75,1 oz/ boneless,28
Salmon Canned,Fish,137,20.55,0,5.48,1 oz,28
Sardines Dried,Fish,406,46.06,0,23.18,1 oz,28
Sea Bass Cooked Ns As To Cooking Method,Fish,152,22.55,0.1,6.12,1 small fillet,113
Sea Bass Baked Or Broiled Fat Added In Cooking,Fish,152,22.55,0.1,6.12,1 small fillet,113
Sea Bass Baked Or Broiled Fat Not Added In Cooking,Fish,122,23.22,0.1,2.52,1 small fillet,113
Sea Bass Coated Baked Or Broiled Fat Added In Cooking,Fish,207,19.5,12.52,8.21,1 small fillet,113
Sea Bass Coated Baked Or Broiled Fat Not Added In Cooking,Fish,165,20.39,13.1,2.72,1 small fillet,113
Sea Bass Coated Fried,Fish,227,18.73,9.85,12.04,1 small fillet,113
Sea Bass Steamed Or Poached,Fish,122,23.18,0,2.52,1 small fillet,113
Sea Bass Pickled,Fish,155,11.01,4.03,10.26,1 oz/ boneless,28
Shark Cooked Ns As To Cooking Method,Fish,192,25.67,0.1,9.2,1 small fillet,170
Shark Baked Or Broiled Fat Added In Cooking,Fish,192,25.67,0.1,9.2,1 small fillet,170
Shark Baked Or Broiled Fat Not Added In Cooking,Fish,164,26.43,0.1,5.68,1 small fillet,170
Shark Coated Baked Or Broiled Fat Added In Cooking,Fish,238,21.88,12.52,10.56,1 small fillet,170
Shark Coated Baked Or Broiled Fat Not Added In Cooking,Fish,197,22.88,13.1,5.17,1 small fillet,170
Shark Coated Fried,Fish,255,20.9,9.85,14.18,1 small fillet,170
Shark Steamed Or Poached,Fish,163,26.38,0,5.67,1 small fillet,170
Sturgeon Cooked Ns As To Cooking Method,Fish,161,19.75,0.1,8.62,1 oz/ boneless/ raw (yield after cooking),23
Sturgeon Baked Or Broiled Fat Added In Cooking,Fish,161,19.75,0.1,8.62,1 oz/ boneless/ raw (yield after cooking),23
Sturgeon Steamed,Fish,132,20.3,0,5.08,1 oz/ boneless/ raw (yield after cooking),23
Sturgeon Coated Fried,Fish,234,16.77,9.85,13.78,1 oz/ boneless/ raw (yield after cooking),27
Swordfish Cooked Ns As To Cooking Method,Fish,209,24.06,0.1,11.81,1 small fillet,170
Swordfish Baked Or Broiled Fat Added In Cooking,Fish,209,24.06,0.1,11.81,1 small fillet,170
Swordfish Baked Or Broiled Fat Not Added In Cooking,Fish,182,24.76,0.1,8.38,1 small fillet,170
Swordfish Coated Baked Or Broiled Fat Added In Cooking,Fish,251,20.65,12.52,12.56,1 small fillet,170
Swordfish Coated Baked Or Broiled Fat Not Added In Cooking,Fish,211,21.59,13.1,7.26,1 small fillet,170
Swordfish Coated Fried,Fish,267,19.78,9.85,16,1 small fillet,170
Swordfish Steamed Or Poached,Fish,181,24.72,0,8.36,1 small fillet,170
Trout Cooked Ns As To Cooking Method,Fish,205,24.4,0.1,11.24,1 small fillet,113
Trout Baked Or Broiled Made With Oil,Fish,205,24.4,0.1,11.24,1 small fillet,113
Trout Baked Or Broiled Made With Butter,Fish,200,24.4,0.1,10.65,1 small fillet,113
Trout Baked Or Broiled Made With Margarine,Fish,193,24.37,0.13,9.86,1 small fillet,113
Trout Baked Or Broiled Made Without Fat,Fish,178,25.12,0.1,7.79,1 small fillet,113
Trout Baked Or Broiled Made With Cooking Spray,Fish,181,25.02,0.2,8.15,1 small fillet,113
Trout Coated Baked Or Broiled Made With Oil,Fish,248,20.91,12.52,12.12,1 small fillet,113
Trout Coated Baked Or Broiled Made With Butter,Fish,240,20.92,12.5,11.22,1 small fillet,113
Trout Coated Baked Or Broiled Made With Margarine,Fish,230,20.88,12.55,10.01,1 small fillet,113
Trout Coated Baked Or Broiled Made Without Fat,Fish,208,21.87,13.1,6.8,1 small fillet,113
Trout Coated Baked Or Broiled Made With Cooking Spray,Fish,210,21.8,13.14,7.09,1 small fillet,113
Trout Coated Fried Made With Oil,Fish,265,20.02,9.85,15.6,1 small fillet,113
Trout Coated Fried Made With Butter,Fish,250,20.09,9.86,13.96,1 small fillet,113
Trout Coated Fried Made With Margarine,Fish,234,20.03,9.93,12.1,1 small fillet,113
Trout Coated Fried Made Without Fat,Fish,221,23.56,11.6,8.11,1 small fillet,113
Trout Coated Fried Made With Cooking Spray,Fish,223,23.49,11.64,8.4,1 small fillet,113
Trout Steamed Or Poached,Fish,177,25.08,0,7.77,1 small fillet,113
Trout Smoked,Fish,251,35.47,0,10.99,1 oz/ boneless,28
Tuna Fresh Cooked Ns As To Cooking Method,Fish,166,29.85,0.1,4.28,1 small fillet,170
Tuna Fresh Baked Or Broiled Fat Added In Cooking,Fish,166,29.85,0.1,4.28,1 small fillet,170
Tuna Fresh Baked Or Broiled Fat Not Added In Cooking,Fish,138,30.73,0.1,0.62,1 small fillet,170
Tuna Fresh Coated Baked Or Broiled Fat Added In Cooking,Fish,218,25.08,12.52,6.8,1 small fillet,170
Tuna Fresh Coated Baked Or Broiled Fat Not Added,Fish,177,26.22,13.1,1.25,1 small fillet,170
Tuna Fresh Coated Fried,Fish,237,23.82,9.85,10.75,1 small fillet,170
Tuna Fresh Steamed Or Poached,Fish,137,30.68,0,0.62,1 small fillet,170
Tuna Fresh Dried,Fish,341,76.25,0,1.53,1 cup/ nfs,42
Tuna Fresh Smoked,Fish,200,25.54,0,10.04,1 oz/ boneless,28
Whiting Cooked Ns As To Cooking Method,Fish,221,18.62,9.86,11.44,1 small fillet,113
Whiting Baked Or Broiled Made With Oil,Fish,143,22.4,0.1,5.28,1 small fillet,113
Whiting Baked Or Broiled Made With Butter,Fish,138,22.41,0.1,4.7,1 small fillet,113
Whiting Baked Or Broiled Made With Margarine,Fish,131,22.38,0.13,3.91,1 small fillet,113
Whiting Baked Or Broiled Made Without Fat,Fish,114,23.06,0.1,1.65,1 small fillet,113
Whiting Baked Or Broiled Made With Cooking Spray,Fish,117,22.98,0.2,2.04,1 small fillet,113
Whiting Coated Baked Or Broiled Made With Oil,Fish,201,19.39,12.52,7.57,1 small fillet,113
Whiting Coated Baked Or Broiled Made With Butter,Fish,193,19.4,12.5,6.68,1 small fillet,113
Whiting Coated Baked Or Broiled Made With Margarine,Fish,182,19.36,12.55,5.47,1 small fillet,113
Whiting Coated Baked Or Broiled Made Without Fat,Fish,158,20.28,13.1,2.05,1 oz/ boneless/ raw (yield after cooking),27
Whiting Coated Baked Or Broiled Made With Cooking Spray,Fish,161,20.22,13.14,2.35,1 small fillet,113
Whiting Coated Fried Made With Oil,Fish,221,18.62,9.85,11.45,1 small fillet,113
Whiting Coated Fried Made With Butter,Fish,206,18.7,9.86,9.8,1 oz/ boneless/ raw (yield after cooking),27
Whiting Coated Fried Made With Margarine,Fish,190,18.64,9.93,7.94,1 oz/ boneless/ raw (yield after cooking),27
Whiting Coated Fried Made Without Fat,Fish,169,21.92,11.6,3.22,1 oz/ boneless/ raw (yield after cooking),27
Whiting Coated Fried Made With Cooking Spray,Fish,172,21.85,11.64,3.52,1 oz/ boneless/ raw (yield after cooking),27
Whiting Steamed Or Poached,Fish,113,23.02,0,1.65,1 oz/ boneless/ raw (yield after cooking),23
Tilapia Cooked Ns As To Cooking Method,Fish,150,24.57,0.1,5.76,1 small fillet,113
Tilapia Baked Or Broiled Made With Oil,Fish,150,24.57,0.1,5.76,1 small fillet,113
Tilapia Baked Or Broiled Made With Butter,Fish,145,24.57,0.1,5.18,1 small fillet,113
Tilapia Baked Or Broiled Made With Margarine,Fish,138,24.54,0.13,4.38,1 small fillet,113
Tilapia Baked Or Broiled Made Without Fat,Fish,121,25.29,0.1,2.14,1 small fillet,113
Tilapia Baked Or Broiled Made With Cooking Spray,Fish,125,25.2,0.2,2.53,1 small fillet,113
Tilapia Coated Baked Or Broiled Made  With Oil,Fish,206,21.04,12.52,7.93,1 small fillet,113
Tilapia Coated Baked Or Broiled Made With Butter,Fish,198,21.05,12.5,7.05,1 small fillet,113
Tilapia Coated Baked Or Broiled Made With Margarine,Fish,188,21,12.55,5.83,1 small fillet,113
Tilapia Coated Baked Or Broiled Made Without Fat,Fish,164,22,13.1,2.43,1 small fillet,113
Tilapia Coated Baked Or Broiled Made With Cooking Spray,Fish,166,21.94,13.14,2.73,1 small fillet,113
Tilapia Coated Fried Made With Oil,Fish,226,20.14,9.85,11.78,1 small fillet,113
Tilapia Coated Fried Made With Butter,Fish,212,20.21,9.86,10.13,1 small fillet,113
Tilapia Coated Fried Made With Margarine,Fish,195,20.15,9.93,8.28,1 small fillet,113
Tilapia Coated Fried Made Without Fat,Fish,175,23.7,11.6,3.61,1 small fillet,113
Tilapia Coated Fried Made With Cooking Spray,Fish,178,23.63,11.64,3.91,1 small fillet,113
Tilapia Steamed Or Poached,Fish,121,25.25,0,2.14,1 small fillet,113
Frog Legs Ns As To Cooking Method,Fish,214,17.62,10.21,10.97,1 oz/ boneless/ cooked,28
Frog Legs Steamed,Fish,92,20.62,0,0.38,1 oz/ boneless/ cooked,28
Octopus Cooked Ns As To Cooking Method,Fish,222,16.3,12.16,11.63,1 oz/ boneless/ cooked,28
Octopus Steamed,Fish,163,29.62,4.37,2.07,1 oz/ boneless/ cooked,28
Octopus Dried,Fish,311,56.52,8.34,3.94,1 oz,28
Octopus Dried Boiled,Fish,163,29.69,4.38,2.07,1 cup/ cooked,106
Octopus Smoked,Fish,164,29.82,4.4,2.08,1 oz/ boneless/ cooked,28
Roe Shad Cooked,Fish,208,27.31,1.93,11.53,1 oz,28
Squid Baked Or Broiled Fat Added In Cooking,Fish,142,18.59,3.77,5.23,1 squid,272
Squid Baked Or Broiled Fat Not Added In Cooking,Fish,113,19.14,3.88,1.7,1 squid,272
Squid Coated Baked Or Broiled Fat Added In Cooking,Fish,198,16.42,15.01,7.44,1 oz/ cooked,28
Squid Coated Baked Or Broiled Fat Not Added In Cooking,Fish,156,17.17,15.7,2.06,1 oz/ cooked,28
Squid Coated Fried,Fish,231,16.89,12.94,11.93,1 oz/ cooked,28
Squid Steamed Or Boiled,Fish,183,31.02,6.13,2.75,1 oz/ boneless/ cooked,28
Squid Dried,Fish,348,58.94,11.65,5.22,1 oz/ boneless,28
Squid Pickled,Fish,93,14.93,2.96,1.32,1 oz/ boneless,28
Squid Canned,Fish,106,17.9,3.54,1.59,1 cup,187
Turtle Cooked Ns As To Cooking Method,Fish,138,23.62,0.09,4.18,1 oz/ boneless/ cooked,28
Abalone Cooked Ns As To Cooking Method,Fish,157,20.4,7.26,4.49,1 oz/ boneless/ cooked,28
Abalone Floured Or Breaded Fried,Fish,242,18.24,15.53,11.38,1 oz/ cooked,28
Abalone Steamed Or Poached,Fish,209,34.05,11.97,1.51,1 oz/ cooked,28
Clams Cooked Ns As To Cooking Method,Fish,135,17.5,4.35,4.73,1 oz/ without shell/ cooked,28
Clams Baked Or Broiled Fat Added In Cooking,Fish,135,17.5,4.35,4.73,1 oz/ without shell/ cooked,28
Clams Baked Or Broiled Fat Not Added In Cooking,Fish,106,18.02,4.48,1.18,1 oz/ without shell/ cooked,28
Clams Coated Baked Or Broiled Fat Added In Cooking,Fish,192,15.59,15.46,7.06,1 oz/ without shell/ cooked,28
Clams Coated Baked Or Broiled Fat Not Added In Cooking,Fish,150,16.3,16.17,1.66,1 oz/ without shell/ cooked,28
Clams Coated Fried,Fish,226,16.09,13.37,11.56,1 oz/ without shell/ cooked,28
Clams Steamed Or Boiled,Fish,171,29.21,7.11,1.91,1 oz/ without shell/ cooked,28
Clams Canned,Fish,108,18.34,4.46,1.2,1 oz,28
Clams Smoked In Oil,Fish,192,16.64,4.05,11.82,1 oz,28
Crab Cooked Ns As To Cooking Method,Fish,82,17.76,0,0.74,1 oz/ without shell/ cooked,28
Crab Baked Or Broiled Fat Added In Cooking,Fish,131,21.33,0.09,4.47,1 cup/ cooked/ flaked and pieces,118
Crab Baked Or Broiled Fat Not Added In Cooking,Fish,102,21.96,0.1,0.91,1 cup/ cooked/ flaked and pieces,118
Crab Coated Baked Or Broiled Fat Added In Cooking,Fish,189,18.51,12.21,6.86,1 cup/ cooked/ flaked and pieces,118
Crab Coated Baked Or Broiled Fat Not Added In Cooking,Fish,147,19.36,12.77,1.45,1 cup/ cooked/ flaked and pieces,118
Crab Hard Shell Steamed,Fish,82,17.76,0,0.74,1 cup/ cooked/ flaked and pieces,118
Crab Soft Shell Coated Fried,Fish,223,18.93,10.21,11.36,1 oz/ cooked,28
Crayfish Coated Fried,Fish,218,17.24,10.21,11.55,1 oz/ without shell/ cooked,28
Crayfish Boiled Or Steamed,Fish,81,16.66,0,1.19,1 oz/ without shell/ cooked,28
Lobster Cooked Ns As To Cooking Method,Fish,88,18.88,0,0.85,1 small lobster (1 lb live weight) (yield after cooking/ shell removed),118
Lobster Baked Or Broiled Fat Added In Cooking,Fish,124,19.71,0.09,4.48,1 small lobster (1 lb live weight) (yield after cooking/ shell removed),118
Lobster Baked Or Broiled Fat Not Added In Cooking,Fish,95,20.29,0.1,0.92,1 small lobster (1 lb live weight) (yield after cooking/ shell removed),118
Lobster Coated Fried,Fish,218,17.72,10.21,11.37,1 oz/ without shell/ cooked,28
Lobster Steamed Or Boiled,Fish,88,18.88,0,0.85,1 small lobster (1 lb live weight) (yield after cooking/ shell removed),118
Lobster Coated Baked Or Broiled Fat Added In Cooking,Fish,184,17.27,12.21,6.87,1 small lobster (1 lb live weight) (yield after cooking/ shell removed),118
Lobster Coated Baked Or Broiled Fat Not Added In Cooking,Fish,142,18.07,12.77,1.46,1 small lobster (1 lb live weight) (yield after cooking/ shell removed),118
Mussels Cooked Ns As To Cooking Method,Fish,171,23.7,7.35,4.46,1 oz/ cooked,28
Mussels Steamed Or Poached,Fish,171,23.7,7.35,4.46,1 oz/ cooked,28
Oysters Cooked Ns As To Cooking Method,Fish,195,8.16,12.62,12.22,1 oz/ without shell/ cooked,28
Oysters Baked Or Broiled Fat Added In Cooking,Fish,93,6.82,3.34,5.62,1 oz/ without shell/ cooked,28
Oysters Baked Or Broiled Fat Not Added In Cooking,Fish,63,7.02,3.44,2.1,1 oz/ without shell/ cooked,28
Oysters Steamed,Fish,102,11.37,5.42,3.4,1 oz/ without shell/ cooked,28
Oysters Coated Fried,Fish,195,8.16,12.62,12.22,1 oz/ without shell/ cooked,28
Oysters Coated Baked Or Broiled Fat Added In Cooking,Fish,160,7.43,14.69,7.74,1 oz/ without shell/ cooked,28
Oysters Coated Baked Or Broiled Fat Not Added In Cooking,Fish,117,7.77,15.36,2.38,1 oz/ without shell/ cooked,28
Oysters Canned,Fish,74,7.67,4.25,2.68,1 oz/ cooked,28
Oysters Smoked,Fish,82,9.2,4.38,2.76,1 oz,28
Scallops Cooked Ns As To Cooking Method,Fish,114,14.39,3.89,4.17,1 oz/ cooked,28
Scallops Baked Or Broiled Fat Added In Cooking,Fish,114,14.39,3.89,4.17,1 cup/ raw/ yield cooked,144
Scallops Baked Or Broiled Fat Not Added In Cooking,Fish,85,14.81,4,0.6,1 cup/ raw/ yield cooked,144
Scallops Steamed Or Boiled,Fish,137,24.01,6.33,0.98,1 cup/ raw/ yield cooked,120
Scallops Coated Fried,Fish,211,13.78,13.03,11.14,1 oz/ cooked,28
Scallops Coated Baked Or Broiled Fat Added In Cooking,Fish,177,13.21,15.1,6.63,1 oz/ cooked,28
Scallops Coated Baked Or Broiled Fat Not Added In Cooking,Fish,134,13.82,15.8,1.22,1 oz/ cooked,28
Shrimp Cooked Ns As To Cooking Method,Fish,212,15.15,11.02,11.6,"1 tiny shrimp (""popcorn"")",1
Shrimp Baked Or Broiled Made With Oil,Fish,117,16.24,1.18,4.79,"1 tiny shrimp (""popcorn"")",1
Shrimp Baked Or Broiled Made With Butter,Fish,112,16.25,1.18,4.23,"1 tiny shrimp (""popcorn"")",1
Shrimp Baked Or Broiled Made With Margarine,Fish,105,16.22,1.21,3.45,"1 tiny shrimp (""popcorn"")",1
Shrimp Baked Or Broiled Made Without Fat,Fish,87,16.72,1.21,1.24,"1 tiny shrimp (""popcorn"")",1
Shrimp Baked Or Broiled Made With Cooking Spray,Fish,91,16.65,1.31,1.62,"1 tiny shrimp (""popcorn"")",1
Shrimp Steamed Or Boiled,Fish,91,17.37,1.16,1.29,1 oz/ without shell/ cooked,28
Shrimp Coated Fried Made With Oil,Fish,212,15.15,11.02,11.6,1 oz/ without shell/ cooked,28
Shrimp Coated Fried Made With Butter,Fish,197,15.22,11.02,9.89,1 oz/ without shell/ cooked,28
Shrimp Coated Fried Made With Margarine,Fish,181,15.16,11.1,7.97,1 oz/ without shell/ cooked,28
Shrimp Coated Fried Made Without Fat,Fish,147,16.77,12.2,2.84,1 oz/ without shell/ cooked,28
Shrimp Coated Fried Made With Cooking Spray,Fish,149,16.72,12.24,3.14,1 oz/ without shell/ cooked,28
Shrimp Coated Baked Or Broiled Made With Oil,Fish,178,14.62,13.04,7.11,1 oz/ without shell/ cooked,28
Shrimp Coated Baked Or Broiled Made With Butter,Fish,170,14.65,13.02,6.24,1 oz/ without shell/ cooked,28
Shrimp Coated Baked Or Broiled Made With Margarine,Fish,160,14.6,13.06,5.06,1 oz/ without shell/ cooked,28
Shrimp Coated Baked Or Broiled Made Without Fat,Fish,136,15.29,13.64,1.71,1 oz/ without shell/ cooked,28
Shrimp Coated Baked Or Broiled Made With Cooking Spray,Fish,138,15.25,13.67,2,1 oz/ without shell/ cooked,28
Shrimp Dried,Fish,253,51.7,0,3.44,1 oz,28
Snails Cooked Ns As To Cooking Method,Fish,139,19.21,2.48,5.26,1 oz/ without shell/ cooked,28
Fish With Cream Or White Sauce Not Tuna Or Lobster,Fish,117,17.05,2.74,3.77,1 cup,249
Crab Deviled,Fish,187,11.92,13.28,9.62,1 cup,175
Crab Imperial,Fish,137,13.94,3.22,7.32,1 cup,259
Fish Timbale Or Mousse,Fish,148,10.22,1.75,10.97,1 cup,175
Lobster Newburg,Fish,241,11.61,3.59,20.14,1 cup,244
Lobster With Butter Sauce,Fish,159,16.98,0.01,9.78,1 cup,188
Shrimp Curry,Fish,75,5,7.14,3.15,1 cup,236
Shrimp Cocktail,Fish,121,15.37,10.76,1.48,1 cup,230
Tuna With Cream Or White Sauce,Fish,104,14.73,2.75,3.85,1 cup,237
Seafood Newburg,Fish,245,12.02,3.82,20.26,1 cup,244
Clam Sauce White,Fish,196,8.57,2.57,16.95,1 cup,240
Shrimp With Lobster Sauce,Fish,150,16.79,2.22,7.76,1 cup,185
Shrimp Scampi,Fish,195,19.7,1.77,11.73,1 cup,136
Fish Moochim,Fish,340,37.85,10.72,15.74,1 tablespoon,5
Fish With Tomato-Based Sauce,Fish,80,16.28,1.59,0.69,1 cup,222
Fish Curry,Fish,70,4.5,6.83,2.93,1 cup,236
Mussels With Tomato-Based Sauce,Fish,92,12.2,5.02,2.32,1 cup,240
Scallops With Cheese Sauce,Fish,137,17.48,5.43,5.06,1 cup,244
Ceviche,Fish,62,10.34,3.58,0.75,1 cup,250
Crabs In Tomato-Based Sauce Puerto Rican Style,Fish,140,12.54,2.97,8.62,1 cup,170
Shrimp In Garlic Sauce Puerto Rican Style,Fish,277,11.58,2.52,24.7,1 cup,212
Stewed Codfish No Potatoes Puerto Rican Style,Fish,105,12.13,4.46,4.27,1 cup,227
Clams Stuffed,Fish,200,11.85,12.92,11.2,1 small (12 in 11 oz frozen package),26
Codfish Ball Or Cake,Fish,178,14.29,12.95,7.39,1 ball,63
Crab Cake,Fish,205,14.57,2.58,14.75,No data available,No data available
Fish Cake Or Patty Ns As To Fish,Fish,204,13.9,12.63,10.66,1 cake or patty,120
Gefilte Fish,Fish,113,17.52,1.03,3.8,1 cup,227
Salmon Cake Or Patty,Fish,246,17.12,2.58,18.16,1 ball,63
Salmon Loaf,Fish,192,15.72,9.14,9.89,1 slice,105
Scallops And Noodles With Cheese Sauce,Fish,145,8.46,15.05,5.64,1 cup,224
Shrimp And Noodles No Sauce,Fish,146,7.3,16.43,5.5,1 cup,157
Shrimp And Noodles With Gravy,Fish,130,6.02,14.7,5.18,1 cup,224
Shrimp And Noodles With Mushroom Sauce,Fish,133,6.3,15.05,5.24,1 cup,224
Shrimp And Noodles With Cream Or White Sauce,Fish,144,7.14,16.24,5.46,1 cup,224
Shrimp And Noodles With Cheese Sauce,Fish,136,8.18,13.45,5.37,1 cup,224
Shrimp And Noodles With Tomato Sauce,Fish,134,6.46,15.39,5.22,1 cup,224
Tuna Loaf,Fish,232,20.98,9.35,11.83,1 slice,105
Tuna Cake Or Patty,Fish,206,15.66,2.57,14.89,1 cake or patty,120
Clam Cake Or Patty,Fish,246,19.04,6.77,15.31,1 cake or patty,120
Oyster Fritter,Fish,196,6.93,5.22,16.22,1 fritter,40
Flounder With Crab Stuffing,Fish,136,15.01,5.74,5.51,1 piece,210
Lobster With Bread Stuffing Baked,Fish,175,14.85,9.86,8.2,1 lobster,400
Clams Casino,Fish,118,8.72,9.82,4.76,1 clam,30
Mackerel Cake Or Patty,Fish,258,16.5,13.18,15.12,1 cake or patty,120
Haddock Cake Or Patty,Fish,204,13.9,12.63,10.66,1 cake or patty,120
Shrimp Cake Or Patty,Fish,230,18.1,3.67,15.45,1 cake or patty,120
Shrimp With Crab Stuffing,Fish,174,16.39,6.09,8.94,1 cup,140
Shrimp Toast Fried,Fish,223,8.42,12.66,15.44,1/2 slice,48
Tuna Noodle Casserole With Cream Or White Sauce,Fish,169,10.19,15.29,7.52,1 cup,224
Tuna Noodle Casserole With Mushroom Sauce,Fish,138,9.15,13.89,5.17,1 cup,224
Tuna And Rice With Mushroom Sauce,Fish,127,4.62,15.38,5.16,1 cup,248
Fish And Rice With Tomato-Based Sauce,Fish,135,5.41,16.53,5.12,1 cup,248
Fish And Rice With Cream Sauce,Fish,133,5.54,15.74,5.1,1 cup,248
Fish And Rice With Mushroom Sauce,Fish,134,5.34,16.12,5.16,1 cup,248
Fish And Noodles With Mushroom Sauce,Fish,131,6.29,14.79,5.1,1 cup,224
Shellfish And Noodles With Tomato-Based Sauce,Fish,134,6.58,15.74,5.04,1 cup,224
Stewed Salmon Puerto Rican Style,Fish,145,12.03,8.48,6.93,1 cup,212
Seafood Stew With Potatoes And Vegetables Excluding Carrots Broccoli And Dark-Green Leafy; Tomato-Based Sauce,Fish,73,8.68,5.72,1.66,1 cup,252
Shrimp Creole With Rice,Fish,124,10.12,11.9,3.67,1 cup,243
Tuna Pot Pie,Fish,220,8.96,16.32,13.17,1 pie,769
Tuna Noodle Casserole With Vegetables Cream Or White Sauce,Fish,149,8.92,14.1,6.42,1 cup,224
Fish Noodles And Vegetables Including Carrots Broccoli And/or Dark Green Leafy; Cheese Sauce,Fish,137,8.35,14.16,5.22,1 cup,244
Fish Noodles And Vegetables Excluding Carrots Broccoli And Dark-Green Leafy; Cheese Sauce,Fish,141,8.39,15.32,5.22,1 cup,244
Bouillabaisse,Fish,98,13.43,2.15,3.7,1 cup,227
Oyster Pie,Fish,245,5.36,19.82,15.99,1 pie,656
Seafood Stew With Potatoes And Vegetables Including Carrots Broccoli And/or Dark-Green Leafy; Tomato-Based Sauce,Fish,72,8.82,5.98,1.34,1 cup,252
Tuna Noodle Casserole With Vegetables And Mushroom Sauce,Fish,123,8.08,12.94,4.46,1 cup,224
Codfish With Starchy Vegetables Puerto Rican Style,Fish,133,3.53,18.49,5.26,1 cup,173
Stewed Codfish Puerto Rican Style,Fish,113,10.93,8.65,3.89,1 cup,200
Biscayne Codfish Puerto Rican Style,Fish,185,9.22,11.12,11.88,1 cup,175
Gumbo With Rice,Fish,88,8.18,6.42,3.39,1 cup,244
Crab Salad,Fish,187,9.44,1.19,15.89,1 cup,208
Lobster Salad,Fish,187,10.33,1.15,15.4,1 cup,182
Salmon Salad,Fish,212,10.86,2.66,17.36,1 cup,208
Tuna Salad Made With Mayonnaise,Fish,194,10.34,2.77,15.86,1 cup,238
Tuna Salad Made With Light Mayonnaise,Fish,106,10.04,4.63,5.41,1 cup,238
Tuna Salad Made With Mayonnaise-Type Salad Dressing,Fish,108,10.15,5.8,5.2,1 cup,238
Tuna Salad Made With Light Mayonnaise-Type Salad Dressing,Fish,106,10.04,4.63,5.41,1 cup,238
Tuna Salad Made With Creamy Dressing,Fish,148,10.25,3.9,10.3,1 cup,238
Tuna Salad Made With Light Creamy Dressing,Fish,78,10.08,7.27,1.17,1 cup,238
Tuna Salad Made With Italian Dressing,Fish,106,10.09,5.23,5.1,1 cup,238
Tuna Salad Made With Light Italian Dressing,Fish,76,10.05,4.8,2.01,1 cup,238
Tuna Salad Made With Any Type Of Fat Free Dressing,Fish,73,9.86,6.14,1.16,1 cup,238
Shrimp Salad,Fish,199,10.47,1.22,16.6,1 cup,182
Seafood Salad,Fish,191,10.08,1.18,15.95,1 cup,208
Tuna Salad With Cheese,Fish,214,11.54,2.8,17.52,1 cup,238
Tuna Salad With Egg,Fish,191,10.53,2.63,15.41,1 cup,238
Shrimp Garden Salad Shrimp Lettuce Eggs Tomato And/or Carrots Other Vegetables No Dressing,Fish,62,8.17,2.72,2.05,1 cup,95
Shrimp Garden Salad Shrimp Lettuce Eggs Vegetables Excluding Tomato And Carrots No Dressing,Fish,64,8.7,2.34,2.17,1 cup,95
Crab Salad Made With Imitation Crab,Fish,197,4.12,8.58,16.28,1 cup,208
Fish Tofu And Vegetables Tempura,Fish,173,4.03,4.55,15.92,1 cup,63
Seafood Garden Salad With Seafood Lettuce Vegetables Excluding Tomato And Carrots No Dressing,Fish,45,7.64,2.54,0.5,1 cup,95
Seafood Garden Salad With Seafood Lettuce Tomato And/or Carrots Other Vegetables No Dressing,Fish,44,7.1,2.97,0.48,1 cup,95
Seafood Garden Salad With Seafood Lettuce Eggs Vegetables Excluding Tomato And Carrots No Dressing,Fish,62,8.41,2.32,2.06,1 cup,95
Seafood Garden Salad With Seafood Lettuce Eggs Tomato And/or Carrots Other Vegetables No Dressing,Fish,60,7.89,2.7,1.95,1 cup,95
Oysters Rockefeller,Fish,127,7.5,9.03,7,1 oyster/ no shell,24
Lomi Salmon,Fish,60,7.55,3.31,1.86,1 cup,234
Shrimp And Vegetables Including Carrots Broccoli And/or Dark-Green Leafy; No Potatoes No Sauce,Fish,117,9.35,3.8,7.25,1 cup,162
Shrimp And Vegetables Excluding Carrots Broccoli And Dark-Green Leafy; No Potatoes No Sauce,Fish,123,9.25,6.78,6.87,1 cup,162
Shrimp Shish Kabob With Vegetables Excluding Potatoes,Fish,82,11.14,5.69,1.58,1 shishkabob,202
Shrimp Creole No Rice,Fish,124,14.32,4.48,5.2,1 cup,246
Tuna Casserole With Vegetables And Mushroom Sauce No Noodles,Fish,114,9.01,8.37,5.12,1 cup,224
Shellfish Mixture And Vegetables Including Carrots Broccoli And/or Dark-Green Leafy; No Potatoes Mushroom Sauce,Fish,110,6.24,5.92,6.91,1 cup,224
Shellfish Mixture And Vegetables Excluding Carrots Broccoli And Dark-Green Leafy; No Potatoes Mushroom Sauce,Fish,116,6.29,7.63,6.92,1 cup,224
Fish And Vegetables Including Carrots Broccoli And/or Dark-Green Leafy; No Potatoes Tomato-Based Sauce,Fish,105,6.28,4.39,7.26,1 cup,224
Fish And Vegetables Excluding Carrots Broccoli And Dark- Green Leafy; No Potatoes Tomato-Based Sauce,Fish,111,6.33,6.3,7.26,1 cup,224
Fish Shish Kabob With Vegetables Excluding Potatoes,Fish,67,9.32,5,1.04,1 shishkabob,202
Fried Fish With Sauce Puerto Rican Style,Fish,151,11.84,3.42,10.04,"1 slice (4"" x 3-1/2"" x 1/2"") with sauce",213
Lobster With Sauce Puerto Rican Style,Fish,149,10.79,3.97,10.23,1 cup,242
Octopus Salad Puerto Rican Style,Fish,165,9.7,5.58,11.59,1 cup,180
Codfish Salad Puerto Rican Style Serenata,Fish,176,6.65,2.83,15.48,1 cup,145
Lau Lau,Fish,140,15.25,0,8.32,1 lau lau,214
Gumbo No Rice,Fish,82,8.55,3.89,3.63,1 cup,244
Haddock With Chopped Spinach Diet Frozen Meal,Fish,77,9.05,4.37,2.44,1 meal (9 oz),255
Flounder With Chopped Broccoli Diet Frozen Meal,Fish,62,6.52,5.41,1.64,1 meal (12.4 oz),351
Fish In Lemon-Butter Sauce With Starch Item Vegetable Frozen Meal,Fish,102,5.5,11.26,3.75,1 meal (10 oz),284
Shrimp And Clams In Tomato-Based Sauce With Noodles Frozen Meal,Fish,102,7.72,12.2,2.46,1 meal (10 oz),284
Shrimp And Vegetables In Sauce With Noodles Diet Frozen Meal,Fish,91,5.27,13.42,1.71,1 meal (11 oz),312
Lobster Gumbo,Fish,59,6.2,4.64,1.77,1 cup,244
Shrimp Gumbo,Fish,61,6.52,4.64,1.89,1 cup,244
Codfish Fritter Puerto Rican Style,Fish,278,15.32,36.02,7.45,"1 fritter (3-1/2"" x 3-1/2"")",34
Cassava Fritter Stuffed With Crab Meat Puerto Rican Style,Fish,266,8.92,30.34,12.24,"1 empanada (5"" x 2-1/2"" x 1/2"")",126
