Lemons,Fruits,29,1.1,9.32,0.3,1 cup/ sections,212
Lemon Juice Raw,Fruits,22,0.35,6.9,0.24,1 cup,244
Lemon Juice From Concentrate Canned Or Bottled,Fruits,17,0.45,5.62,0.07,1 tbsp,15
Lemon Peel Raw,Fruits,47,1.5,16,0.3,1 tbsp,6
Prickly Pears,Fruits,41,0.73,9.57,0.51,1 cup,149
Plums Dried (Prunes) Stewed Without Added Sugar,Fruits,107,0.96,28.08,0.16,1 cup/ pitted,248
Plums Dried (Prunes) Stewed With Added Sugar,Fruits,124,1.09,32.88,0.22,1 cup/ pitted,248
Shredded Coconut Meat (Sweetened),Fruits,71,0.61,17.45,0.03,1 cup,256
Pummelo,Fruits,38,0.76,9.62,0.04,1 cup/ sections,190
Raspberries,Fruits,52,1.2,11.94,0.65,1 cup,123
Raspberries Canned Red Heavy Syrup Pack Solids And Liquids,Fruits,91,0.83,23.36,0.12,1 cup,256
Raspberries Frozen Red Sweetened,Fruits,103,0.7,26.16,0.16,1 cup/ thawed,250
Rhubarb,Fruits,21,0.9,4.54,0.2,1 cup/ diced,122
Sapodilla,Fruits,83,0.44,19.96,1.1,1 cup/ pulp,241
Mamey Sapote,Fruits,124,1.45,32.1,0.46,1 cup 1 inch pieces,175
Soursop,Fruits,66,1,16.84,0.3,1 cup/ pulp,225
Strawberries,Fruits,32,0.67,7.68,0.3,1 cup/ halves,152
Tamarinds,Fruits,239,2.8,62.5,0.6,1 cup/ pulp,120
Fruit Salad (Pineapple And Papaya And Banana And Guava) Tropical Canned Heavy Syrup Solids And Liquids,Fruits,86,0.41,22.36,0.1,1 cup,257
Watermelon,Fruits,30,0.61,7.55,0.15,1 cup/ balls,154
Maraschino Cherries (Canned),Fruits,165,0.22,41.97,0.21,1 cherry (nlea serving),5
Pineapple Canned Juice Pack Drained,Fruits,60,0.51,15.56,0.11,1 cup/ chunks,181
Apricots Canned Heavy Syrup Drained,Fruits,83,0.64,21.31,0.11,1 cup/ halves,219
Cherries Sour Canned Water Pack Drained,Fruits,42,0.69,10.45,0.21,1 cup,168
Cherries Sweet Canned Pitted Heavy Syrup Drained,Fruits,83,0.73,21.07,0.21,1 cup,179
Apple Juice Canned Or Bottled Unsweetened With Added Ascorbic Acid,Fruits,46,0.1,11.3,0.13,1 cup,248
Applesauce Canned Unsweetened With Added Ascorbic Acid,Fruits,42,0.17,11.27,0.1,1 cup,244
Applesauce Canned Sweetened With Salt,Fruits,76,0.18,19.91,0.18,1 cup,255
Pink Grapefruit Juice,Fruits,39,0.5,9.2,0.1,1 cup,247
Apple Juice Frozen Concentrate Unsweetened Diluted With 3 Volume Water With Added Ascorbic Acid,Fruits,47,0.14,11.54,0.1,1 cup,239
Bartlett Pears,Fruits,63,0.39,15.01,0.16,1 cup/ sliced,140
Red Anjou Pears,Fruits,62,0.33,14.94,0.14,1 small,126
Bosc Pear,Fruits,67,0.36,16.1,0.09,1 cup/ sliced,140
Green Anjou Pear,Fruits,66,0.44,15.79,0.1,1 cup/ sliced,140
Prune Puree,Fruits,257,2.1,65.1,0.2,2 tbsp,36
Candied Fruit,Fruits,322,0.34,82.74,0.07,No data available,No data available
Abiyuch,Fruits,69,1.5,17.6,0.1,1/2 cup,114
Rowal,Fruits,111,2.3,23.9,2,1/2 cup,114
Guava Nectar Canned With Added Ascorbic Acid,Fruits,63,0.09,16.25,0.06,1 cup,251
Mango Nectar Canned,Fruits,51,0.11,13.12,0.06,1 cup,251
Tamarind Nectar Canned,Fruits,57,0.09,14.73,0.12,1 cup,251
Pomegranate Juice Bottled,Fruits,54,0.15,13.13,0.29,1 cup,249
Nance Canned Syrup Drained,Fruits,95,0.56,22.79,1.28,3 fruit without pits,11.1
Nance Frozen Unsweetened,Fruits,73,0.66,16.97,1.16,1 cup without pits/ thawed,112
Naranjilla (Lulo) Pulp Frozen Unsweetened,Fruits,25,0.44,5.9,0.22,1 cup thawed,120
Horned Melon (Kiwano),Fruits,44,1.78,7.56,1.26,1 cup,233
Orange Pineapple Juice Blend,Fruits,51,0.41,12.2,0.08,8 fl oz,246
Fuji Apples,Fruits,63,0.2,15.22,0.18,1 cup/ sliced,109
Orange Juice Chilled Includes From Concentrate With Added Calcium And Vitamins A D E,Fruits,49,0.68,11.54,0.12,1 cup,249
Fruit Juice Smoothie Naked Juice Mighty Mango,Fruits,63,0.42,15,0,8 fl oz,240
Fruit Juice Smoothie Naked Juice Green Machine,Fruits,53,0.6,12.53,0.26,1 cup,275
Fruit Juice Smoothie Bolthouse Farms Berry Boost,Fruits,46,0.63,10.9,0.02,1 cup,252
Fruit Juice Smoothie Bolthouse Farms Green Goodness,Fruits,56,0.63,13.04,0.33,1 cup,230
Fruit Juice Smoothie Bolthouse Farms Strawberry Banana,Fruits,52,0.44,12.37,0.3,1 cup,233
Apple Juice Canned Or Bottled Unsweetened With Added Ascorbic Acid Calcium And Potassium,Fruits,48,0.12,11.49,0.17,6 fl oz,177
Lemon Juice From Concentrate Bottled Concord,Fruits,24,0.4,5.37,0.07,1 tbsp,15
Lemon Juice From Concentrate Bottled Real Lemon,Fruits,17,0.47,5.66,0.07,1 tbsp,15
Cranberry Sauce Whole Canned Ocean Spray,Fruits,158,0.75,40.4,0.05,1/4 cup,70
Cranberry Sauce Jellied Canned Ocean Spray,Fruits,160,1.05,40.61,0.04,1/4 cup,70
Ruby Red Grapefruit Juice Blend (Grapefruit Grape Apple) Ocean Spray Bottled With Added Vitamin C,Fruits,44,0.5,10.53,0.1,8 fl oz,248
Cranberry Juice Unsweetened,Fruits,46,0.39,12.2,0.13,1 cup,253
Java Plum,Fruits,60,0.72,15.56,0.23,1 cup,135
Jujube,Fruits,79,1.2,20.23,0.2,No data available,No data available
Dried Jujube,Fruits,281,4.72,72.52,0.5,No data available,No data available
Kiwifruit,Fruits,61,1.14,14.66,0.52,1 cup/ sliced,180
Kumquats,Fruits,71,1.88,15.9,0.86,1 fruit without refuse,19
Limes,Fruits,30,0.7,10.54,0.2,1 fruit (2 inch dia),67
Lime Juice,Fruits,25,0.42,8.42,0.07,1 cup,242
Lime Juice Canned Or Bottled Unsweetened,Fruits,21,0.25,6.69,0.23,1 cup,246
Dried Blueberries (Sweetened),Fruits,317,2.5,80,2.5,1/4 cup,40
Prunes Canned Heavy Syrup Pack Solids And Liquids,Fruits,105,0.87,27.8,0.2,1 cup,234
Prunes (Low-Moisture),Fruits,339,3.7,89.07,0.73,1 cup,132
Prunes Dehydrated (Low-Moisture) Stewed,Fruits,113,1.23,29.7,0.24,1 cup,280
Prunes (Dried Plums),Fruits,240,2.18,63.88,0.38,1 cup/ pitted,174
Quinces,Fruits,57,0.4,15.3,0.1,1 fruit without refuse,92
Golden Seedless Raisins,Fruits,301,3.28,80.02,0.2,1 cup/ packed,165
Raisins,Fruits,299,3.3,79.32,0.25,1 cup/ packed,165
Raisins Seeded,Fruits,296,2.52,78.47,0.54,1 cup/ packed,165
Rambutan Canned Syrup Pack,Fruits,82,0.65,20.87,0.21,1 cup/ drained,150
Rhubarb Frozen Uncooked,Fruits,21,0.55,5.1,0.11,1 cup/ diced,137
Rhubarb Frozen Cooked With Sugar,Fruits,116,0.39,31.2,0.05,1 cup,240
Roselle,Fruits,49,0.96,11.31,0.64,1 cup/ without refuse,57
Rose Apples,Fruits,25,0.6,5.7,0.3,No data available,No data available
Strawberries Canned Heavy Syrup Pack Solids And Liquids,Fruits,92,0.56,23.53,0.26,1 cup,254
Frozen Strawberries,Fruits,35,0.43,9.13,0.11,1 cup/ thawed,221
Strawberries Frozen Sweetened Sliced,Fruits,96,0.53,25.92,0.13,1 cup/ thawed,255
Sugar Apples,Fruits,94,2.06,23.64,0.29,1 cup/ pulp,250
Feijoa,Fruits,61,0.71,15.21,0.42,1 cup/ pureed,243
Asian Pears,Fruits,42,0.5,10.65,0.23,1 fruit 2-1/4 inch high x 2-1/2 inch dia,122
Fruit Cocktail Canned Heavy Syrup Drained,Fruits,70,0.47,18.8,0.1,1 cup,214
Blueberries Canned Light Syrup Drained,Fruits,88,1.04,22.66,0.4,1 cup,244
Blueberries Wild Canned Heavy Syrup Drained,Fruits,107,0.56,28.32,0.34,1 cup,319
Peaches Canned Heavy Syrup Drained,Fruits,72,0.52,18.43,0.18,1 cup,222
Pears Canned Heavy Syrup Drained,Fruits,74,0.24,19.08,0.18,1 cup,201
Plums Canned Heavy Syrup Drained,Fruits,89,0.44,23.12,0.14,1 cup/ with pits/ yields,183
Tangerines (Mandarin Oranges) Canned Juice Pack Drained,Fruits,38,0.75,9.41,0.04,1 cup,189
Peach Nectar Canned With Added Ascorbic Acid,Fruits,50,0.21,11.93,0.51,1 cup,249
Pear Nectar Canned With Added Ascorbic Acid,Fruits,60,0.11,15.76,0.01,1 cup,250
Pineapple Juice Canned Or Bottled Unsweetened With Added Ascorbic Acid,Fruits,53,0.36,12.87,0.12,1 cup,250
Apple Juice Frozen Concentrate Unsweetened Undiluted With Added Ascorbic Acid,Fruits,166,0.51,41,0.37,1 can (6 fl oz),211
Grapefruit Juice White Bottled Unsweetened Ocean Spray,Fruits,37,0.54,7.51,0.64,1 cup,247
Jackfruit Canned Syrup Pack,Fruits,92,0.36,23.94,0.14,1 cup/ drained,178
Medjool Dates,Fruits,277,1.81,74.97,0.15,1 date/ pitted,24
Durian,Fruits,147,1.47,27.09,5.33,1 cup/ chopped or diced,243
Pineapple (Traditional),Fruits,45,0.55,11.82,0.13,1 cup/ chunks,165
Pineapple Raw Extra Sweet Variety,Fruits,51,0.53,13.5,0.11,1 cup/ chunks,165
Clementines,Fruits,47,0.85,12.02,0.15,1 fruit,74
Guanabana Nectar Canned,Fruits,59,0.11,14.93,0.17,1 cup,251
Juice Apple And Grape Blend With Added Ascorbic Acid,Fruits,50,0.16,12.46,0.12,8 fl oz,250
Juice Apple Grape And Pear Blend With Added Ascorbic Acid And Calcium,Fruits,52,0.17,12.96,0.12,8 fl oz,250
Plantains Green Fried,Fruits,309,1.5,49.17,11.81,1 cup,118
Fried Yellow Plantains,Fruits,236,1.42,40.77,7.51,1 cup,169
Red Delicious Apples,Fruits,59,0.27,14.06,0.2,1 cup/ sliced,109
Golden Delicious Apples,Fruits,57,0.28,13.6,0.15,1 cup/ sliced,109
Granny Smith Apples,Fruits,58,0.44,13.61,0.19,1 cup/ sliced,109
Gala Apples,Fruits,57,0.25,13.68,0.12,1 cup/ sliced,109
Pineapple Juice Canned Not From Concentrate Unsweetened With Added Vitamins A C And E,Fruits,50,0.36,12.18,0.14,1 cup,250
Fortified Fruit Juice Smoothie,Fruits,71,0.42,16.67,0,8 fl oz,240
Grape Juice Canned Or Bottled Unsweetened With Added Ascorbic Acid And Calcium,Fruits,62,0.37,14.77,0.13,1 cup,253
Fruit Juice Smoothie Odwalla Original Superfood,Fruits,50,0.63,11.51,0.36,1 cup,227
Frozen Raspberries,Fruits,56,1.15,12.55,0.81,1 cup/ unthawed,140
Guava Nectar With Sucralose Canned,Fruits,48,0.3,13.3,0.07, fl oz,335
Kiwifruit Zespri Sungold Raw,Fruits,63,1.02,15.79,0.28,1 fruit,81
Cranberry Juice Blend 100% Juice Bottled With Added Vitamin C And Calcium,Fruits,45,0.27,10.91,0.12,6 (3/4) fl oz,200
Fruit Juice Smoothie Odwalla Strawberry Banana,Fruits,48,0.5,11.05,0.32,1 cup,233
Fruit Juice Smoothie Naked Juice Strawberry Banana,Fruits,50,0.48,11.66,0.27,1 cup,228
Litchis,Fruits,66,0.83,16.53,0.44,1 cup,190
Dried Litchis,Fruits,277,3.8,70.7,1.2,1 fruit,2.5
Loganberries (Frozen),Fruits,55,1.52,13.02,0.31,1 cup/ unthawed,147
Longans,Fruits,60,1.31,15.14,0.1,1 fruit without refuse,3.2
Mangosteen Canned Syrup Pack,Fruits,73,0.41,17.91,0.58,1 cup/ drained,196
Dried Sweetened Mango,Fruits,319,2.45,78.58,1.18,No data available,No data available
Cantaloupe Melons,Fruits,34,0.84,8.16,0.19,1 cup/ balls,177
Casaba Melon,Fruits,28,1.11,6.58,0.1,1 cup/ cubes,170
Olives,Fruits,116,0.84,6.04,10.9,1 tbsp,8.4
Jumbo Olives,Fruits,81,0.97,5.61,6.87,1 super colossal,15
Green Olives,Fruits,145,1.03,3.84,15.32,1 olive,2.7
Oranges,Fruits,47,0.94,11.75,0.12,1 cup/ sections,180
Orange Juice,Fruits,45,0.7,10.4,0.2,1 cup,248
Canned Orange Juice,Fruits,47,0.68,11.01,0.15,1 cup,249
Orange Juice From Concentrate,Fruits,49,0.68,11.54,0.12,1 cup,249
Orange Juice With Added Calcium And Vitamin D,Fruits,47,0.68,11.27,0.12,1 cup,249
Orange Juice Frozen Concentrate Unsweetened Diluted With 3 Volume Water,Fruits,37,0.6,8.8,0.06,1 cup,249
Orange Peel Raw,Fruits,97,1.5,25,0.2,1 tbsp,6
Orange-Grapefruit Juice Canned Or Bottled Unsweetened,Fruits,43,0.6,10.28,0.1,1 cup,247
Tangerines,Fruits,53,0.81,13.34,0.31,1 cup/ sections,195
Tangerines (Mandarin Oranges) Canned Juice Pack,Fruits,37,0.62,9.57,0.03,1 cup,249
Papaya Nectar Canned,Fruits,57,0.17,14.51,0.15,1 cup,250
Passion Fruit (Granadilla),Fruits,97,2.2,23.38,0.7,1 cup,236
Purple Passion Fruit Juice,Fruits,51,0.39,13.6,0.05,1 cup,247
Yellow Passion Fruit Juice,Fruits,60,0.67,14.45,0.18,1 cup,247
Peaches Canned Light Syrup Pack Solids And Liquids,Fruits,54,0.45,14.55,0.03,1 cup/ halves or slices,251
Peaches Canned Heavy Syrup Pack Solids And Liquids,Fruits,74,0.45,19.94,0.1,1 cup,262
Peaches Canned Extra Heavy Syrup Pack Solids And Liquids,Fruits,96,0.47,26.06,0.03,1 cup/ halves or slices,262
Peaches Spiced Canned Heavy Syrup Pack Solids And Liquids,Fruits,75,0.41,20.08,0.1,1 cup/ whole,242
Peaches Dried Sulfured Stewed With Added Sugar,Fruits,103,1.06,26.6,0.22,1 cup,270
Peaches Frozen Sliced Sweetened,Fruits,94,0.63,23.98,0.13,1 cup/ thawed,250
Peach Nectar Canned Without Added Ascorbic Acid,Fruits,49,0.1,11.61,0.57,1 cup,249
Pears,Fruits,57,0.36,15.23,0.14,1 cup/ slices,140
Pears Canned Water Pack Solids And Liquids,Fruits,29,0.19,7.81,0.03,1 cup/ halves,244
Pears Canned In Syrup,Fruits,97,0.19,25.25,0.13,1 cup/ halves,266
Dried Pears,Fruits,262,1.87,69.7,0.63,1 cup/ halves,180
Pears Dried Sulfured Stewed Without Added Sugar,Fruits,127,0.91,33.81,0.31,1 cup/ halves,255
Pears Dried Sulfured Stewed With Added Sugar,Fruits,140,0.86,37.14,0.29,1 cup/ halves,280
Pineapple,Fruits,50,0.54,13.12,0.12,1 cup/ chunks,165
Pineapple Canned Water Pack Solids And Liquids,Fruits,32,0.43,8.3,0.09,1 cup/ crushed/ sliced/ or chunks,246
Pineapple Canned Juice Pack Solids And Liquids,Fruits,60,0.42,15.7,0.08,1 cup/ crushed/ sliced/ or chunks,249
Pineapple Canned Light Syrup Pack Solids And Liquids,Fruits,52,0.36,13.45,0.12,1 cup/ crushed/ sliced/ or chunks,252
Pineapple Juice Frozen Concentrate Unsweetened Diluted With 3 Volume Water,Fruits,51,0.4,12.67,0.03,1 cup,250
Pitanga,Fruits,33,0.8,7.49,0.4,1 cup,173
Plantains,Fruits,122,1.3,31.89,0.35,1 cup/ sliced,148
Plantains Cooked,Fruits,155,1.52,41.37,0.16,1 cup/ mashed,200
Plums Canned Purple Heavy Syrup Pack Solids And Liquids,Fruits,89,0.36,23.24,0.1,1 cup/ pitted,258
Plums Canned Purple Extra Heavy Syrup Pack Solids And Liquids,Fruits,101,0.36,26.31,0.1,1 cup/ pitted,261
Pomegranates,Fruits,83,1.67,18.7,1.17,1/2 cup arils (seed/juice sacs),87
Dried Longans,Fruits,286,4.9,74,0.4,1 fruit,1.7
Loquats,Fruits,47,0.43,12.14,0.2,1 cup/ cubed,149
Mammy Apple,Fruits,51,0.5,12.5,0.5,1 fruit without refuse,846
Mangos,Fruits,60,0.82,14.98,0.38,1 cup pieces,165
Honeydew Melon,Fruits,36,0.54,9.09,0.14,1 cup/ diced (approx 20 pieces per cup),170
Melon Balls,Fruits,33,0.84,7.94,0.25,1 cup/ unthawed,173
Mulberries,Fruits,43,1.44,9.8,0.39,1 cup,140
Nectarines,Fruits,44,1.06,10.55,0.32,1 cup slices,143
Oheloberries,Fruits,28,0.38,6.84,0.22,1 cup,140
California Valencia Oranges,Fruits,49,1.04,11.89,0.3,1 cup sections/ without membranes,180
Navel Oranges,Fruits,49,0.91,12.54,0.15,1 cup sections/ without membranes,165
Florida Oranges,Fruits,46,0.7,11.54,0.21,1 cup sections/ without membranes,185
Oranges Raw With Peel,Fruits,63,1.3,15.5,0.3,1 cup,170
Orange Juice With Added Calcium,Fruits,47,0.68,11.27,0.12,1 cup,249
Orange Juice Frozen Concentrate Unsweetened Diluted With 3 Volume Water With Added Calcium,Fruits,37,0.6,8.47,0.06,1 cup,249
Orange Juice Frozen Concentrate Unsweetened Undiluted With Added Calcium,Fruits,147,2.4,33.86,0.25,1 cup,262
Orange Juice Frozen Concentrate Unsweetened Undiluted,Fruits,148,2.4,35.19,0.25,1 cup,262
Tangerines (Mandarin Oranges) Canned Light Syrup Pack,Fruits,61,0.45,16.19,0.1,1 cup,252
Tangerine Juice,Fruits,43,0.5,10.1,0.2,1 cup,247
Papaya,Fruits,43,0.47,10.82,0.26,1 cup 1 inch pieces,145
Papaya Canned Heavy Syrup Drained,Fruits,206,0.14,55.83,0.55,1 piece,39
Yellow Peaches,Fruits,39,0.91,9.54,0.25,1 cup slices,154
Peaches Canned Water Pack Solids And Liquids,Fruits,24,0.44,6.11,0.06,1 cup/ halves or slices,244
Peaches Canned Juice Pack Solids And Liquids,Fruits,44,0.63,11.57,0.03,1 cup,250
Peaches Canned Extra Light Syrup Solids And Liquids,Fruits,42,0.4,11.1,0.1,1 cup/ halves or slices,247
Dried Peaches (Low-Moisture),Fruits,325,4.89,83.18,1.03,1 cup,116
Peaches Dehydrated (Low-Moisture) Sulfured Stewed,Fruits,133,2.01,34.14,0.42,1 cup,242
Dried Peaches,Fruits,239,3.61,61.33,0.76,1 cup/ halves,160
Peaches Dried Sulfured Stewed Without Added Sugar,Fruits,77,1.16,19.69,0.25,1 cup,258
Pears Canned Juice Pack Solids And Liquids,Fruits,50,0.34,12.94,0.07,1 cup/ halves,248
Pears Canned Extra Light Syrup Pack Solids And Liquids,Fruits,47,0.3,12.2,0.1,1 cup/ halves,247
Pears Canned Light Syrup Pack Solids And Liquids,Fruits,57,0.19,15.17,0.03,1 cup/ halves,251
Pears Canned Heavy Syrup Pack Solids And Liquids,Fruits,74,0.2,19.17,0.13,1 cup,266
Pear Nectar Canned Without Added Ascorbic Acid,Fruits,60,0.11,15.76,0.01,1 cup,250
Fuyu Persimmon,Fruits,70,0.58,18.59,0.19,1 fruit (2-1/2 inch dia),168
Persimmons Japanese Dried,Fruits,274,1.38,73.43,0.59,1 fruit without refuse,34
Persimmons Native Raw,Fruits,127,0.8,33.5,0.4,1 fruit without refuse,25
Pineapple Canned Heavy Syrup Pack Solids And Liquids,Fruits,78,0.35,20.2,0.11,1 cup/ crushed/ sliced/ or chunks,254
Pineapple Canned Extra Heavy Syrup Pack Solids And Liquids,Fruits,83,0.34,21.5,0.11,1 cup/ crushed/ sliced/ or chunks,260
Pineapple Frozen Chunks Sweetened,Fruits,86,0.4,22.2,0.1,1 cup/ chunks,245
Pineapple Juice Canned Or Bottled Unsweetened Without Added Ascorbic Acid,Fruits,53,0.36,12.87,0.12,1 cup,250
Pineapple Juice Frozen Concentrate Unsweetened Undiluted,Fruits,179,1.3,44.3,0.1,1 can (6 fl oz),216
Plums,Fruits,46,0.7,11.42,0.28,1 cup/ sliced,165
Plums Canned Purple Water Pack Solids And Liquids,Fruits,41,0.39,11.03,0.01,1 cup/ pitted,249
Plums Canned Purple Juice Pack Solids And Liquids,Fruits,58,0.51,15.15,0.02,1 cup/ pitted,252
Plums Canned Purple Light Syrup Pack Solids And Liquids,Fruits,63,0.37,16.28,0.1,1 cup/ pitted,252
Acerola Cherries (West Indian Cherry),Fruits,32,0.4,7.69,0.3,1 cup,98
Acerola Juice Raw,Fruits,23,0.4,4.8,0.3,1 cup,242
Apples,Fruits,52,0.26,13.81,0.17,1 cup/ quartered or chopped,125
Apples (Without Skin),Fruits,48,0.27,12.76,0.13,1 cup slices,110
Apples Dehydrated (Low Moisture) Sulfured Stewed,Fruits,74,0.28,19.91,0.12,1 cup,193
Dried Apples,Fruits,243,0.93,65.89,0.32,1 cup,86
Apples Dried Sulfured Stewed Without Added Sugar,Fruits,57,0.22,15.32,0.07,1 cup,255
Apples Dried Sulfured Stewed With Added Sugar,Fruits,83,0.2,20.73,0.07,1 cup,280
Apples Frozen Unsweetened Unheated,Fruits,48,0.28,12.31,0.32,1 cup slices,173
Applesauce Canned Unsweetened Without Added Ascorbic Acid (Includes USDA Commodity),Fruits,42,0.17,11.27,0.1,1 cup,244
Applesauce Canned Sweetened Without Salt (Includes USDA Commodity),Fruits,68,0.16,17.49,0.17,1 cup,246
Apricots,Fruits,48,1.4,11.12,0.39,1 cup/ halves,155
Apricots Canned Water Pack With Skin Solids And Liquids,Fruits,27,0.71,6.39,0.16,1 cup/ halves,243
Apricots Canned Heavy Syrup Pack With Skin Solids And Liquids,Fruits,83,0.53,21.47,0.08,1 cup/ halves,258
Apricots Canned Heavy Syrup Pack Without Skin Solids And Liquids,Fruits,83,0.51,21.45,0.09,1 cup/ whole/ without pits,258
Apricots Canned Extra Heavy Syrup Pack Without Skin Solids And Liquids,Fruits,96,0.55,24.85,0.04,1 cup/ whole/ without pits,246
Low-Moisture Dried Apricots,Fruits,320,4.9,82.89,0.62,1 cup,119
Apricots Frozen Sweetened,Fruits,98,0.7,25.1,0.1,1 cup,242
Apricot Nectar Canned Without Added Ascorbic Acid,Fruits,56,0.17,13.63,0.45,1 cup,251
Avocados,Fruits,160,2,8.53,14.66,1 cup/ cubes,150
California Avocados,Fruits,167,1.96,8.64,15.41,1 cup/ pureed,230
Florida Avocados,Fruits,120,2.23,7.82,10.06,1 cup/ pureed,230
Cherries Tart Dried Sweetened,Fruits,333,1.25,80.45,0.73,1/4 cup,40
Blackberries Canned Heavy Syrup Solids And Liquids,Fruits,92,1.31,23.1,0.14,1 cup,256
Blackberries Frozen Unsweetened,Fruits,64,1.18,15.67,0.43,1 cup/ unthawed,151
Blueberries,Fruits,57,0.74,14.49,0.33,1 cup,148
Boysenberries Canned Heavy Syrup,Fruits,88,0.99,22.31,0.12,1 cup,256
Boysenberries (Frozen),Fruits,50,1.1,12.19,0.26,1 cup/ unthawed,132
Breadfruit,Fruits,103,1.07,27.12,0.23,1 cup,220
Starfruit (Carambola),Fruits,31,1.04,6.73,0.33,1 cup/ cubes,132
Cherries Sour Red Canned Heavy Syrup Pack Solids And Liquids,Fruits,91,0.73,23.27,0.1,1 cup,256
Cherries Sour Red Canned Extra Heavy Syrup Pack Solids And Liquids,Fruits,114,0.71,29.23,0.09,1 cup,261
Sour Red Cherries (Frozen),Fruits,46,0.92,11.02,0.44,1 cup/ unthawed,155
Cherries (Sweet),Fruits,63,1.06,16.01,0.2,1 cup/ with pits/ yields,138
Cherries Sweet Canned Extra Heavy Syrup Pack Solids And Liquids,Fruits,102,0.59,26.23,0.15,1 cup/ pitted,261
Crabapples,Fruits,76,0.4,19.95,0.3,1 cup slices,110
Cranberries,Fruits,46,0.46,11.97,0.13,1 cup/ chopped,110
Dried Cranberries (Sweetened),Fruits,308,0.17,82.8,1.09,1/4 cup,40
Zante Currants,Fruits,290,3.43,76.98,0.22,1 cup,144
Custard-Apple,Fruits,101,1.7,25.2,0.6,No data available,No data available
Dates (Deglet Noor),Fruits,282,2.45,75.03,0.39,1 cup/ chopped,147
Elderberries,Fruits,73,0.66,18.4,0.5,1 cup,145
Figs,Fruits,74,0.75,19.18,0.3,1 large (2-1/2 inch dia),64
Figs Canned Water Pack Solids And Liquids,Fruits,53,0.4,13.99,0.1,1 cup,248
Figs Canned Light Syrup Pack Solids And Liquids,Fruits,69,0.39,17.95,0.1,1 cup,252
Figs Canned Heavy Syrup Pack Solids And Liquids,Fruits,88,0.38,22.9,0.1,1 cup,259
Figs Canned Extra Heavy Syrup Pack Solids And Liquids,Fruits,107,0.38,27.86,0.1,1 cup,261
Fruit Cocktail (Peach And Pineapple And Pear And Grape And Cherry) Canned Extra Light Syrup Solids And Liquids,Fruits,45,0.4,11.63,0.07,1/2 cup,123
Fruit Cocktail (Peach And Pineapple And Pear And Grape And Cherry) Canned Light Syrup Solids And Liquids,Fruits,57,0.4,14.93,0.07,1 cup,242
Fruit Cocktail (Peach And Pineapple And Pear And Grape And Cherry) Canned Heavy Syrup Solids And Liquids,Fruits,73,0.39,18.91,0.07,1 cup,248
Fruit Cocktail (Peach And Pineapple And Pear And Grape And Cherry) Canned Extra Heavy Syrup Solids And Liquids,Fruits,88,0.39,22.89,0.07,1/2 cup,130
Gooseberries,Fruits,44,0.88,10.18,0.58,1 cup,150
Gooseberries Canned Light Syrup Pack Solids And Liquids,Fruits,73,0.65,18.75,0.2,1 cup,252
Goji Berries Dried,Fruits,349,14.26,77.06,0.39,5 tbsp,28
Grapefruit,Fruits,32,0.63,8.08,0.1,1 cup sections/ with juice,230
White Florida Grapefruit,Fruits,32,0.63,8.19,0.1,1 cup sections/ with juice,230
Grapefruit Sections Canned Water Pack Solids And Liquids,Fruits,36,0.58,9.15,0.1,1 cup,244
Grapefruit Sections Canned Juice Pack Solids And Liquids,Fruits,37,0.7,9.21,0.09,1 cup,249
Grapefruit Sections Canned Light Syrup Pack Solids And Liquids,Fruits,60,0.56,15.44,0.1,1 cup,254
Grapefruit Juice,Fruits,39,0.51,7.74,0.68,8 fl oz,240
White Grapefruit Juice,Fruits,39,0.5,9.2,0.1,1 cup,247
Muscadine Grapes,Fruits,57,0.81,13.93,0.47,1 grape,6
Grape Juice (With Added Vitamin C),Fruits,60,0.37,14.77,0.13,1 cup,253
Grape Juice,Fruits,60,0.37,14.77,0.13,1 cup,253
Groundcherries,Fruits,53,1.9,11.2,0.7,1 cup,140
Guavas,Fruits,68,2.55,14.32,0.95,1 cup,165
Strawberry Guavas,Fruits,69,0.58,17.36,0.6,1 cup,244
Apples Raw Without Skin Cooked Boiled,Fruits,53,0.26,13.64,0.36,1 cup slices,171
Apples Raw Without Skin Cooked Microwave,Fruits,56,0.28,14.41,0.42,1 cup slices,170
Apples Canned Sweetened Sliced Drained Heated,Fruits,67,0.18,16.84,0.43,1 cup slices,204
Apples Dehydrated (Low Moisture) Sulfured Uncooked,Fruits,346,1.32,93.53,0.58,1 cup,60
Apples Frozen Unsweetened Heated,Fruits,47,0.29,12,0.33,1 cup slices,206
Apple Juice,Fruits,46,0.1,11.3,0.13,1 cup,248
Apple Juice Frozen Concentrate Unsweetened Undiluted Without Added Ascorbic Acid,Fruits,166,0.51,41,0.37,1 can (6 fl oz),211
Apple Juice Frozen Concentrate Unsweetened Diluted With 3 Volume Water Without Added Ascorbic Acid,Fruits,47,0.14,11.54,0.1,1 cup,239
Apricots Canned Water Pack Without Skin Solids And Liquids,Fruits,22,0.69,5.48,0.03,1 cup/ whole/ without pits,227
Apricots Canned Juice Pack With Skin Solids And Liquids,Fruits,48,0.63,12.34,0.04,1 cup/ halves,244
Apricots Canned Extra Light Syrup Pack With Skin Solids And Liquids,Fruits,49,0.6,12.5,0.1,1 cup/ halves,247
Apricots Canned Light Syrup Pack With Skin Solids And Liquids,Fruits,63,0.53,16.49,0.05,1 cup/ halves,253
Apricots Dehydrated (Low-Moisture) Sulfured Stewed,Fruits,126,1.93,32.62,0.24,1 cup,249
Dried Apricots,Fruits,241,3.39,62.64,0.51,1 cup/ halves,130
Apricots Dried Sulfured Stewed Without Added Sugar,Fruits,85,1.2,22.15,0.18,1 cup/ halves,250
Apricots Dried Sulfured Stewed With Added Sugar,Fruits,113,1.17,29.26,0.15,1 cup/ halves,270
Bananas,Fruits,89,1.09,22.84,0.33,1 cup/ mashed,225
Dried Bananas,Fruits,346,3.89,88.28,1.81,1 cup,100
Blackberries,Fruits,43,1.39,9.61,0.49,1 cup,144
Blackberry Juice Canned,Fruits,38,0.3,7.8,0.6,1 cup,250
Blueberries Canned Heavy Syrup Solids And Liquids,Fruits,88,0.65,22.06,0.33,1 cup,256
Wild Blueberries (Frozen),Fruits,57,0,13.85,0.16,1 cup/ frozen,140
Blueberries (Frozen),Fruits,51,0.42,12.17,0.64,1 cup/ unthawed,155
Blueberries Frozen Sweetened,Fruits,85,0.4,21.95,0.13,1 cup/ thawed,230
Carissa,Fruits,62,0.5,13.63,1.3,1 cup slices,150
Cherimoya,Fruits,75,1.57,17.71,0.68,1 cup/ pieces,160
Sour Red Cherries,Fruits,50,1,12.18,0.3,1 cup/ without pits,155
Cherries Sour Red Canned Water Pack Solids And Liquids (Includes USDA Commodity Red Tart Cherries Canned),Fruits,36,0.77,8.94,0.1,1 cup,244
Cherries Sour Red Canned Light Syrup Pack Solids And Liquids,Fruits,75,0.74,19.3,0.1,1 cup,252
Cherries Sweet Canned Water Pack Solids And Liquids,Fruits,46,0.77,11.76,0.13,1 cup/ pitted,248
Cherries Sweet Canned Juice Pack Solids And Liquids,Fruits,54,0.91,13.81,0.02,1 cup/ pitted,250
Cherries Sweet Canned Light Syrup Pack Solids And Liquids,Fruits,67,0.61,17.29,0.15,1 cup/ pitted,252
Cherries Sweet Canned Pitted Heavy Syrup Pack Solids And Liquids,Fruits,83,0.6,21.27,0.15,1 cup,253
Cranberry Sauce Canned Sweetened,Fruits,159,0.9,40.4,0.15,1 cup,277
Cranberry-Orange Relish Canned,Fruits,178,0.3,46.2,0.1,1 cup,275
European Black Currants,Fruits,63,1.4,15.38,0.41,1 cup,112
Red And White Currants,Fruits,56,1.4,13.8,0.2,1 cup,112
Dried Figs,Fruits,249,3.3,63.87,0.93,1 cup,149
Figs Dried Stewed,Fruits,107,1.42,27.57,0.4,1 cup,259
Fruit Cocktail (Peach And Pineapple And Pear And Grape And Cherry) Canned Water Pack Solids And Liquids,Fruits,32,0.42,8.51,0.05,1 cup,237
Fruit Cocktail (Peach And Pineapple And Pear And Grape And Cherry) Canned Juice Pack Solids And Liquids,Fruits,46,0.46,11.86,0.01,1 cup,237
Fruit Salad (Peach And Pear And Apricot And Pineapple And Cherry) Canned Water Pack Solids And Liquids,Fruits,30,0.35,7.87,0.07,1 cup,245
Fruit Salad (Peach And Pear And Apricot And Pineapple And Cherry) Canned Juice Pack Solids And Liquids,Fruits,50,0.51,13.05,0.03,1 cup,249
Fruit Salad (Peach And Pear And Apricot And Pineapple And Cherry) Canned Light Syrup Solids And Liquids,Fruits,58,0.34,15.14,0.07,1 cup,252
Fruit Salad (Peach And Pear And Apricot And Pineapple And Cherry) Canned Extra Heavy Syrup Solids And Liquids,Fruits,88,0.33,22.77,0.06,1 cup,259
Pink Grapefruit,Fruits,42,0.77,10.66,0.14,1 cup sections/ with juice,230
California Grapefruit,Fruits,37,0.5,9.69,0.1,1 cup sections/ with juice,230
Florida Grapefruit,Fruits,30,0.55,7.5,0.1,1 cup sections/ with juice,230
White Grapefruit,Fruits,33,0.69,8.41,0.1,1 cup sections/ with juice,230
White California Grapefruit,Fruits,37,0.88,9.09,0.1,1 cup sections/ with juice,230
Grapefruit Juice White Canned Or Bottled Unsweetened,Fruits,37,0.55,7.54,0.66,1 cup,247
Grapefruit Juice White Canned Sweetened,Fruits,46,0.58,11.13,0.09,1 cup,250
Grapefruit Juice White Frozen Concentrate Unsweetened Undiluted,Fruits,146,1.97,34.56,0.48,1 can (6 fl oz),207
Grapefruit Juice White Frozen Concentrate Unsweetened Diluted With 3 Volume Water,Fruits,41,0.55,9.73,0.13,1 cup,247
Grapes,Fruits,67,0.63,17.15,0.35,1 cup,92
Red Or Green Grapes (European),Fruits,69,0.72,18.1,0.16,1 cup,151
Grapes Canned Thompson Seedless Water Pack Solids And Liquids,Fruits,40,0.5,10.3,0.11,1 cup,245
Grapes Canned Thompson Seedless Heavy Syrup Pack Solids And Liquids,Fruits,76,0.48,19.65,0.1,1 cup,256
Guava Sauce Cooked,Fruits,36,0.32,9.48,0.14,1 cup,238
Jackfruit,Fruits,95,1.72,23.25,0.64,1 cup/ sliced,165
Grapefruit And Orange Sections Raw,Fruits,40,0.78,9.91,0.11,1 section,16
Grapefruit And Orange Sections Cooked Canned Or Frozen Ns As To Added Sweetener,Fruits,60,0.59,15.35,0.09,1 cup,254
Grapefruit And Orange Sections Cooked Canned Or Frozen Unsweetened Water Pack,Fruits,27,0.53,6.68,0.07,1 cup,244
Grapefruit And Orange Sections Cooked Canned Or Frozen In Light Syrup,Fruits,60,0.59,15.35,0.09,1 cup,254
Kumquat Cooked Or Canned In Syrup,Fruits,98,1.26,23.65,0.58,1 kumquat,14
Orange Sections Canned Juice Pack,Fruits,47,0.85,11.5,0.13,1 cup,204
Grapefruit Juice 100% Ns As To Form,Fruits,34,0.58,7.93,0.1,No data available,No data available
Grapefruit Juice 100% Canned Bottled Or In A Carton,Fruits,34,0.58,7.93,0.1,No data available,No data available
Grapefruit Juice 100% With Calcium Added,Fruits,38,0.5,8.69,0.1,1 fl oz (no ice),31
Grapefruit Juice100% Frozen Reconstituted,Fruits,41,0.55,9.66,0.13,No data available,No data available
Orange Juice 100% Nfs,Fruits,48,0.68,11.45,0.12,1 fl oz (no ice),31
Orange Juice 100% Frozen Reconstituted,Fruits,42,0.68,10.04,0.07,No data available,No data available
Orange Juice 100% With Calcium Added Frozen Reconstituted,Fruits,42,0.68,9.67,0.07,No data available,No data available
Apple Dried Cooked Ns As To Sweetened Or Unsweetened; Sweetened Ns As To Type Of Sweetener,Fruits,92,0.2,24.39,0.06,1 cup,255
Apple Dried Cooked With Sugar,Fruits,92,0.2,24.39,0.06,1 cup,280
Apple Chips,Fruits,460,1.04,73.7,21.66,1 cup,28
Apricot Dried Cooked Ns As To Sweetened Or Unsweetened; Sweetened Ns As To Type Of Sweetener,Fruits,117,1.07,30.49,0.16,1 cup,250
Apricot Dried Cooked With Sugar,Fruits,117,1.07,30.49,0.16,1 cup/ nfs,270
Fig Dried Cooked Ns As To Sweetened Or Unsweetened; Sweetened Ns As To Type Of Sweetener,Fruits,137,1.27,35.33,0.36,1 cup,259
Fig Dried Cooked With Sugar,Fruits,137,1.27,35.33,0.36,1 cup,270
Papaya Dried,Fruits,296,1.55,75.46,0.86,1 strip,23
Peach Dried Cooked Ns As To Sweetened Or Unsweetened; Sweetened Ns As To Type Of Sweetener,Fruits,110,1.04,28.29,0.22,1 cup,258
Peach Dried Cooked With Sugar,Fruits,110,1.04,28.29,0.22,1 cup,270
Pear Dried Cooked Ns As To Sweetened Or Unsweetened; Sweetened Ns As To Type Of Sweetener,Fruits,155,0.81,40.9,0.28,1 cup,255
Pear Dried Cooked With Sugar,Fruits,155,0.81,40.9,0.28,1 cup,280
Pineapple Dried,Fruits,269,1.51,70.08,0.34,1 piece,28
Prune Dried Cooked Ns As To Sweetened Or Unsweetened; Sweetened Ns As To Type Of Sweetener,Fruits,137,0.86,35.78,0.14,1 prune,10
Prune Dried Cooked With Sugar,Fruits,137,0.86,35.78,0.14,1 prune,10
Raisins Cooked,Fruits,219,1.43,57.38,0.21,1 cup,295
Fruit Ns As To Type,Fruits,69,0.76,17.76,0.22,1 fruit,138
Apple Baked Ns As To Added Sweetener,Fruits,95,0.25,24.79,0.16,1 apple with liquid,171
Apple Baked Unsweetened,Fruits,56,0.28,14.85,0.18,1 apple with liquid,161
Apple Baked With Sugar,Fruits,95,0.25,24.79,0.16,1 apple with liquid,171
Apple Rings Fried,Fruits,119,0.27,19.35,5.33,1 ring,19
Apple Pickled,Fruits,126,0.18,32.1,0.12,1 apple,29
Apple Fried,Fruits,138,0.28,24.06,5.37,1 cup,179
Banana Red Fried,Fruits,147,1.14,23.99,6.41,"1 fruit (7-1/4"" long)",94
Banana Baked,Fruits,127,1.22,32.55,0.38,"1 banana (7-1/4"" long)",128
Banana Ripe Fried,Fruits,147,1.14,23.99,6.41,1 small,73
Banana Batter-Dipped Fried,Fruits,308,4.85,39.36,15.18,1 small,108
Starfruit Cooked With Sugar,Fruits,69,0.93,16.72,0.3,1 cup,205
Guava Shell Canned In Heavy Syrup,Fruits,109,1.81,25.83,0.68,1 cup,310
Lychee Cooked Or Canned In Sugar Or Syrup,Fruits,95,0.56,24.07,0.3,1 lychee with liquid,21
Mango Pickled,Fruits,132,0.56,32.9,0.26,1 slice,28
Mango Cooked,Fruits,60,0.82,14.98,0.38,1 oz,28
Nectarine Cooked,Fruits,85,1,21.19,0.3,1 cup,262
Papaya Green Cooked,Fruits,43,0.47,10.82,0.26,1 cup,244
Papaya Cooked Or Canned In Sugar Or Syrup,Fruits,79,0.32,20.25,0.17,1 cup,244
Peach Pickled,Fruits,118,0.62,29.2,0.17,1 fruit,88
Plum Pickled,Fruits,123,0.48,30.8,0.19,1 plum,28
Rhubarb Cooked Or Canned Unsweetened,Fruits,21,0.9,4.54,0.2,1 cup,240
Rhubarb Cooked Or Canned In Light Syrup,Fruits,60,0.49,15.27,0.1,1 cup,240
Rhubarb Cooked Or Canned Drained Solids,Fruits,116,0.39,31.2,0.05,1 cup,240
Blackberries Frozen Sweetened Ns As To Type Of Sweetener,Fruits,99,1.05,24.7,0.38,1 cup,145
Blueberries Cooked Or Canned Unsweetened Water Pack,Fruits,38,0.5,9.71,0.22,1 cup,244
Raspberries Cooked Or Canned Unsweetened Water Pack,Fruits,35,0.8,8,0.44,1 cup,243
Raspberries Frozen Unsweetened,Fruits,52,1.2,11.94,0.65,1 cup,250
Strawberries Raw With Sugar,Fruits,50,0.64,12.3,0.28,1 cup/ nfs,160
Strawberries Cooked Or Canned Unsweetened Water Pack,Fruits,21,0.45,5.15,0.2,1 cup,242
Ambrosia,Fruits,70,0.9,16.16,0.96,1 cup,193
Cranberry-Orange Relish Uncooked,Fruits,131,0.45,33.74,0.1,1 cup,275
Cranberry-Raspberry Sauce,Fruits,162,0.78,41.83,0.22,1 container (12 oz),340
Fruit Salad Fresh Or Raw  Excluding Citrus Fruits No Dressing,Fruits,53,0.7,13.53,0.26,1 cup,175
Fruit Salad Fresh Or Raw Including Citrus Fruits No Dressing,Fruits,52,0.75,13.16,0.23,1 cup,175
Fruit Cocktail Or Mix Frozen,Fruits,49,0.98,11.99,0.3,1 cup,215
Fruit Salad Puerto Rican Style,Fruits,58,0.7,14.73,0.21,1 cup,247
Apple Salad With Dressing,Fruits,172,1.48,12.15,13.92,1 cup,137
Apple Candied,Fruits,129,1.27,28.59,2.02,1 small apple,198
Banana Whip,Fruits,136,4.93,30.26,0.3,1 cup,130
Prune Whip,Fruits,147,4.66,33.76,0.19,1 cup,130
Fried Dwarf Banana Puerto Rican Style,Fruits,155,1,20.96,8.53,"1 banana (4"" x 1-1/2"" x 1-1/2"")",36
Fried Dwarf Banana With Cheese Puerto Rican Style,Fruits,210,3.54,23.97,12.37,"1 banana (4"" x 1-1/2"" x 1-1/2"")",40
Fruit Salad Excluding Citrus Fruits With Salad Dressing Or Mayonnaise,Fruits,235,1.89,13.27,20.32,1 cup,188
Fruit Salad Excluding Citrus Fruits With Whipped Cream,Fruits,150,2.21,14.79,10.29,1 cup,182
Fruit Salad Excluding Citrus Fruits With Nondairy Whipped Topping,Fruits,139,2.06,16.93,8.26,1 cup,175
Fruit Salad Excluding Citrus Fruits With Marshmallows,Fruits,239,1.89,17.26,19.14,1 cup,171
Fruit Salad Including Citrus Fruits With Pudding,Fruits,123,2.04,17.41,6.01,1 cup,182
Fruit Salad Excluding Citrus Fruits With Pudding,Fruits,125,1.97,17.82,6.13,1 cup,182
Fruit Salad Including Citrus Fruits With Salad Dressing Or Mayonnaise,Fruits,230,1.96,12.94,19.92,1 cup,188
Fruit Salad Including Citrus Fruit With Whipped Cream,Fruits,147,2.28,14.4,10.06,1 cup,182
Fruit Salad Including Citrus Fruits With Nondairy Whipped Topping,Fruits,136,2.13,16.47,8.07,1 cup,175
Fruit Salad Including Citrus Fruits With Marshmallows,Fruits,235,1.95,16.87,18.79,1 cup,171
Fruit Dessert With Cream And/or Pudding And Nuts,Fruits,203,1.52,28.96,9.99,1 cup,178
Cranberry Salad Congealed,Fruits,116,1.91,20.57,3.61,1 cup,253
Pineapple Salad With Dressing,Fruits,96,0.58,11.9,5.71,1 serving (lettuce/ 1 cup diced pineapple/ dressing),184
Pickled Green Bananas Puerto Rican Style,Fruits,320,0.91,15.04,29.52,1 cup,150
Tomato Green Pickled,Fruits,36,1.09,8.24,0.24,"1 tomato (2-3/8"" dia)",74
Sauerkraut Cooked Ns As To Fat Added In Cooking,Fruits,39,0.9,4.15,2.48,1 cup,142
Sauerkraut Cooked Fat Added In Cooking,Fruits,31,0.9,4.2,1.56,1 cup,147
Beans String Green Pickled,Fruits,28,1.58,6.09,0.19,1 cup,135
Celery Pickled,Fruits,16,0.61,2.69,0.15,1 cup,150
Corn Relish,Fruits,84,1.72,19.02,0.55,1 cup,245
Cauliflower Pickled,Fruits,43,1.48,9.56,0.3,1 cup,125
Cabbage Red Pickled,Fruits,44,0.81,8.6,0.11,1 cup,150
Mushrooms Pickled,Fruits,21,2.65,2.89,0.29,1 cup,156
Okra Pickled,Fruits,30,1.66,6.49,0.16,1 pod,11
Olives Nfs,Fruits,124,0.9,5.53,12.07,1 slice,1
Olives Black,Fruits,105,0.88,6.06,9.54,1 slice,1
Olives Green Stuffed,Fruits,128,1.04,4.02,13.22,1 cup,147
Peppers Pickled,Fruits,40,0.82,9.04,0.19,1 cup,135
Seaweed Pickled,Fruits,156,1.36,37.58,0.2,1 cup,150
Vegetables Pickled Hawaiian Style,Fruits,35,1.03,6.83,0.37,1 cup,150
Vegetable Relish,Fruits,36,0.69,8.65,0.15,1 cup,140
Vegetables Pickled,Fruits,27,1.03,5.61,0.2,1 cup,163
Turnip Pickled,Fruits,43,0.84,9.95,0.14,1 cup,155
Tsukemono Japanese Pickles,Fruits,29,1.35,5.44,0.2,1 cup,135
Zucchini Pickled,Fruits,38,1.05,8.26,0.32,1 cup,170
Chinese Preserved Sweet Vegetable,Fruits,371,0.39,95.51,0.1,1 slice,12
