Vital Wheat Gluten,Grains and Pasta,370,75.16,13.79,1.85,No data available,No data available
Cornmeal Degermed Enriched Yellow,Grains and Pasta,370,7.11,79.45,1.75,1 cup,157
Cornmeal Yellow Self-Rising Bolted Plain Enriched,Grains and Pasta,334,8.28,70.28,3.4,1 cup,122
Cornmeal Yellow Self-Rising Bolted With Wheat Flour Added Enriched,Grains and Pasta,348,8.41,73.43,2.85,1 cup,170
Cornmeal Yellow Self-Rising Degermed Enriched,Grains and Pasta,355,8.41,74.79,1.72,1 cup,138
Cooked Millet,Grains and Pasta,119,3.51,23.67,1,1 cup,174
Oat Bran,Grains and Pasta,246,17.3,66.22,7.03,1 cup,94
Cooked Oat Bran,Grains and Pasta,40,3.21,11.44,0.86,1 cup,219
Quinoa Uncooked,Grains and Pasta,368,14.12,64.16,6.07,1 cup,170
Cooked Brown Rice,Grains and Pasta,112,2.32,23.51,0.83,1 cup,195
Rice Brown Parboiled Dry Uncle Bens,Grains and Pasta,370,7.6,78.68,2.75,1/4 cup,48
Rice White Long-Grain Regular Raw Enriched,Grains and Pasta,365,7.13,79.95,0.66,1 cup,185
White Rice,Grains and Pasta,130,2.69,28.17,0.28,1 cup,158
Rice White Medium-Grain Raw Enriched,Grains and Pasta,360,6.61,79.34,0.58,1 cup,195
Medium Grain White Rice,Grains and Pasta,130,2.38,28.59,0.21,1 cup,186
Rice White Short-Grain Enriched Uncooked,Grains and Pasta,358,6.5,79.15,0.52,1 cup,200
Rice White Short-Grain Enriched Cooked,Grains and Pasta,130,2.36,28.73,0.19,1 cup,186
Rice White Glutinous Unenriched Uncooked,Grains and Pasta,370,6.81,81.68,0.55,1 cup,185
Rye Grain,Grains and Pasta,338,10.34,75.86,1.63,1 cup,169
Rye Flour Dark,Grains and Pasta,325,15.91,68.63,2.22,1 cup,128
Rye Flour Medium,Grains and Pasta,349,10.88,75.43,1.52,1 cup,102
Rye Flour Light,Grains and Pasta,357,9.82,76.68,1.33,1 cup,102
Triticale Flour Whole-Grain,Grains and Pasta,338,13.18,73.14,1.81,1 cup,130
Wheat Hard Red Spring,Grains and Pasta,329,15.4,68.03,1.92,1 cup,192
Wheat Hard Red Winter,Grains and Pasta,327,12.61,71.18,1.54,1 cup,192
Wheat Soft Red Winter,Grains and Pasta,331,10.35,74.24,1.56,1 cup,168
Wheat Germ Crude,Grains and Pasta,360,23.15,51.8,9.72,1 cup,115
Wheat Flour Whole-Grain,Grains and Pasta,340,13.21,71.97,2.5,1 cup,120
Wheat Flour White All-Purpose Enriched Bleached,Grains and Pasta,364,10.33,76.31,0.98,1 cup,125
Wheat Flour White All-Purpose Self-Rising Enriched,Grains and Pasta,354,9.89,74.22,0.97,1 cup,125
Wheat Flour White Bread Enriched,Grains and Pasta,361,11.98,72.53,1.66,1 cup,137
Cooked Wild Rice,Grains and Pasta,101,3.99,21.34,0.34,1 cup,164
Rice Flour Brown,Grains and Pasta,363,7.23,76.48,2.78,1 cup,158
Pasta Gluten-Free Corn Dry,Grains and Pasta,357,7.46,79.26,2.08,1 cup,105
Gluten Free Corn Noodles (Cooked),Grains and Pasta,126,2.63,27.91,0.73,1 cup,140
Pasta Homemade Made With Egg Cooked,Grains and Pasta,130,5.28,23.54,1.74,2 oz,57
Pasta Homemade Made Without Egg Cooked,Grains and Pasta,124,4.37,25.12,0.98,2 oz,57
Macaroni Vegetable Enriched Dry,Grains and Pasta,367,13.14,74.88,1.04,1 cup spiral shaped,84
Macaroni Vegetable Enriched Cooked,Grains and Pasta,128,4.53,26.61,0.11,1 cup spiral shaped,134
Noodles Chinese Chow Mein,Grains and Pasta,471,10.88,63.64,21.24,1/2 cup dry,28
Noodles Japanese Soba Dry,Grains and Pasta,336,14.38,74.62,0.71,2 oz,57
Japanese Soba Noodles (Buckwheat),Grains and Pasta,99,5.06,21.44,0.1,1 cup,114
Noodles Japanese Somen Dry,Grains and Pasta,356,11.35,74.1,0.81,2 oz,57
Cooked Japanese Somen,Grains and Pasta,131,4,27.54,0.18,1 cup,176
Whole Wheat Pasta,Grains and Pasta,149,5.99,30.07,1.71,1 cup spaghetti not packed,117
Spaghetti Spinach Dry,Grains and Pasta,372,13.35,74.81,1.57,2 oz,57
Spaghetti Spinach Cooked,Grains and Pasta,130,4.58,26.15,0.63,1 cup,140
Wheat Flours Bread Unenriched,Grains and Pasta,361,11.98,72.53,1.66,1 cup unsifted/ dipped,137
Rice Noodles (Cooked),Grains and Pasta,108,1.79,24.01,0.2,1 cup,176
Pasta Whole Grain 51% Whole Wheat Remaining Unenriched Semolina Dry,Grains and Pasta,362,13.51,73.1,2.68,1 cup spaghetti,91
Pasta Whole Grain 51% Whole Wheat Remaining Unenriched Semolina Cooked,Grains and Pasta,159,5.82,31.51,1.5,1 cup spaghetti not packed,116
Quinoa Cooked,Grains and Pasta,120,4.4,21.3,1.92,1 cup,185
Cooked Teff,Grains and Pasta,101,3.87,19.86,0.65,1 cup,252
Noodles Egg Cooked Enriched With Added Salt,Grains and Pasta,138,4.54,25.16,2.07,1 cup,160
Corn Grain White,Grains and Pasta,365,9.42,74.26,4.74,1 cup,166
Corn Flour Whole-Grain Blue (Harina De Maiz Morado),Grains and Pasta,364,8.75,73.89,5.09,1 tbsp,6.9
Cornmeal Degermed Enriched White,Grains and Pasta,370,7.11,79.45,1.75,1 cup,157
Cornmeal White Self-Rising Bolted Plain Enriched,Grains and Pasta,334,8.28,70.28,3.4,1 cup,122
Cornmeal White Self-Rising Bolted With Wheat Flour Added Enriched,Grains and Pasta,348,8.41,73.43,2.85,1 cup,170
Cornmeal White Self-Rising Degermed Enriched,Grains and Pasta,355,8.41,74.79,1.72,1 cup,138
Noodles Egg Unenriched Cooked Without Added Salt,Grains and Pasta,138,4.54,25.16,2.07,1 cup,160
Pasta Dry Unenriched,Grains and Pasta,371,13.04,74.67,1.51,1 cup spaghetti,91
Cooked Pasta (Unenriched),Grains and Pasta,158,5.8,30.86,0.93,1 cup spaghetti not packed,124
Cornmeal Degermed Unenriched Yellow,Grains and Pasta,370,7.11,79.45,1.75,1 cup,157
Rice White Medium-Grain Cooked Unenriched,Grains and Pasta,130,2.38,28.59,0.21,1 cup,186
Rice White Short-Grain Raw Unenriched,Grains and Pasta,358,6.5,79.15,0.52,1 cup,200
Rice White Short-Grain Cooked Unenriched,Grains and Pasta,130,2.36,28.73,0.19,1 cup,205
Semolina Unenriched,Grains and Pasta,360,12.68,72.83,1.05,1 cup,167
Spaghetti Protein-Fortified Cooked Enriched (N X 6.25),Grains and Pasta,164,8.86,30.88,0.21,1 cup,140
Rice White Long-Grain Regular Cooked Unenriched With Salt,Grains and Pasta,130,2.69,28.17,0.28,1 cup,158
Wheat Flour White All-Purpose Enriched Unbleached,Grains and Pasta,364,10.33,76.31,0.98,1 cup,125
Spaghetti Protein-Fortified Dry Enriched (N X 6.25),Grains and Pasta,374,21.78,65.65,2.23,2 oz,57
Wheat Flour White (Industrial) 10% Protein Unbleached Enriched,Grains and Pasta,366,9.71,76.22,1.48,No data available,No data available
Wheat Flour White (Industrial) 11.5% Protein Bleached Enriched,Grains and Pasta,363,11.5,73.81,1.45,No data available,No data available
Wheat Flour White (Industrial) 11.5% Protein Bleached Unenriched,Grains and Pasta,363,11.5,73.81,1.45,No data available,No data available
Wheat Flour White (Industrial) 11.5% Protein Unbleached Enriched,Grains and Pasta,363,11.5,73.81,1.45,No data available,No data available
Wheat Flour White (Industrial) 13% Protein Bleached Enriched,Grains and Pasta,362,13.07,72.2,1.38,No data available,No data available
Whole Grain Sorghum Flour,Grains and Pasta,359,8.43,76.64,3.34,1 cup,121
Wheat Flour Whole-Grain Soft Wheat,Grains and Pasta,332,9.61,74.48,1.95,No data available,No data available
Corn Flour Masa Enriched White,Grains and Pasta,363,8.46,76.59,3.69,1 cup,114
Corn Flour Yellow Degermed Unenriched,Grains and Pasta,375,5.59,82.75,1.39,1 cup,126
Corn Flour Masa Unenriched White,Grains and Pasta,363,8.46,76.59,3.69,1 cup,114
Uncooked Yellow Cornmeal,Grains and Pasta,362,8.12,76.89,3.59,1 cup,122
Cornstarch,Grains and Pasta,381,0.26,91.27,0.05,1 cup,128
Couscous Dry,Grains and Pasta,376,12.76,77.43,0.64,1 cup,173
Cooked Couscous,Grains and Pasta,112,3.79,23.22,0.16,1 cup/ cooked,157
Canned Hominy,Grains and Pasta,72,1.48,14.26,0.88,1 cup,165
Millet Raw,Grains and Pasta,378,11.02,72.85,4.22,1 cup,200
Rice Brown Long-Grain Raw,Grains and Pasta,367,7.54,76.25,3.2,1 cup,185
Brown Rice,Grains and Pasta,123,2.74,25.58,0.97,1 cup,202
Uncooked Oats,Grains and Pasta,389,16.89,66.27,6.9,1 cup,156
Rice Brown Medium-Grain Raw,Grains and Pasta,362,7.5,76.17,2.68,1 cup,190
Rice White Long-Grain Parboiled Enriched Dry,Grains and Pasta,374,7.51,80.89,1.03,1 cup,185
Rice White Long-Grain Parboiled Enriched Cooked,Grains and Pasta,123,2.91,26.05,0.37,1 cup,158
Rice White Long-Grain Precooked Or Instant Enriched Dry,Grains and Pasta,380,7.82,82.32,0.94,1 cup,95
Rice White Long-Grain Precooked Or Instant Enriched Prepared,Grains and Pasta,124,2.18,26.76,0.5,1 cup,165
Rice White Glutinous Unenriched Cooked,Grains and Pasta,97,2.02,21.09,0.19,1 cup,174
Rice White Steamed Chinese Restaurant,Grains and Pasta,151,3.2,33.88,0.27,1 cup/ loosely packed,132
Rice Bran,Grains and Pasta,316,13.35,49.69,20.85,1 cup,118
Rice Flour White Unenriched,Grains and Pasta,366,5.95,80.13,1.42,1 cup,158
Semolina Enriched,Grains and Pasta,360,12.68,72.83,1.05,1 cup,167
Sorghum Grain,Grains and Pasta,329,10.62,72.09,3.46,1 cup,192
Tapioca Pearl Dry,Grains and Pasta,358,0.19,88.69,0.02,1 cup,152
Triticale,Grains and Pasta,336,13.05,72.13,2.09,1 cup,192
Wheat Hard White,Grains and Pasta,342,11.31,75.9,1.71,1 cup,192
Wheat Soft White,Grains and Pasta,340,10.69,75.36,1.99,1 cup,168
Wheat Durum,Grains and Pasta,339,13.68,71.13,2.47,1 cup,192
Wheat Bran Crude,Grains and Pasta,216,15.55,64.51,4.25,1 cup,58
Wheat Flour White Cake Enriched,Grains and Pasta,362,8.2,78.03,0.86,1 cup unsifted/ dipped,137
Wheat Flour White Tortilla Mix Enriched,Grains and Pasta,405,9.66,67.14,10.63,1 cup,111
Wheat Sprouted,Grains and Pasta,198,7.49,42.53,1.27,1 cup,108
Wild Rice Raw,Grains and Pasta,357,14.73,74.9,1.08,1 cup,160
Pasta Fresh-Refrigerated Plain As Purchased,Grains and Pasta,288,11.31,54.73,2.3,4  (1/2) oz,128
Pasta Fresh-Refrigerated Plain Cooked,Grains and Pasta,131,5.15,24.93,1.05,2 oz,128
Pasta Fresh-Refrigerated Spinach As Purchased,Grains and Pasta,289,11.26,55.72,2.1,4  (1/2) oz,128
Pasta Fresh-Refrigerated Spinach Cooked,Grains and Pasta,130,5.06,25.04,0.94,2 oz,57
Noodles Egg Dry Enriched,Grains and Pasta,384,14.16,71.27,4.44,1 cup,38
Egg Noodles (Cooked),Grains and Pasta,138,4.54,25.16,2.07,1 cup,160
Noodles Egg Spinach Enriched Dry,Grains and Pasta,382,14.61,70.32,4.55,1 cup,38
Spinach Egg Noodles (Cooked),Grains and Pasta,132,5.04,24.25,1.57,1 cup,160
Noodles Flat Crunchy Chinese Restaurant,Grains and Pasta,521,10.33,51.9,31.72,1 cup,45
Pasta Dry Enriched,Grains and Pasta,371,13.04,74.67,1.51,1 cup spaghetti,91
Pasta Cooked Enriched Without Added Salt,Grains and Pasta,158,5.8,30.86,0.93,1 cup spaghetti not packed,124
Pasta Whole-Wheat Dry,Grains and Pasta,352,13.87,73.37,2.93,1 cup spaghetti,91
Barley Flour Or Meal,Grains and Pasta,345,10.5,74.52,1.6,1 cup,148
Barley Malt Flour,Grains and Pasta,361,10.28,78.3,1.84,1 cup,162
Oat Flour Partially Debranned,Grains and Pasta,404,14.66,65.7,9.12,1 cup,104
Rice Noodles Dry,Grains and Pasta,364,5.95,80.18,0.56,2 oz,57
Wheat Kamut Khorasan Uncooked,Grains and Pasta,337,14.54,70.58,2.13,1 cup,186
Kamut Cooked,Grains and Pasta,132,5.71,27.6,0.83,1 cup,172
Spelt Uncooked,Grains and Pasta,338,14.57,70.19,2.43,1 cup,174
Cooked Spelt,Grains and Pasta,127,5.5,26.44,0.85,1 cup,194
Teff Uncooked,Grains and Pasta,367,13.3,73.13,2.38,1 cup,193
Corn Flour Whole-Grain White,Grains and Pasta,361,6.93,76.85,3.86,1 cup,117
Corn Flour Yellow Masa Enriched,Grains and Pasta,363,8.46,76.59,3.69,1 cup,114
Uncooked Whole-Grain Cornmeal,Grains and Pasta,362,8.12,76.89,3.59,1 cup,122
Pasta Cooked Enriched With Added Salt,Grains and Pasta,157,5.8,30.59,0.93,1 cup spaghetti not packed,124
Hominy Canned Yellow,Grains and Pasta,72,1.48,14.26,0.88,1 cup,160
Rice White Long-Grain Regular Cooked Enriched With Salt,Grains and Pasta,130,2.69,28.17,0.28,1 cup,158
Wheat Flour White All-Purpose Enriched Calcium-Fortified,Grains and Pasta,364,10.33,76.31,0.98,1 cup,125
Noodles Egg Dry Unenriched,Grains and Pasta,384,14.16,71.27,4.44,1 cup,38
Rice White Long-Grain Regular Raw Unenriched,Grains and Pasta,365,7.13,79.95,0.66,1 cup,185
Rice White Long-Grain Regular Unenriched Cooked Without Salt,Grains and Pasta,130,2.69,28.17,0.28,1 cup,158
Rice White Long-Grain Parboiled Unenriched Dry,Grains and Pasta,374,7.51,80.89,1.03,1 cup,185
Rice White Long-Grain Parboiled Unenriched Cooked,Grains and Pasta,123,2.91,26.05,0.37,1 cup,158
Rice White Medium-Grain Raw Unenriched,Grains and Pasta,360,6.61,79.34,0.58,1 cup,195
Wheat Flour White All-Purpose Unenriched,Grains and Pasta,364,10.33,76.31,0.98,1 cup,125
Noodles Egg Cooked Unenriched With Added Salt,Grains and Pasta,138,4.54,25.16,2.07,1 cup,160
Barley Hulled,Grains and Pasta,354,12.48,73.48,2.3,1 cup,184
Barley Pearled Raw,Grains and Pasta,352,9.91,77.72,1.16,1 cup,200
Cooked Pearled Barley,Grains and Pasta,123,2.26,28.22,0.44,1 cup,157
Buckwheat (Uncooked),Grains and Pasta,343,13.25,71.5,3.4,1 cup,170
Cooked Bulgur,Grains and Pasta,83,3.08,18.58,0.24,1 cup,182
Corn Grain Yellow,Grains and Pasta,365,9.42,74.26,4.74,1 cup,166
Corn Bran Crude,Grains and Pasta,224,8.36,85.64,0.92,1 cup,76
Corn Flour Whole-Grain Yellow,Grains and Pasta,361,6.93,76.85,3.86,1 cup,117
Amaranth Grain Uncooked,Grains and Pasta,371,13.56,65.25,7.02,1 cup,193
Cooked Amaranth,Grains and Pasta,102,3.8,18.69,1.58,1 cup,246
Arrowroot Flour,Grains and Pasta,357,0.3,88.15,0.1,1 cup,128
Buckwheat Groats Roasted Dry,Grains and Pasta,346,11.73,74.95,2.71,1 cup,164
Roasted Buckwheat Groats,Grains and Pasta,92,3.38,19.94,0.62,1 cup,168
Buckwheat Flour Whole-Groat,Grains and Pasta,335,12.62,70.59,3.1,1 cup,120
Bulgur Dry,Grains and Pasta,342,12.29,75.87,1.33,1 cup,140
Yellow Cornmeal (Grits),Grains and Pasta,65,1.23,13.86,0.39,1 cup,233
Pasta Cooked Unenriched With Added Salt,Grains and Pasta,157,5.8,30.59,0.93,1 cup spaghetti not packed,124
Cornmeal Degermed Unenriched White,Grains and Pasta,370,7.11,79.45,1.75,1 cup,157
Wheat Flour White (Industrial) 9% Protein Bleached Enriched,Grains and Pasta,367,8.89,77.32,1.43,No data available,No data available
Wheat Flour White (Industrial) 9% Protein Bleached Unenriched,Grains and Pasta,367,8.89,77.32,1.43,No data available,No data available
Wheat Flour White (Industrial) 10% Protein Bleached Enriched,Grains and Pasta,366,9.71,76.22,1.48,No data available,No data available
Wheat Flour White (Industrial) 10% Protein Bleached Unenriched,Grains and Pasta,366,9.71,76.22,1.48,No data available,No data available
Wheat Flour White (Industrial) 13% Protein Bleached Unenriched,Grains and Pasta,362,13.07,72.2,1.38,No data available,No data available
Wheat Flour White (Industrial) 15% Protein Bleached Enriched,Grains and Pasta,362,15.33,69.88,1.41,No data available,No data available
Wheat Flour White (Industrial) 15% Protein Bleached Unenriched,Grains and Pasta,362,15.33,69.88,1.41,No data available,No data available
Millet Flour,Grains and Pasta,382,10.75,75.12,4.25,1 cup,119
Pasta Whole Grain 51% Whole Wheat Remaining Enriched Semolina Cooked,Grains and Pasta,156,5.67,30.87,1.48,1 cup spaghetti not packed,116
Pasta Whole Grain 51% Whole Wheat Remaining Enriched Semolina Dry,Grains and Pasta,361,13.2,73.3,2.55,1 cup spaghetti,91
Pasta Gluten-Free Brown Rice Flour Cooked Tinkyada,Grains and Pasta,138,3.46,32.2,1.67,1 cup spaghetti not packed,169
Pasta Gluten-Free Corn Flour And Quinoa Flour Cooked Ancient Harvest,Grains and Pasta,152,3.23,31.11,2.07,1 cup spaghetti packed,166
Sorghum Flour Refined Unenriched,Grains and Pasta,357,9.53,76.85,1.24,1 cup,161
Rice Brown Parboiled Cooked Uncle Bens,Grains and Pasta,147,3.09,31.33,0.85,1 cup,155
Pasta Gluten-Free Rice Flour And Rice Bran Extract Cooked De Boles,Grains and Pasta,200,4.21,40.75,1.7,1 cup spaghetti,121
Pasta Gluten-Free Corn And Rice Flour Cooked,Grains and Pasta,179,3.2,38.05,1,1 cup spaghetti,141
Cooked Oatmeal,Grains and Pasta,71,2.54,12,1.52,1 cup,234
Vermicelli Made From Soybeans,Grains and Pasta,126,0.04,31.42,0.04,1 cup,140
Pasta Vegetable Cooked,Grains and Pasta,128,4.52,26.55,0.11,1 cup/ cooked,140
Noodles Cooked,Grains and Pasta,137,4.51,25.01,2.06,1 cup/ cooked,160
Noodles Whole Grain Cooked,Grains and Pasta,148,5.96,29.91,1.7,1 cup/ cooked,160
Noodles Vegetable Cooked,Grains and Pasta,131,5.01,24.1,1.56,1 cup/ cooked,160
Long Rice Noodles Made From Mung Beans Cooked,Grains and Pasta,84,0.04,20.66,0.01,1 cup/ cooked,190
Pasta Cooked,Grains and Pasta,157,5.76,30.68,0.92,1 cup/ cooked,140
Pasta Whole Grain Cooked,Grains and Pasta,148,5.95,29.89,1.7,1 cup/ cooked,140
Barley Ns As To Fat Added In Cooking,Grains and Pasta,122,2.25,28.09,0.44,1 cup/ cooked,170
Barley Fat Not Added In Cooking,Grains and Pasta,122,2.25,28.09,0.44,1 cup/ cooked,170
Barley Fat Added In Cooking,Grains and Pasta,138,2.2,27.24,2.66,1 cup/ cooked,170
Buckwheat Groats Ns As To Fat Added In Cooking,Grains and Pasta,92,3.37,19.86,0.62,1 cup/ cooked,170
Buckwheat Groats Fat Not Added In Cooking,Grains and Pasta,92,3.37,19.86,0.62,1 cup/ cooked,170
Buckwheat Groats Fat Added In Cooking,Grains and Pasta,112,3.22,18.99,3.33,1 cup/ cooked,170
Millet Ns As To Fat Added In Cooking,Grains and Pasta,118,3.5,23.57,1,1 cup/ cooked,170
Millet Fat Not Added In Cooking,Grains and Pasta,118,3.5,23.57,1,1 cup/ cooked,170
Millet Fat Added In Cooking,Grains and Pasta,140,3.32,22.39,4.04,1 cup/ cooked,170
Quinoa Ns As To Fat Added In Cooking,Grains and Pasta,140,4.18,20.22,4.74,1 cup/ cooked,170
Quinoa Fat Not Added In Cooking,Grains and Pasta,120,4.38,21.21,1.91,1 cup/ cooked,170
Quinoa Fat Added In Cooking,Grains and Pasta,140,4.18,20.22,4.74,1 cup/ cooked,170
Rice Cooked Nfs,Grains and Pasta,129,2.67,27.99,0.28,1 cup/ cooked,158
Rice White Cooked Ns As To Fat Added In Cooking,Grains and Pasta,129,2.67,27.99,0.28,1 cup/ cooked,163
Rice White Cooked Fat Added In Cooking Made With Oil,Grains and Pasta,150,2.6,27.22,3.05,1 cup/ cooked,163
Rice White Cooked Fat Added In Cooking Made With Butter,Grains and Pasta,146,2.62,27.19,2.61,1 cup/ cooked,163
Rice White Cooked Fat Added In Cooking Made With Margarine,Grains and Pasta,141,2.6,27.2,2.01,1 cup/ cooked,163
Rice White Cooked Fat Added In Cooking Ns As To Type Of Fat,Grains and Pasta,147,2.6,27.2,2.73,1 cup/ cooked,163
Rice White Cooked Fat Not Added In Cooking,Grains and Pasta,129,2.67,27.99,0.28,1 cup/ cooked,158
Rice Brown Cooked Ns As To Fat Added In Cooking,Grains and Pasta,122,2.73,25.45,0.96,1 cup/ cooked,196
Rice Brown Cooked Fat Added In Cooking Made With Oil,Grains and Pasta,140,2.66,24.87,3.21,1 cup/ cooked,196
Rice Brown Cooked Fat Added In Cooking Made With Butter,Grains and Pasta,136,2.68,24.85,2.85,1 cup/ cooked,196
Rice Brown Cooked Fat Added In Cooking Made With Margarine,Grains and Pasta,132,2.66,24.86,2.36,1 cup/ cooked,196
Rice Brown Cooked Fat Added In Cooking Ns As To Type Of Fat,Grains and Pasta,137,2.67,24.86,2.95,1 cup/ cooked,196
Rice Brown Cooked Fat Not Added In Cooking,Grains and Pasta,122,2.73,25.45,0.96,No data available,No data available
Rice Cooked With Milk,Grains and Pasta,143,5.06,25.03,2.21,1 cup/ cooked,200
Rice Sweet Cooked With Honey,Grains and Pasta,140,2.52,31.3,0.26,1 cup/ cooked,175
Congee,Grains and Pasta,33,0.68,7.16,0.07,1 cup,249
Yellow Rice Cooked Ns As To Fat Added In Cooking,Grains and Pasta,88,1.8,19.1,0.45,1 cup/ cooked,158
Yellow Rice Cooked Fat Not Added In Cooking,Grains and Pasta,88,1.8,19.1,0.45,1 cup/ cooked,158
Yellow Rice Cooked Fat Added In Cooking,Grains and Pasta,104,1.76,18.69,2.46,1 cup/ cooked,163
Rice White Cooked Glutinous,Grains and Pasta,96,2.01,20.97,0.19,1 cup/ cooked,174
Rice Wild 100% Cooked Ns As To Fat Added In Cooking,Grains and Pasta,121,3.86,20.64,3.01,1 cup/ cooked,164
Rice Wild 100% Cooked Fat Not Added In Cooking,Grains and Pasta,100,3.97,21.21,0.34,1 cup/ cooked,164
Rice Wild 100% Cooked Fat Added In Cooking,Grains and Pasta,121,3.86,20.64,3.01,1 cup/ cooked,164
Rice White And Wild Cooked Fat Not Added In Cooking,Grains and Pasta,121,3.59,25.99,0.3,No data available,No data available
Rice Brown And Wild Cooked Fat Not Added In Cooking,Grains and Pasta,120,2.89,24.9,0.88,1 cup/ cooked,151
Rice White And Wild Cooked Fat Added In Cooking,Grains and Pasta,112,2.17,20.61,2.16,No data available,No data available
Rice White And Wild Cooked Ns As To Fat Added In Cooking,Grains and Pasta,112,2.17,20.61,2.16,No data available,No data available
Rice Brown And Wild Cooked Fat Added In Cooking,Grains and Pasta,137,2.82,24.32,3.18,1 cup/ cooked,155
Rice Brown And Wild Cooked Ns As To Fat Added In Cooking,Grains and Pasta,113,2.26,19.8,2.72,1 cup/ cooked,150
Rice White Cooked With Fat Puerto Rican Style,Grains and Pasta,198,2.85,31.94,6.15,1 cup/ cooked,155
Bulgur Fat Not Added In Cooking,Grains and Pasta,83,3.06,18.48,0.24,1 cup/ cooked,140
Bulgur Fat Added In Cooking,Grains and Pasta,112,2.87,17.32,4.15,1 cup/ cooked,140
Bulgur Ns As To Fat Added In Cooking,Grains and Pasta,83,3.06,18.48,0.24,1 cup/ cooked,140
Couscous Plain Cooked,Grains and Pasta,111,3.77,23.11,0.16,1 cup/ cooked,160
