Baobab Powder,Miscellaneous,250,3.69,79.65,0.47,No data available,No data available
Cherry Juice Tart,Miscellaneous,59,0.31,13.7,0.54,No data available,No data available
Raspberries Puree Seedless,Miscellaneous,41,1.02,7.99,0.87,No data available,No data available
Raspberries Puree With Seeds,Miscellaneous,55,1.1,11.51,0.97,No data available,No data available
Plantains Green Raw,Miscellaneous,152,1.25,36.66,0.07,No data available,No data available
Plantains Green Boiled,Miscellaneous,121,1.09,29.15,0.08,No data available,No data available
Raspberry Juice Concentrate,Miscellaneous,221,3.04,53.19,1.34,No data available,No data available
Babyfood Rice Cereal Dry Earths Best Organic Whole Grain Fortified Only With Iron,Miscellaneous,386,7.5,78.06,4.9,No data available,No data available
Yogurt Greek 2% Fat Apricot Chobani,Miscellaneous,93,7.22,12.15,1.71,No data available,No data available
Yogurt Greek 2% Fatmixed Berry Blend Chobani,Miscellaneous,93,8.26,10.94,1.83,No data available,No data available
Yogurt Greek 2% Fat Pineapple Chobani,Miscellaneous,94,7.05,12.27,1.82,No data available,No data available
Yogurt Greek 2% Fat Strawberry Banana Chobani,Miscellaneous,88,8,10.24,1.71,No data available,No data available
Yogurt Greek Nonfat Fruit On Bottom Pomegranate Chobani,Miscellaneous,80,7.45,12.13,0.18,No data available,No data available
Yogurt Greek Blueberry Chobani,Miscellaneous,82,7.23,12.78,0.24,No data available,No data available
Yogurt Greek Nonfat Fruit On Bottom Strawberry Chobani,Miscellaneous,79,7.28,11.86,0.23,No data available,No data available
Yogurt Greek Nonfat Fruit On Bottom Blackberry Chobani,Miscellaneous,95,7.54,15.43,0.37,No data available,No data available
Yogurt Greek 2%fat Coconut Blend Chobani,Miscellaneous,92,8.11,11.04,1.71,No data available,No data available
Yogurt Greek Whole Plain Chobani,Miscellaneous,82,8.24,3.24,4.01,No data available,No data available
Yogurt Greek Nonfat Lemon Blend Chobani,Miscellaneous,78,8.62,10.66,0.15,No data available,No data available
Yogurt Greek Nonfat Peach Chobani,Miscellaneous,80,7.76,11.9,0.11,No data available,No data available
Yogurt Greek Nonfat Plain Chobani,Miscellaneous,54,9.53,3.43,0.24,No data available,No data available
Yogurt Greek Nonfat Raspberry Chobani,Miscellaneous,81,7.65,11.98,0.22,No data available,No data available
Butter Clarified Butter (Ghee),Miscellaneous,900,0,0,100,No data available,No data available
Yogurt Greek 2% Fat Mango Chobani,Miscellaneous,93,7.64,11.84,1.69,No data available,No data available
Infant Formula Mead Johnson Enfamil Premature High Protein 24 Calories Ready To Feed With Ara And Dha,Miscellaneous,81,2.8,8.66,3.9,No data available,No data available
Infant Formula Mead Johnson Enfamil Premature 30 Calories Ready To Feed With Ara And Dha,Miscellaneous,101,3.2,11.13,4.8,No data available,No data available
Infant Formula Mead Johnson Enfamil For Supplementing Powder With Ara And Dha Not Reconstituted,Miscellaneous,513,11.7,55.8,27,No data available,No data available
Infant Formula Mead Johnson Enfamil Reguline Powder With Ara And Dha Not Reconstituted,Miscellaneous,513,11.7,55.9,27,No data available,No data available
Infant Formula Mead Johnson Pregestimil 24 Calories Ready To Feed With Ara And Dha,Miscellaneous,72,2.2,5.95,4.4,No data available,No data available
Toddler Drink Mead Johnson Puramino Toddler Powder With Ara And Dha Not Reconstituted,Miscellaneous,512,13.9,55.68,26,No data available,No data available
Infant Formula Mead Johnson Enfamil For Supplementing Ready To Feed With Ara And Dha,Miscellaneous,68,1.51,7.6,3.5,No data available,No data available
Yogurt Greek 2% Fat Key Lime Blend Chobani,Miscellaneous,92,7.75,11.91,1.47,No data available,No data available
Babyfood Cereal Oatmeal Dry Gerber Single Grain Fortified,Miscellaneous,396,10.94,73.57,6.42,No data available,No data available
Infant Formula Mead Johnson Enfamil 24 Ready To Feed With Ara And Dha,Miscellaneous,71,1.64,6.93,4.1,No data available,No data available
Infant Formula Mead Johnson Enfamil Enspire Powder With Ara And Dha Not Reconstituted,Miscellaneous,514,10.5,57.2,27,No data available,No data available
Infant Formula Mead Johnson Enfamil Reguline Ready To Feed With Ara And Dha,Miscellaneous,68,1.51,7.6,3.5,No data available,No data available
Infant Formula Mead Johnson Gentlease Ready To Feed With Ara And Dha,Miscellaneous,68,1.5,7.61,3.5,No data available,No data available
Toddler Formula Mead Johnson Nutramigen Toddler With Lgg Powder With Ara And Dha Not Reconstituted,Miscellaneous,485,12,61.97,21,No data available,No data available
Infant Formula Mead Johnson Pregestimil 20 Calories Ready To Feed With Ara And Dha,Miscellaneous,69,1.84,7,3.7,No data available,No data available
Milk Dry Not Reconstituted Low Fat (1%),Miscellaneous,363,34.76,51.67,1.7,1 cup,120
Chocolate Beverage Powder Reduced Sugar Dry Mix Not Reconstituted,Miscellaneous,373,9.09,63.64,9.09,1 tablespoon,8
Cheese Sandwich Nfs,Miscellaneous,283,11.83,32.72,11.45,1 sandwich,102
Cheese Sandwich American Cheese On White Bread No Spread,Miscellaneous,283,11.83,32.72,11.45,1 sandwich,102
Cheese Sandwich American Cheese On Wheat Bread No Spread,Miscellaneous,281,13.36,30.28,11.82,1 sandwich,102
Cheese Sandwich American Cheese On Whole Wheat Bread No Spread,Miscellaneous,281,13.36,30.28,11.82,1 sandwich,102
Cheese Sandwich Cheddar Cheese On White Bread No Spread,Miscellaneous,323,14.62,30.34,15.68,1 sandwich,102
Cheese Sandwich Cheddar Cheese On Wheat Bread No Spread,Miscellaneous,321,16.15,27.91,16.05,1 sandwich,102
Cheese Sandwich Cheddar Cheese On Whole Wheat Bread No Spread,Miscellaneous,321,16.15,27.91,16.05,1 sandwich,102
Cheese Sandwich Reduced Fat American Cheese On White Bread No Spread,Miscellaneous,255,12.45,33.44,7.76,1 sandwich,102
Cheese Sandwich Reduced Fat American Cheese On Wheat Bread No Spread,Miscellaneous,253,13.98,31,8.14,1 sandwich,102
Cheese Sandwich Reduced Fat American Cheese On Whole Wheat Bread No Spread,Miscellaneous,253,13.98,31,8.14,1 sandwich,102
Cheese Sandwich Reduced Fat Cheddar Cheese On White Bread No Spread,Miscellaneous,284,16.47,30.74,10.36,1 sandwich,102
Cheese Sandwich Reduced Fat Cheddar Cheese On Wheat Bread No Spread,Miscellaneous,282,18,28.31,10.73,1 sandwich,102
Cheese Sandwich Reduced Fat Cheddar Cheese On Whole Wheat Bread No Spread,Miscellaneous,282,18,28.31,10.73,1 sandwich,102
Cheese Sandwich American Cheese On White Bread With Mayonnaise,Miscellaneous,331,10.52,28.84,19.1,1 sandwich,116
Cheese Sandwich American Cheese On Wheat Bread With Mayonnaise,Miscellaneous,329,11.87,26.7,19.43,1 sandwich,116
Cheese Sandwich American Cheese On Whole Wheat Bread With Mayonnaise,Miscellaneous,329,11.87,26.7,19.43,1 sandwich,116
Cheese Sandwich Cheddar Cheese On White Bread With Mayonnaise,Miscellaneous,366,12.97,26.75,22.82,1 sandwich,116
Cheese Sandwich Cheddar Cheese On Wheat Bread With Mayonnaise,Miscellaneous,364,14.32,24.61,23.14,1 sandwich,116
Cheese Sandwich Cheddar Cheese On Whole Wheat Bread With Mayonnaise,Miscellaneous,364,14.32,24.61,23.14,1 sandwich,116
Cheese Sandwich Reduced Fat American Cheese On White Bread With Mayonnaise,Miscellaneous,307,11.07,29.47,15.86,1 sandwich,116
Cheese Sandwich Reduced Fat American Cheese On Wheat Bread With Mayonnaise,Miscellaneous,305,12.41,27.33,16.19,1 sandwich,116
Cheese Sandwich Reduced Fat American Cheese On Whole Wheat Bread With Mayonnaise,Miscellaneous,305,12.41,27.33,16.19,1 sandwich,116
Cheese Sandwich Reduced Fat Cheddar Cheese On White Bread With Mayonnaise,Miscellaneous,332,14.6,27.1,18.15,1 sandwich,116
Cheese Sandwich Reduced Fat Cheddar Cheese On Wheat Bread With Mayonnaise,Miscellaneous,330,15.94,24.96,18.47,1 sandwich,116
Cheese Sandwich Reduced Fat Cheddar Cheese On Whole Wheat Bread With Mayonnaise,Miscellaneous,330,15.94,24.96,18.47,1 sandwich,116
Cheese Sandwich American Cheese On White Bread With Butter,Miscellaneous,326,10.47,28.81,18.83,1 sandwich,116
Cheese Sandwich American Cheese On Wheat Bread With Butter,Miscellaneous,325,11.82,26.67,19.16,1 sandwich,116
Cheese Sandwich American Cheese On Whole Wheat Bread With Butter,Miscellaneous,325,11.82,26.67,19.16,1 sandwich,116
Cheese Sandwich Cheddar Cheese On White Bread With Butter,Miscellaneous,362,12.93,26.73,22.54,1 sandwich,116
Cheese Sandwich Cheddar Cheese On Wheat Bread With Butter,Miscellaneous,360,14.27,24.59,22.87,1 sandwich,116
Cheese Sandwich Cheddar Cheese On Whole Wheat Bread With Butter,Miscellaneous,360,14.27,24.59,22.87,1 sandwich,116
Cheese Sandwich Reduced Fat American Cheese On White Bread With Butter,Miscellaneous,302,11.02,29.45,15.59,1 sandwich,116
Cheese Sandwich Reduced Fat American Cheese On Wheat Bread With Butter,Miscellaneous,301,12.37,27.31,15.91,1 sandwich,116
Cheese Sandwich Reduced Fat American Cheese On Whole Wheat Bread With Butter,Miscellaneous,301,12.37,27.31,15.91,1 sandwich,116
Cheese Sandwich Reduced Fat Cheddar Cheese On White Bread With Butter,Miscellaneous,327,14.55,27.08,17.87,1 sandwich,116
Cheese Sandwich Reduced Fat Cheddar Cheese On Wheat Bread With Butter,Miscellaneous,325,15.9,24.94,18.2,1 sandwich,116
Cheese Sandwich Reduced Fat Cheddar Cheese On Whole Wheat Bread With Butter,Miscellaneous,325,15.9,24.94,18.2,1 sandwich,116
Grilled Cheese Sandwich Nfs,Miscellaneous,326,10.47,28.81,18.83,1 sandwich,116
Grilled Cheese Sandwich American Cheese On White Bread,Miscellaneous,326,10.47,28.81,18.83,1 sandwich,116
Grilled Cheese Sandwich American Cheese On Wheat Bread,Miscellaneous,325,11.82,26.67,19.16,1 sandwich,116
Grilled Cheese Sandwich American Cheese On Whole Wheat Bread,Miscellaneous,325,11.82,26.67,19.16,1 sandwich,116
Grilled Cheese Sandwich Cheddar Cheese On White Bread,Miscellaneous,362,12.93,26.73,22.54,1 sandwich,116
Grilled Cheese Sandwich Cheddar Cheese On Wheat Bread,Miscellaneous,360,14.27,24.59,22.87,1 sandwich,116
Grilled Cheese Sandwich Cheddar Cheese On Whole Wheat Bread,Miscellaneous,360,14.27,24.59,22.87,1 sandwich,116
Grilled Cheese Sandwich Reduced Fat American Cheese On White Bread,Miscellaneous,302,11.02,29.45,15.59,1 sandwich,116
Grilled Cheese Sandwich Reduced Fat American Cheese On Wheat Bread,Miscellaneous,301,12.37,27.31,15.91,1 sandwich,116
Grilled Cheese Sandwich Reduced Fat American Cheese On Whole Wheat Bread,Miscellaneous,301,12.37,27.31,15.91,1 sandwich,116
Grilled Cheese Sandwich Reduced Fat Cheddar Cheese On White Bread,Miscellaneous,327,14.55,27.08,17.87,1 sandwich,116
Grilled Cheese Sandwich Reduced Fat Cheddar Cheese On Wheat Bread,Miscellaneous,325,15.9,24.94,18.2,1 sandwich,116
Grilled Cheese Sandwich Reduced Fat Cheddar Cheese On Whole Wheat Bread,Miscellaneous,325,15.9,24.94,18.2,1 sandwich,116
Peanut Butter Sandwich Nfs,Miscellaneous,381,13.5,39.99,20.04,1 sandwich,92
Peanut Butter Sandwich With Regular Peanut Butter On White Bread,Miscellaneous,381,13.5,39.99,20.04,1 sandwich,92
Peanut Butter Sandwich With Regular Peanut Butter On Wheat Bread,Miscellaneous,379,15.2,37.29,20.45,1 sandwich,92
Peanut Butter Sandwich With Regular Peanut Butter On Whole Wheat Bread,Miscellaneous,379,15.2,37.29,20.45,1 sandwich,92
Peanut Butter Sandwich With Reduced Fat Peanut Butter On White Bread,Miscellaneous,354,14.78,44.63,14,1 sandwich,92
Peanut Butter Sandwich With Reduced Fat Peanut Butter On Wheat Bread,Miscellaneous,352,16.48,41.93,14.41,1 sandwich,92
Peanut Butter Sandwich With Reduced Fat Peanut Butter On Whole Wheat Bread,Miscellaneous,352,16.48,41.93,14.41,1 sandwich,92
Peanut Butter And Jelly Sandwich Nfs,Miscellaneous,361,11.11,45.34,16.46,1 sandwich,112
Peanut Butter And Jelly Sandwich With Regular Peanut Butter Regular Jelly On White Bread,Miscellaneous,361,11.11,45.34,16.46,1 sandwich,112
Peanut Butter And Jelly Sandwich With Regular Peanut Butter Regular Jelly On Wheat Bread,Miscellaneous,359,12.51,43.13,16.8,1 sandwich,112
Peanut Butter And Jelly Sandwich With Regular Peanut Butter Regular Jelly On Whole Wheat Bread,Miscellaneous,359,12.51,43.13,16.8,1 sandwich,112
Peanut Butter And Jelly Sandwich With Reduced Fat Peanut Butter Regular Jelly On White Bread,Miscellaneous,339,12.17,49.15,11.5,1 sandwich,112
Peanut Butter And Jelly Sandwich With Reduced Fat Peanut Butter Regular Jelly On Wheat Bread,Miscellaneous,337,13.56,46.94,11.84,1 sandwich,112
Peanut Butter And Jelly Sandwich With Reduced Fat Peanut Butter Regular Jelly On Whole Wheat Bread,Miscellaneous,337,13.56,46.94,11.84,1 sandwich,112
Peanut Butter And Jelly Sandwich With Regular Peanut Butter Reduced Sugar Jelly On White Bread,Miscellaneous,340,11.09,39.56,16.48,1 sandwich,112
Peanut Butter And Jelly Sandwich With Regular Peanut Butter Reduced Sugar Jelly On Wheat Bread,Miscellaneous,339,12.48,37.35,16.81,1 sandwich,112
Peanut Butter And Jelly Sandwich With Regular Peanut Butter Reduced Sugar Jelly On Whole Wheat Bread,Miscellaneous,339,12.48,37.35,16.81,1 sandwich,112
Peanut Butter And Jelly Sandwich With Reduced Fat Peanut Butter Reduced Sugar Jelly On White Bread,Miscellaneous,318,12.14,43.38,11.52,1 sandwich,112
Peanut Butter And Jelly Sandwich With Reduced Fat Peanut Butter Reduced Sugar Jelly On Wheat Bread,Miscellaneous,316,13.54,41.16,11.85,1 sandwich,112
Peanut Butter And Jelly Sandwich With Reduced Fat Peanut Butter Reduced Sugar Jelly On Whole Wheat Bread,Miscellaneous,316,13.54,41.16,11.85,1 sandwich,112
Peanut Butter And Jelly Sandwich Frozen Commercial Product Without Crusts,Miscellaneous,361,11.11,45.34,16.46,1 sandwich,60
Jelly Sandwich Regular Jelly Nfs,Miscellaneous,266,5.37,57.63,2.01,1 sandwich,100
Jelly Sandwich Regular Jelly On White Bread,Miscellaneous,266,5.37,57.63,2.01,1 sandwich,100
Jelly Sandwich Regular Jelly On Wheat Bread,Miscellaneous,264,6.93,55.15,2.38,1 sandwich,100
Jelly Sandwich Regular Jelly On Whole Wheat Bread,Miscellaneous,264,6.93,55.15,2.38,1 sandwich,100
Jelly Sandwich Reduced Sugar Jelly On White Bread,Miscellaneous,220,5.31,44.69,2.04,1 sandwich,100
Jelly Sandwich Reduced Sugar Jelly On Wheat Bread,Miscellaneous,218,6.87,42.21,2.42,1 sandwich,100
Jelly Sandwich Reduced Sugar Jelly On Whole Wheat Bread,Miscellaneous,218,6.87,42.21,2.42,1 sandwich,100
Coffee Instant Pre-Sweetened With Sugar Not Reconstituted,Miscellaneous,380,2.36,95.22,0.1,1 teaspoon/ dry,3
Coffee Mocha Instant Pre-Lightened And Pre-Sweetened With Low Calorie Sweetener Not Reconstituted,Miscellaneous,435,9.2,71.64,12.43,1 teaspoon/ dry,2
Coffee Instant Pre-Lightened And Pre-Sweetened With Sugar Not Reconstituted,Miscellaneous,430,2.4,83.16,11.12,1 teaspoon/ dry,3
Coffee Instant Decaffeinated Pre-Lightened And Pre-Sweetened With Low Calorie Sweetener Not Reconstituted,Miscellaneous,457,4.22,68.16,20.14,1 teaspoon/ dry,2
Cheese As Ingredient In Sandwiches,Miscellaneous,359,20.65,4.57,28.73,No data available,No data available
Breading Or Batter As Ingredient In Food,Miscellaneous,201,6.32,39.64,1.39,No data available,No data available
Wheat Bread As Ingredient In Sandwiches,Miscellaneous,263,11.45,45.29,3.96,No data available,No data available
Sauce As Ingredient In Hamburgers,Miscellaneous,271,1.29,17.19,22.85,No data available,No data available
Industrial Oil As Ingredient In Food,Miscellaneous,892,0,0,100,No data available,No data available
