Nuts Coconut Meat Dried (Desiccated) Creamed,Nuts and Seeds,684,5.3,21.52,69.08,1 oz,28.4
Shredded Coconut Meat,Nuts and Seeds,501,2.88,47.67,35.49,1 cup/ shredded,93
Seeds Sisymbrium Sp. Seeds Whole Dried,Nuts and Seeds,318,12.14,58.26,4.6,1 cup,74
Almond Butter,Nuts and Seeds,614,20.96,18.82,55.5,1 tbsp,16
Boiled Japanese Chestnuts,Nuts and Seeds,56,0.82,12.64,0.19,1 oz,28.4
Nuts Chestnuts Japanese Roasted,Nuts and Seeds,201,2.97,45.13,0.8,1 oz,28.4
Lotus Seeds,Nuts and Seeds,89,4.13,17.28,0.53,1 oz,28.4
Nuts Almonds Honey Roasted Unblanched,Nuts and Seeds,594,18.17,27.9,49.9,1 cup whole kernels,144
Seeds Sunflower Seed Kernels Oil Roasted With Salt Added,Nuts and Seeds,592,20.06,22.89,51.3,1 cup,135
Seeds Sunflower Seed Kernels Toasted With Salt Added,Nuts and Seeds,619,17.21,20.59,56.8,1 cup,134
Seeds Sunflower Seed Butter With Salt Added,Nuts and Seeds,617,17.28,23.32,55.2,1 tbsp,16
Nuts Almonds Dry Roasted With Salt Added,Nuts and Seeds,598,20.96,21.01,52.54,1 cup whole kernels,138
Nuts Cashew Butter Plain With Salt Added,Nuts and Seeds,609,12.12,30.3,53.03,1 tbsp,16
Nuts Macadamia Nuts Dry Roasted With Salt Added,Nuts and Seeds,716,7.79,12.83,76.08,1 cup/ whole or halves,132
Nuts Mixed Nuts Dry Roasted With Peanuts With Salt Added,Nuts and Seeds,594,17.3,25.35,51.45,1 cup,137
Nuts Mixed Nuts Oil Roasted With Peanuts With Salt Added,Nuts and Seeds,607,20.04,21.05,53.95,1 cup,134
Seeds Pumpkin And Squash Seeds Whole Roasted With Salt Added,Nuts and Seeds,446,18.55,53.75,19.4,1 cup,64
Nuts Almonds Oil Roasted Lightly Salted,Nuts and Seeds,607,21.23,17.68,55.17,1 cup whole kernels,157
Nuts Almond Butter Plain With Salt Added,Nuts and Seeds,614,20.96,18.82,55.5,1 tbsp,16
Seeds Sesame Butter Tahini Type Of Kernels Unspecified,Nuts and Seeds,592,17.4,21.5,53.01,1 tbsp,15
Seeds Sesame Butter Tahini From Unroasted Kernels (Non-Chemically Removed Seed Coat),Nuts and Seeds,607,17.95,17.89,56.44,1 tbsp,14
Seeds Watermelon Seed Kernels Dried,Nuts and Seeds,557,28.33,15.31,47.37,1 cup,108
Dried Japanese Chestnuts,Nuts and Seeds,360,5.25,81.43,1.24,1 cup,155
Nuts Coconut Milk Frozen (Liquid Expressed From Grated Meat And Water),Nuts and Seeds,202,1.61,5.58,20.8,1 cup,240
Raw Sesame Butter (Tahini),Nuts and Seeds,570,17.81,26.19,48,1 tbsp,15
Nuts Formulated Wheat-Based All Flavors Except Macadamia Without Salt,Nuts and Seeds,647,13.11,20.79,62.3,1 oz,28.4
Seeds Sesame Seed Kernels Dried (Decorticated),Nuts and Seeds,631,20.45,11.73,61.21,1 cup,150
Nuts Chestnuts Japanese Raw,Nuts and Seeds,154,2.25,34.91,0.53,1 oz,28.4
Flax Seeds,Nuts and Seeds,534,18.29,28.88,42.16,1 tbsp/ whole,10.3
Roasted Squash And Pumpkin Seeds (Salted),Nuts and Seeds,574,29.84,14.71,49.05,1 cup,118
Seeds Sesame Seed Kernels Toasted With Salt Added (Decorticated),Nuts and Seeds,567,16.96,26.04,48,1 cup,128
Dry Roasted Sunflower Seeds (With Salt),Nuts and Seeds,546,19.33,15.31,49.8,1 cup,128
Seeds Sunflower Seed Kernels Dry Roasted With Salt Added,Nuts and Seeds,582,19.33,24.07,49.8,1 cup,128
Nuts Almonds Oil Roasted With Salt Added,Nuts and Seeds,607,21.23,17.68,55.17,1 cup whole kernels,157
Nuts Almonds Oil Roasted With Salt Added Smoke Flavor,Nuts and Seeds,607,21.43,17.86,55.89,1 oz (28 almonds),28
Nuts Cashew Nuts Dry Roasted With Salt Added,Nuts and Seeds,574,15.31,32.69,46.35,1 cup/ halves and whole,137
Nuts Cashew Nuts Oil Roasted With Salt Added,Nuts and Seeds,581,16.84,30.16,47.77,1 cup/ whole,129
Nuts Mixed Nuts Oil Roasted Without Peanuts With Salt Added,Nuts and Seeds,615,15.52,22.27,56.17,1 cup,144
Nuts Pecans Dry Roasted With Salt Added,Nuts and Seeds,710,9.5,13.55,74.27,1 oz,28.4
Nuts Pecans Oil Roasted With Salt Added,Nuts and Seeds,715,9.2,13.01,75.23,1 cup,110
Nuts Pistachio Nuts Dry Roasted With Salt Added,Nuts and Seeds,569,21.05,27.55,45.82,1 cup,123
Nuts Mixed Nuts Oil Roasted With Peanuts Lightly Salted,Nuts and Seeds,607,20.04,21.05,53.95,1 oz,28.4
Nuts Mixed Nuts Oil Roasted Without Peanuts Lightly Salted,Nuts and Seeds,607,17.86,25,50,1 oz,28.4
Seeds Breadfruit Seeds Raw,Nuts and Seeds,191,7.4,29.24,5.59,1 oz,28.4
Breadfruit Nuts (Seeds),Nuts and Seeds,168,5.3,32,2.3,1 oz,28.4
Seeds Cottonseed Flour Low Fat (Glandless),Nuts and Seeds,332,49.83,36.1,1.41,1 oz,28.4
Seeds Cottonseed Meal Partially Defatted (Glandless),Nuts and Seeds,367,49.1,38.43,4.77,1 oz,28.4
Hemp Seeds,Nuts and Seeds,553,31.56,8.67,48.75,3 tbsp,30
Dried Lotus Seeds,Nuts and Seeds,332,15.41,64.47,1.97,1 cup,32
Seeds Sesame Seeds Whole Dried,Nuts and Seeds,573,17.73,23.45,49.67,1 cup,144
Sesame Seeds (Toasted),Nuts and Seeds,565,16.96,25.74,48,1 oz,28.4
Seeds Sesame Seed Kernels Toasted Without Salt Added (Decorticated),Nuts and Seeds,567,16.96,26.04,48,1 cup,128
Seeds Sesame Flour Partially Defatted,Nuts and Seeds,382,40.32,35.14,11.89,1 oz,28.4
Seeds Sunflower Seed Kernels Toasted Without Salt,Nuts and Seeds,619,17.21,20.59,56.8,1 cup,134
Seeds Sunflower Seed Butter Without Salt,Nuts and Seeds,617,17.28,23.32,55.2,1 tbsp,16
Seeds Sunflower Seed Flour Partially Defatted,Nuts and Seeds,326,48.06,35.83,1.61,1 cup,64
Nuts Acorns Raw,Nuts and Seeds,387,6.15,40.75,23.86,1 oz,28.4
Dry Roasted Almonds,Nuts and Seeds,598,20.96,21.01,52.54,1 cup whole kernels,138
Nuts Almonds Oil Roasted Without Salt Added,Nuts and Seeds,607,21.23,17.68,55.17,1 cup whole kernels,157
Almond Paste,Nuts and Seeds,458,9,47.81,27.74,1 oz,28.4
Dried Beechnuts,Nuts and Seeds,576,6.2,33.5,50,1 oz,28.4
Cashews (Raw),Nuts and Seeds,553,18.22,30.19,43.85,1 oz,28.4
Cashew Butter,Nuts and Seeds,587,17.56,27.57,49.41,1 tbsp,16
Chinese Chestnuts,Nuts and Seeds,224,4.2,49.07,1.11,1 oz,28.4
Dried Chinese Chestnuts,Nuts and Seeds,363,6.82,79.76,1.81,1 oz,28.4
Boiled Chinese Chestnuts,Nuts and Seeds,153,2.88,33.64,0.76,1 oz,28.4
Nuts Chestnuts European Dried Peeled,Nuts and Seeds,369,5.01,78.43,3.91,1 oz,28.4
Boiled Chestnuts,Nuts and Seeds,131,2,27.76,1.38,1 oz,28.4
Nuts Coconut Meat Raw,Nuts and Seeds,354,3.33,15.23,33.49,1 cup/ shredded,80
Dried Coconut (Unsweetened),Nuts and Seeds,660,6.88,23.65,64.53,1 oz,28.4
Nuts Coconut Cream Canned Sweetened,Nuts and Seeds,357,1.17,53.21,16.31,1 tbsp,19
Nuts Coconut Milk Raw (Liquid Expressed From Grated Meat And Water),Nuts and Seeds,230,2.29,5.54,23.84,1 cup,240
Coconut Milk,Nuts and Seeds,197,2.02,2.81,21.33,1 cup,226
Coconut Water,Nuts and Seeds,19,0.72,3.71,0.2,1 cup,240
Dried Ginkgo Nuts,Nuts and Seeds,348,10.35,72.45,2,1 oz,28.4
Nuts Ginkgo Nuts Canned,Nuts and Seeds,111,2.29,22.1,1.62,1 cup (78 kernels),155
Dried Hickorynuts,Nuts and Seeds,657,12.72,18.25,64.37,1 cup,120
Macadamia Nuts,Nuts and Seeds,718,7.91,13.82,75.77,1 cup/ whole or halves,134
Dry Roasted Macadamia Nuts,Nuts and Seeds,718,7.79,13.38,76.08,1 cup/ whole or halves,132
Nuts Formulated Wheat-Based Unflavored With Salt Added,Nuts and Seeds,622,13.82,23.68,57.7,1 oz,28.4
Nuts Mixed Nuts Dry Roasted With Peanuts Salt Added Chosen Roaster,Nuts and Seeds,608,18,24.62,53.2,1 cup,132
Pecans,Nuts and Seeds,691,9.17,13.86,71.97,1 cup/ chopped,109
Dry Roasted Pecans,Nuts and Seeds,710,9.5,13.55,74.27,1 oz,28.4
Pistachio Nuts,Nuts and Seeds,560,20.16,27.17,45.32,1 cup,123
Dry Roasted Pistachio Nuts,Nuts and Seeds,572,21.05,28.28,45.82,1 cup,123
Black Walnuts (Dried),Nuts and Seeds,619,24.06,9.58,59.33,1 cup/ chopped,125
Walnuts,Nuts and Seeds,654,15.23,13.71,65.21,1 cup/ chopped,117
Roasted Squash And Pumpkin Seeds (With Shells),Nuts and Seeds,446,18.55,53.75,19.4,1 cup,64
Sesame Butter (Tahini),Nuts and Seeds,595,17,21.19,53.76,1 tbsp,15
Roasted Chestnuts,Nuts and Seeds,245,3.17,52.96,2.2,1 cup,143
Seeds Sesame Butter Paste,Nuts and Seeds,586,18.08,24.05,50.87,1 tbsp,16
Seeds Sesame Flour High-Fat,Nuts and Seeds,526,30.78,26.62,37.1,1 oz,28.4
Seeds Breadnut Tree Seeds Raw,Nuts and Seeds,217,5.97,46.28,0.99,1 oz (8-14 seeds),28.4
Seeds Breadnut Tree Seeds Dried,Nuts and Seeds,367,8.62,79.39,1.68,1 cup,160
Chia Seeds,Nuts and Seeds,486,16.54,42.12,30.74,1 oz,28.4
Seeds Cottonseed Flour Partially Defatted (Glandless),Nuts and Seeds,359,40.96,40.54,6.2,1 cup,94
Dried Pumpkin And Squash Seeds,Nuts and Seeds,559,30.23,10.71,49.05,1 cup,129
Roasted Squash And Pumpkin Seeds (Unsalted),Nuts and Seeds,574,29.84,14.71,49.05,1 cup,118
Safflower Seeds,Nuts and Seeds,517,16.18,34.29,38.45,1 oz,28.4
Seeds Safflower Seed Meal Partially Defatted,Nuts and Seeds,342,35.62,48.73,2.39,1 oz,28.4
Seeds Sesame Flour Low-Fat,Nuts and Seeds,333,50.14,35.51,1.75,1 oz,28.4
Seeds Sesame Meal Partially Defatted,Nuts and Seeds,567,16.96,26.04,48,1 oz,28.4
Dried Sunflower Seeds,Nuts and Seeds,584,20.78,20,51.46,1 cup/ with hulls/ edible yield,46
Dry Roasted Sunflower Seeds,Nuts and Seeds,582,19.33,24.07,49.8,1 cup,128
Seeds Sunflower Seed Kernels Oil Roasted Without Salt,Nuts and Seeds,592,20.06,22.89,51.3,1 cup,135
Acorns (Dried),Nuts and Seeds,509,8.1,53.66,31.41,1 oz,28.4
Nuts Acorn Flour Full Fat,Nuts and Seeds,501,7.49,54.65,30.17,1 oz,28.4
Almonds,Nuts and Seeds,579,21.15,21.55,49.93,1 cup/ whole,143
Nuts Almonds Blanched,Nuts and Seeds,590,21.4,18.67,52.52,1 cup whole kernels,145
Brazilnuts,Nuts and Seeds,659,14.32,11.74,67.1,1 cup/ whole,133
Butternuts (Dried),Nuts and Seeds,612,24.9,12.05,56.98,1 cup,120
Dry-Roasted Cashews,Nuts and Seeds,574,15.31,32.69,46.35,1 cup/ halves and whole,137
Oil Roasted Cashews,Nuts and Seeds,580,16.84,29.87,47.77,1 cup/ whole,129
Roasted Chinese Chestnuts,Nuts and Seeds,239,4.48,52.36,1.19,1 oz,28.4
Nuts Chestnuts European Raw Unpeeled,Nuts and Seeds,213,2.42,45.54,2.26,1 cup,145
Chestnuts,Nuts and Seeds,196,1.63,44.17,1.25,1 oz,28.4
Nuts Chestnuts European Dried Unpeeled,Nuts and Seeds,374,6.39,77.31,4.45,1 oz,28.4
Nuts Coconut Meat Dried (Desiccated) Sweetened Flaked Packaged,Nuts and Seeds,456,3.13,51.85,27.99,1 cup,85
Nuts Coconut Meat Dried (Desiccated) Sweetened Flaked Canned,Nuts and Seeds,443,3.35,40.91,31.69,1 cup,77
Dried Coconut,Nuts and Seeds,592,5.3,44.4,47,1 oz,28.4
Nuts Coconut Cream Raw (Liquid Expressed From Grated Meat),Nuts and Seeds,330,3.63,6.65,34.68,1 tbsp,15
Hazelnuts,Nuts and Seeds,628,14.95,16.7,60.75,1 cup/ chopped,115
Nuts Hazelnuts Or Filberts Blanched,Nuts and Seeds,629,13.7,17,61.15,1 oz,28.4
Dry Roasted Hazelnuts,Nuts and Seeds,646,15.03,17.6,62.4,1 oz,28.4
Ginko Nuts,Nuts and Seeds,182,4.32,37.6,1.68,1 oz,28.4
Dry-Roasted Mixed Nuts (Salted),Nuts and Seeds,607,19.5,22.42,53.5,1 cup,131
Nuts Mixed Nuts Dry Roasted With Peanuts Salt Added Planters Pistachio Blend,Nuts and Seeds,572,23.28,23.07,47.52,1 cup,147
Nuts Mixed Nuts Oil Roasted With Peanuts Without Salt Added,Nuts and Seeds,607,20.04,21.05,53.95,1 cup,134
Nuts Mixed Nuts Oil Roasted Without Peanuts Without Salt Added,Nuts and Seeds,615,15.52,22.27,56.17,1 cup,144
Nuts Pecans Oil Roasted Without Salt Added,Nuts and Seeds,715,9.2,13.01,75.23,1 cup,110
Dried Pilinuts,Nuts and Seeds,719,10.8,3.98,79.55,1 cup,120
Pine Nuts (Dried),Nuts and Seeds,673,13.69,13.08,68.37,1 cup,135
Dried Pine Nuts,Nuts and Seeds,629,11.57,19.3,60.98,1 oz,28.4
Nuts Walnuts Glazed,Nuts and Seeds,500,8.28,47.59,35.71,1 oz,28
Nuts Walnuts Dry Roasted With Salt Added,Nuts and Seeds,643,14.29,17.86,60.71,1 oz,28
Seeds Breadfruit Seeds Roasted,Nuts and Seeds,207,6.2,40.1,2.7,1 oz,28.4
Seeds Cottonseed Kernels Roasted (Glandless),Nuts and Seeds,506,32.59,21.9,36.29,1 cup,149
Dry Roasted Peanuts,Nuts and Seeds,587,24.35,21.26,49.66,1 cup,146
Nuts Nfs,Nuts and Seeds,605,19.59,21.04,53.62,1 cup,142
Almonds Salted,Nuts and Seeds,601,20.13,20.18,53.43,1 nut,1
Almonds Unsalted,Nuts and Seeds,607,20.33,20.38,53.96,1 nut,1
Almonds Flavored,Nuts and Seeds,599,20.07,20.12,53.27,1 nut,1
Almonds Honey Roasted,Nuts and Seeds,575,14.11,35.92,45.27,1 nut,1
Cashews Lightly Salted,Nuts and Seeds,580,14.78,31.55,47.72,1 nut,2
Cashews Unsalted,Nuts and Seeds,583,14.85,31.71,47.96,1 nut,2
Mixed Nuts Nfs,Nuts and Seeds,605,19.59,21.04,53.62,1 cup,142
Mixed Nuts Unroasted,Nuts and Seeds,606,16.96,23.17,54.13,1 cup,142
Mixed Nuts With Peanuts Unsalted,Nuts and Seeds,610,19.74,21.21,54.05,1 cup,142
Mixed Nuts Without Peanuts Salted,Nuts and Seeds,610,16.31,22.28,55.09,1 cup,142
Mixed Nuts Without Peanuts Unsalted,Nuts and Seeds,615,16.44,22.46,55.54,1 cup,142
Mixed Nuts Honey Roasted,Nuts and Seeds,579,15.35,33.28,46.51,1 cup,142
Peanuts Dry Roasted Lightly Salted,Nuts and Seeds,584,24.23,21.15,49.41,1 peanut/ without shell,1
Pecans Salted,Nuts and Seeds,690,8.81,13.31,72.09,1 nut,2
Pecans Unsalted,Nuts and Seeds,697,8.9,13.44,72.81,1 nut,2
Pecans Honey Roasted,Nuts and Seeds,637,6.17,31.11,58.36,1 nut,2
Pistachio Nuts Salted,Nuts and Seeds,576,20.22,27.16,46.98,1 nut,1
Pistachio Nuts Lightly Salted,Nuts and Seeds,579,20.32,27.3,47.21,1 nut,1
Pistachio Nuts Unsalted,Nuts and Seeds,581,20.42,27.43,47.44,1 nut,1
Walnuts Honey Roasted,Nuts and Seeds,612,10.25,31.01,53.8,1 nut,2
Peanut Butter Lower Sodium And Lower Sugar,Nuts and Seeds,624,23.5,18.27,53.12,1 tablespoon,16
Peanut Butter And Jelly,Nuts and Seeds,432,11.18,46.13,25.69,1 tablespoon,16
Peanut Butter And Chocolate Spread,Nuts and Seeds,498,11.66,42.76,34.48,1 tablespoon,16
Trail Mix Nfs,Nuts and Seeds,452,10.84,51.08,26.8,1 cup,140
Trail Mix With Nuts,Nuts and Seeds,600,20.06,21.18,52.82,1 cup,140
Trail Mix With Nuts And Fruit,Nuts and Seeds,452,10.84,51.08,26.8,1 cup,140
Trail Mix With Chocolate,Nuts and Seeds,501,11.62,48.31,32.2,1 cup,140
Trail Mix With Pretzels Cereal Or Granola,Nuts and Seeds,473,13.06,50.63,27.6,1 cup,140
Pumpkin Seeds Salted,Nuts and Seeds,567,29.49,14.54,48.47,1 cup/ without shell,144
Sunflower Seeds Plain Salted,Nuts and Seeds,575,19.1,23.78,49.21,1 cup/ without shell,144
Sunflower Seeds Flavored,Nuts and Seeds,567,18.45,25.93,47.54,1 cup/ without shell,144
Mixed Seeds,Nuts and Seeds,580,21.96,21.73,49.61,1 cup,145
