Rice And Vermicelli Mix Beef Flavor Unprepared,Prepared Meals,359,10.84,76.02,1.27,1/ 3 cup,61
Rice And Vermicelli Mix Beef Flavor Prepared With 80% Margarine,Prepared Meals,129,2.82,22.03,3.2,1 cup,247
Rice And Vermicelli Mix Rice Pilaf Flavor Unprepared,Prepared Meals,359,10.42,76.31,1.37,1/ 3 cup,68
Rice And Vermicelli Mix Rice Pilaf Flavor Prepared With 80% Margarine,Prepared Meals,148,2.94,25.67,3.7,1 cup,238
Pasta Mix Classic Cheeseburger Macaroni Unprepared,Prepared Meals,349,11.6,71.51,1.88,1 package,123
Pasta Mix Classic Beef Unprepared,Prepared Meals,354,12.32,72.2,1.78,1 package,122
Pasta Mix Italian Lasagna Unprepared,Prepared Meals,356,10.9,73.77,1.97,1 package,141
Yellow Rice With Seasoning Dry Packet Mix Unprepared,Prepared Meals,343,7.02,74.68,1.75,1 serving (2 oz),57
Pizza Rolls Frozen Unprepared,Prepared Meals,328,8.73,50.72,9.98,1 serving 6 rolls,80
Pasta Mix Italian Four Cheese Lasagna Unprepared,Prepared Meals,355,12.53,70.26,2.7,1 package,117
Spanish Rice Mix Dry Mix Unprepared,Prepared Meals,363,10.62,76.45,1.62,1/2 cup,70
Lasagna Cheese Frozen Unprepared,Prepared Meals,145,5.06,21.61,4.22,1 cup 1 serving,237
Chicken Thighs Frozen Breaded Reheated,Prepared Meals,334,18.66,14.23,22.45,1 thigh with bone and breading,133
Turnover Meat- And Cheese-Filled Tomato-Based Sauce Reduced Fat Frozen,Prepared Meals,215,9.45,31.89,5.51,1 piece turnover 1 serving,127
Turnover Filled With Egg Meat And Cheese Frozen,Prepared Meals,228,7.87,20.67,12.6,1 piece turnover 1 serving,127
Rice Mix White And Wild Flavored Unprepared,Prepared Meals,142,3.49,26.28,2.57,2 oz (1/4 c dry rice mix and 4 tsp seasoning mix),57
Salisbury Steak With Gravy Frozen,Prepared Meals,149,6.98,6.78,10.47,1 patty,63
Macaroni And Cheese Box Mix With Cheese Sauce Unprepared,Prepared Meals,334,12.73,46.66,10.67,1 serving (3.5 oz),25
Macaroni And Cheese Box Mix With Cheese Sauce Prepared,Prepared Meals,164,6.68,23.1,4.99,1 cup prepared,189
Taquitos Frozen Chicken And Cheese Oven-Heated,Prepared Meals,284,9.21,33.63,12.54,1 piece,42
Taquitos Frozen Beef And Cheese Oven-Heated,Prepared Meals,287,9.4,33.46,12.79,1 piece,42
Potsticker Or Wonton Pork And Vegetable Frozen Unprepared,Prepared Meals,136,8.28,13.28,5.52,5 pieces 1 serving,145
Macaroni Or Noodles With Cheese Made From Reduced Fat Packaged Mix Unprepared,Prepared Meals,297,13.1,52.06,4.03,1 serving (3.5 oz),99
Turnover Cheese-Filled Tomato-Based Sauce Frozen Unprepared,Prepared Meals,235,10.24,27.29,9.45,1 serving 4.5 oz,127
Macaroni Or Noodles With Cheese Microwaveable Unprepared,Prepared Meals,388,11.48,70.75,6.56,1 serving 1 pouch,61
Spanish Rice Mix Dry Mix Prepared (With Canola/vegetable Oil Blend Or Diced Tomatoes And Margarine),Prepared Meals,125,3.27,22.74,2.38,1 cup,198
Rice Mix Cheese Flavor Dry Mix Unprepared,Prepared Meals,362,8.77,73.88,3.51,1/4 cup dry rice mix,57
Dumpling Potato- Or Cheese-Filled Frozen,Prepared Meals,195,5.26,29.64,6.14,3 pieces pierogies,114
Turnover Chicken- Or Turkey- And Vegetable-Filled Reduced Fat Frozen,Prepared Meals,168,7.87,21.74,5.51,1 piece turnover 1 serving,127
Sausage Egg And Cheese Breakfast Biscuit,Prepared Meals,324,9.54,21.57,22.13,1 biscuit,126
Hungry Man Salisbury Steak With Gravy Frozen Unprepared,Prepared Meals,136,7.96,6.96,8.53,1 patty,64
Banquet Salisbury Steak With Gravy Family Size Frozen Unprepared,Prepared Meals,155,6.89,6.96,11.1,1 patty,72
Jimmy Dean Sausage Egg And Cheese Breakfast Biscuit Frozen Unprepared,Prepared Meals,328,9.29,21.07,22.9,1 biscuit,128
Spaghetti With Meat Sauce Frozen Entree,Prepared Meals,90,5.05,15.24,1.01,1 serving,283
Beef Macaroni With Tomato Sauce Frozen Entree Reduced Fat,Prepared Meals,113,5.89,17.99,1.96,1 serving,269
Pasta With Sliced Franks In Tomato Sauce Canned Entree,Prepared Meals,90,4.37,12.7,2.38,1 serving (1 cup),252
Turkey Pot Pie Frozen Entree,Prepared Meals,176,6.5,17.7,8.8,1 package yields,397
Beef Pot Pie Frozen Entree Prepared,Prepared Meals,220,7.25,22.05,11.39,1 pie/ cooked (average weight),268
Tortellini Pasta With Cheese Filling Fresh-Refrigerated As Purchased,Prepared Meals,307,13.5,47,7.23,3/4 cup,81
Chili Con Carne With Beans Canned Entree,Prepared Meals,107,5.8,13.1,3.47,1 cup,242
Chili No Beans Canned Entree,Prepared Meals,118,7.53,6.1,7.1,1 cup,240
Spaghetti With Meatballs In Tomato Sauce Canned,Prepared Meals,100,4.37,11.45,4.11,1 cup,246
Pasta With Tomato Sauce No Meat Canned,Prepared Meals,71,2.22,13.94,0.71,1 serving (1 nlea serving),252
Lasagna With Meat & Sauce Low-Fat Frozen Entree,Prepared Meals,101,6.81,13.5,2.23,1 package,309
Burrito Beef And Bean Microwaved,Prepared Meals,298,8.73,38.95,11.94,1 burrito cooked,116
Egg Rolls Pork Refrigerated Heated,Prepared Meals,227,9.94,28.49,8.18,1 roll,85
Egg Rolls Chicken Refrigerated Heated,Prepared Meals,197,10.44,28.54,4.51,1 roll,80
Egg Rolls Vegetable Frozen Prepared,Prepared Meals,214,5.95,31.77,6.97,1 egg roll,68
Lasagna Vegetable Frozen Baked,Prepared Meals,139,6.87,14.18,6.04,1 serving,227
Hot Pockets Meatballs & Mozzarella Stuffed Sandwich Frozen,Prepared Meals,252,9.32,30.68,10.23,1 hot pocket (1 nlea serving),127
Lean Pockets Ham N Cheddar,Prepared Meals,230,10.28,32.52,6.53,1 hot pocket (1 nlea serving),127
Lean Pockets Meatballs & Mozzarella,Prepared Meals,240,10.49,32.28,7.7,1 each,128
Chili With Beans Microwavable Bowls,Prepared Meals,100,5.85,10.88,3.68,1 cup,244
Chicken Nuggets Dark And White Meat Precooked Frozen Not Reheated,Prepared Meals,268,12.02,16.09,17.31,1 serving,87
Chicken Nuggets White Meat Precooked Frozen Not Reheated,Prepared Meals,261,14.36,16.24,15.42,1 serving,82
Ravioli Cheese With Tomato Sauce Frozen Not Prepared Includes Regular And Light Entrees,Prepared Meals,111,4.52,17.31,2.61,1 cup,159
Lasagna With Meat Sauce Frozen Prepared,Prepared Meals,135,7.28,15.36,4.92,1 piece side,123
Macaroni And Cheese Canned Entree,Prepared Meals,82,3.38,11.52,2.46,1 serving,244
Hot Pockets Croissant Pockets Chicken Broccoli And Cheddar Stuffed Sandwich Frozen,Prepared Meals,235,8.9,30.4,8.6,1 serving (1 hot pocket),127
Hot Pockets Ham N Cheese Stuffed Sandwich Frozen,Prepared Meals,270,9.16,24.69,15,1 serving (1 hot pocket),127
Ravioli Cheese-Filled Canned,Prepared Meals,77,2.48,13.64,1.45,1 cup,242
Ravioli Meat-Filled With Tomato Sauce Or Meat Sauce Canned,Prepared Meals,97,3.24,13.26,3.41,1 cup,262
Beef Stew Canned Entree,Prepared Meals,99,4.41,7.85,5.53,1 cup (1 serving),196
Chicken Pot Pie Frozen Entree Prepared,Prepared Meals,204,5.11,19.21,11.85,1 pie,302
Beef Corned Beef Hash With Potato Canned,Prepared Meals,164,8.73,9.27,10.24,1 cup,236
Lasagna Cheese Frozen Prepared,Prepared Meals,130,6.54,13.84,5.33,1 cup 1 serving,225
Lasagna With Meat & Sauce Frozen Entree,Prepared Meals,124,6.63,14.39,4.42,1 piece side,134
Burrito Beef And Bean Frozen,Prepared Meals,239,7.26,30.84,9.61,1 burrito frozen,139
Burrito Bean And Cheese Frozen,Prepared Meals,221,7.07,34.01,6.3,1 burrito,129
Macaroni And Cheese Canned Microwavable,Prepared Meals,134,5.98,13.96,5.99,7 (1/2) oz 1 serving,213
Turkey Stuffing Mashed Potatoes W/gravy Assorted Vegetables Frozen Microwaved,Prepared Meals,128,6.97,16.32,3.89,1 serving,385
Rice Bowl With Chicken Frozen Entree Prepared (Includes Fried Teriyaki And Sweet And Sour Varieties),Prepared Meals,126,5.65,22.46,1.56,1 bowl,340
Macaroni And Cheese Dinner With Dry Sauce Mix Boxed Uncooked,Prepared Meals,379,13.86,70.12,4.82,1 serving (makes about 1 cup prepared),70
Macaroni And Cheese Dry Mix Prepared With 2% Milk And 80% Stick Margarine From Dry Mix,Prepared Meals,190,4.89,23.93,8.28,1 cup,198
Macaroni And Cheese Frozen Entree,Prepared Meals,149,5.6,17.28,6.41,1 cup,137
Potato Salad With Egg,Prepared Meals,157,1.96,16.18,9.4,1/2 cup,125
Pulled Pork In Barbecue Sauce,Prepared Meals,168,13.19,18.74,4.42,1 cup,249
Corn Dogs Frozen Prepared,Prepared Meals,250,8.57,26.96,12.02,1 corndog,78
Chicken Tenders Breaded Frozen Prepared,Prepared Meals,240,14.62,14.86,13.58,1 piece,21
Rice And Vermicelli Mix Chicken Flavor Unprepared,Prepared Meals,356,10.64,76.08,1.04,1/ 3 cup,56
Rice And Vermicelli Mix Chicken Flavor Prepared With 80% Margarine,Prepared Meals,136,2.65,23.54,3.45,1 cup,233
Beef With Soy-Based Sauce,Prepared Meals,184,15.83,3.37,12.21,1 cup,244
Steak Teriyaki,Prepared Meals,198,28.86,1.94,8.25,1 cup,244
Beef With Sweet And Sour Sauce,Prepared Meals,183,11.6,16.28,8.24,1 cup,252
Sweet And Sour Pork,Prepared Meals,194,11.6,18.09,8.31,1 cup,226
Pork Or Ham With Soy-Based Sauce,Prepared Meals,187,14.84,3.37,12.52,1 cup,244
Chicken Or Turkey With Teriyaki,Prepared Meals,163,25.73,1.62,5.96,1 cup,244
Sweet And Sour Shrimp,Prepared Meals,168,7.17,15.78,8.53,1 cup,176
Shrimp Teriyaki,Prepared Meals,120,21.62,3.34,1.56,1 cup,201
Beef And Noodles With Soy-Based Sauce,Prepared Meals,171,13.16,7.56,9.91,1 cup,249
Biryani With Meat,Prepared Meals,144,8.4,12.07,6.77,1 cup,196
Beef And Rice With Soy-Based Sauce,Prepared Meals,176,13.55,7.98,10.12,1 cup,244
Chicken Or Turkey And Noodles With Soy-Based Sauce,Prepared Meals,155,11.58,7.62,8.88,1 cup,224
Biryani With Chicken,Prepared Meals,102,7.04,13.42,2.36,1 cup,196
Chicken Or Turkey And Rice With Soy-Based Sauce,Prepared Meals,160,11.93,8.03,9.07,1 cup,244
Shrimp And Noodles With Soy-Based Sauce,Prepared Meals,139,10.18,8.19,7.11,1 cup,224
Beef Potatoes And Vegetables Including Carrots Broccoli And/or Dark-Green Leafy; Soy-Based Sauce,Prepared Meals,146,11.65,6.04,8.68,1 cup,252
Beef Potatoes And Vegetables Excluding Carrots Broccoli And Dark-Green Leafy; Soy-Based Sauce,Prepared Meals,145,11.67,5.84,8.69,1 cup,252
Beef Chow Mein Or Chop Suey With Noodles,Prepared Meals,130,10.44,12.29,4.18,1 cup,220
Beef Noodles And Vegetables Including Carrots Broccoli And/or Dark-Green Leafy; Soy-Based Sauce,Prepared Meals,137,10.25,7.7,7.48,1 cup,217
Beef Noodles And Vegetables Excluding Carrots Broccoli And Dark-Green Leafy; Soy-Based Sauce,Prepared Meals,139,10.51,7.47,7.72,1 cup,217
Beef Rice And Vegetables Including Carrots Broccoli And/or Dark-Green Leafy; Soy-Based Sauce,Prepared Meals,140,10.49,8.01,7.6,1 cup,217
Beef Rice And Vegetables Excluding Carrots Broccoli And Dark-Green Leafy; Soy-Based Sauce,Prepared Meals,143,10.76,7.79,7.84,1 cup,217
Pork Chow Mein Or Chop Suey With Noodles,Prepared Meals,144,10.07,12.29,5.67,1 cup,220
Pork Rice And Vegetables Including Carrots Broccoli And/or Dark-Green Leafy; Soy-Based Sauce,Prepared Meals,142,9.89,8.01,7.79,1 cup,217
Pork Rice And Vegetables Excluding Carrots Broccoli And Dark-Green Leafy; Soy-Based Sauce,Prepared Meals,144,10.14,7.79,8.04,1 cup,217
Sweet And Sour Pork With Rice,Prepared Meals,184,10.16,19.98,7,1 cup,244
Chicken Or Turkey Chow Mein Or Chop Suey With Noodles,Prepared Meals,131,9.57,12.27,4.72,1 cup,220
Chicken Or Turkey Rice And Vegetables Including Carrots Broccoli And/or Dark-Green Leafy; Soy-Based Sauce,Prepared Meals,128,9.3,8.05,6.82,1 cup,217
Chicken Or Turkey Rice And Vegetables Excluding Carrots Broccoli And Dark-Green Leafy; Soy-Based Sauce,Prepared Meals,130,9.53,7.83,7.04,1 cup,217
Paella With Seafood,Prepared Meals,142,8.04,16.43,4.68,1 cup,240
Shrimp Chow Mein Or Chop Suey With Noodles,Prepared Meals,118,8.72,12.47,3.33,1 cup,220
Chow Mein Or Chop Suey Ns As To Type Of Meat With Noodles,Prepared Meals,131,9.57,12.27,4.72,1 cup,220
Paella Nfs,Prepared Meals,167,9.54,15.8,7.08,1 cup,240
Chow Mein Or Chop Suey Various Types Of Meat With Noodles,Prepared Meals,135,10.02,12.28,4.86,1 cup,220
Jambalaya With Meat And Rice,Prepared Meals,178,14.5,8.53,9.48,1 cup,244
Beef And Vegetables Including Carrots Broccoli And/or Dark-Green Leafy; No Potatoes Soy-Based Sauce,Prepared Meals,141,11.64,4.77,8.7,1 cup,217
Beef And Broccoli,Prepared Meals,155,10.57,5.32,10.44,1 cup,217
Beef Tofu And Vegetables Including Carrots Broccoli And/or Dark-Green Leafy; No Potatoes Soy-Based Sauce,Prepared Meals,112,7.22,4.86,7.56,1 cup,217
Beef Chow Mein Or Chop Suey No Noodles,Prepared Meals,82,10.76,3.85,2.61,1 cup,220
Kung Pao Beef,Prepared Meals,218,18.35,4.98,14.46,1 cup,162
Beef And Vegetables Excluding Carrots Broccoli And Dark-Green Leafy; No Potatoes Soy-Based Sauce,Prepared Meals,143,12,4.38,9.02,1 cup,217
Beef Tofu And Vegetables Excluding Carrots Broccoli  And Dark-Green Leafy; No Potatoes Soy-Based Sauce,Prepared Meals,114,7.4,4.49,7.83,1 cup,217
Beef Taco Filling: Beef Cheese Tomato Taco Sauce,Prepared Meals,180,12.92,6.44,11.21,1 cup,204
Stir Fried Beef And Vegetables In Soy Sauce,Prepared Meals,93,10.85,4.26,3.68,1 cup,162
Pork Tofu And Vegetables Including Carrots Broccoli And/or Dark-Green Leafy; No Potatoes Soy-Base Sauce,Prepared Meals,113,6.92,4.86,7.66,1 cup,217
Pork And Vegetables Hawaiian Style,Prepared Meals,90,7.48,7.62,3.6,1 cup,252
Pork And Watercress With Soy-Based Sauce,Prepared Meals,143,11.42,3.54,9.35,1 cup,162
Kung Pao Pork,Prepared Meals,221,17.31,4.98,14.78,1 cup,162
Moo Shu Pork Without Chinese Pancake,Prepared Meals,151,10.53,4.25,10.4,1 cup,151
Pork And Onions With Soy-Based Sauce,Prepared Meals,147,11.03,5.45,9.02,1 cup,256
Pork Tofu And Vegetables Excluding Carrots Broccoli And Dark-Green Leafy; No Potatoes Soy-Based Sauce,Prepared Meals,114,7.09,4.49,7.93,1 cup,217
Pork Chow Mein Or Chop Suey No Noodles,Prepared Meals,98,10.34,3.85,4.3,1 cup,220
Pork And Vegetables Including Carrots Broccoli And/or Dark-Green Leafy; No Potatoes Soy-Based Sauce,Prepared Meals,142,10.95,4.77,8.91,1 cup,217
Pork And Vegetables Excluding Carrots Broccoli And Dark- Green Leafy; No Potatoes Soy-Based Sauce,Prepared Meals,145,11.28,4.38,9.24,1 cup,217
Chicken Or Turkey And Vegetables Excluding Carrots Broccoli And Dark-Green Leafy; No Potatoes Soy-Based Sauce,Prepared Meals,129,10.57,4.43,8.09,1 cup,217
Moo Goo Gai Pan,Prepared Meals,74,7.28,6.39,2.41,1 cup,216
Almond Chicken,Prepared Meals,197,16.08,4.88,13.18,1 cup,242
Chicken Or Turkey Chow Mein Or Chop Suey No Noodles,Prepared Meals,83,9.78,3.84,3.23,1 cup,220
Shrimp Chow Mein Or Chop Suey No Noodles,Prepared Meals,69,8.8,4.27,1.69,1 cup,220
Shrimp And Vegetables Including Carrots Broccoli And/or Dark-Green Leafy; No Potatoes Soy-Based Sauce,Prepared Meals,113,9.08,5.27,6.28,1 cup,217
Shrimp And Vegetables Excluding Carrots Broccoli And Dark-Green Leafy; No Potatoes Soy-Based Sauce,Prepared Meals,114,9.34,4.9,6.51,1 cup,217
Kung Pao Shrimp,Prepared Meals,175,14.35,5.75,10.76,1 cup,162
Shellfish Mixture And Vegetables Including Carrots Broccoli And/or Dark-Green Leafy; No Potatoes Soy-Based Sauce,Prepared Meals,117,9.33,6.01,6.26,1 cup,217
Shellfish Mixture And Vegetables Excluding Carrots Broccoli And Dark-Green Leafy; No Potatoes Soy-Based Sauce,Prepared Meals,118,9.6,5.67,6.49,1 cup,217
Fish And Vegetables Including Carrots Broccoli And/or Dark-Green Leafy; No Potatoes Soy-Based Sauce,Prepared Meals,101,7.71,4.75,5.87,1 cup,217
Fish And Vegetables Excluding  Carrots Broccoli And Dark-Green Leafy; No Potatoes Soy-Based Sauce,Prepared Meals,102,7.91,4.36,6.08,1 cup,217
Chow Mein Or Chop Suey Ns As To Type Of Meat No Noodles,Prepared Meals,83,9.78,3.84,3.23,1 cup,220
Chicken Chow Mein With Rice Diet Frozen Meal,Prepared Meals,91,6.06,11.86,1.98,1 lean cuisine meal (11.25 oz),319
Chicken In Soy-Based Sauce Rice And Vegetables Frozen Meal,Prepared Meals,109,6.72,18.03,0.88,1 meal (9 oz),255
Chicken In Orange Sauce With Almond Rice Diet Frozen Meal,Prepared Meals,133,11.33,16.05,2.19,1 meal (8 oz),227
Egg Foo Yung Nfs,Prepared Meals,123,11.68,4.94,5.95,1 patty,86
Chicken Egg Foo Yung,Prepared Meals,135,12.78,4.52,7.17,1 patty,86
Pork Egg Foo Yung,Prepared Meals,147,13.28,4.52,8.04,1 patty,86
Shrimp Egg Foo Yung,Prepared Meals,123,11.68,4.94,5.95,1 cup,175
Beef Egg Foo Yung,Prepared Meals,146,13.81,4.52,7.87,1 patty,86
Tofu And Vegetables Including Carrots Broccoli And/or Dark-Green Leafy; No Potatoes With Soy-Based Sauce,Prepared Meals,89,4.03,4.78,6.6,1 cup,217
Tofu And Vegetables Excluding Carrots Broccoli And Dark-Green Leafy; No Potatoes With Soy-Based Sauce,Prepared Meals,90,4.09,4.44,6.82,1 cup,217
Bread Stuffing,Prepared Meals,177,3.14,21.69,8.6,No data available,No data available
Bread Stuffing Made With Egg,Prepared Meals,192,3.32,17.75,11.9,1 cup,170
Dumpling Fried Puerto Rican Style,Prepared Meals,371,5.66,34.41,23.52,1 small dumpling,16
Cake Made With Glutinous Rice,Prepared Meals,276,2.22,53.78,6.45,1 oz,28
Cake Or Pancake Made With Rice Flour And/or Dried Beans,Prepared Meals,128,6.36,24.98,0.35,"1 idli (2-1/4"" dia)",38
Cake Made With Glutinous Rice And Dried Beans,Prepared Meals,187,8.29,37.34,0.34,1 piece,16
Burrito With Meat,Prepared Meals,242,13.03,14.44,14.48,1 small burrito,161
Burrito With Meat And Beans,Prepared Meals,229,11.36,17.83,12.46,1 small burrito,166
Burrito With Meat And Sour Cream,Prepared Meals,236,11.57,13.09,15.15,1 small burrito,187
Burrito With Meat Beans And Sour Cream,Prepared Meals,225,10.16,16.06,13.39,1 small burrito,192
Burrito With Meat Beans And Sour Cream From Fast Food,Prepared Meals,209,8.56,26.78,7.86,1 small burrito,192
Burrito With Meat Beans And Rice,Prepared Meals,223,10.79,18.52,11.66,1 small burrito,177
Burrito With Meat Beans Rice And Sour Cream,Prepared Meals,219,9.73,16.76,12.63,1 small burrito,203
Burrito With Chicken,Prepared Meals,242,16.9,16.57,12.01,1 small burrito,142
Burrito With Chicken And Beans,Prepared Meals,228,12.93,19.06,11.2,1 small burrito,153
Burrito With Chicken And Sour Cream,Prepared Meals,235,14.59,14.66,13.19,1 small burrito,162
Burrito With Chicken Beans And Sour Cream,Prepared Meals,224,11.42,16.98,12.38,1 small burrito,179
Burrito With Chicken Beans And Rice,Prepared Meals,221,12.2,19.72,10.42,1 small burrito,165
Burrito With Chicken Beans Rice And Sour Cream,Prepared Meals,218,10.88,17.67,11.63,1 small burrito,191
Burrito With Beans And Rice Meatless,Prepared Meals,211,9.32,21.5,9.89,1 small burrito,182
Burrito With Beans Meatless,Prepared Meals,217,9.78,21.04,10.56,1 small burrito,170
Burrito With Beans Rice And Sour Cream Meatless,Prepared Meals,210,8.47,19.41,11.06,1 small burrito,208
Chilaquiles Tortilla Casserole With Salsa Cheese And Egg,Prepared Meals,292,8.57,24.71,17.84,1 cup,232
Chilaquiles Tortilla Casserole With Salsa And Cheese No Egg,Prepared Meals,299,7.3,28.98,17.4,1 cup,232
Enchilada With Meat And Beans Red-Chile Or Enchilada Sauce,Prepared Meals,139,6.83,14.4,6.42,1 enchilada/ any size,132
Enchilada With Meat And Beans Green-Chile Or Enchilada Sauce,Prepared Meals,157,7.23,14.68,8.16,1 enchilada/ any size,123
Enchilada With Meat Red-Chile Or Enchilada Sauce,Prepared Meals,147,9.22,12.22,7.15,1 enchilada/ any size,122
Enchilada With Meat Green-Chile Or Enchilada Sauce,Prepared Meals,168,9.83,12.37,9.08,1 enchilada/ any size,114
Enchilada With Chicken And Beans Red-Chile Or Enchilada Sauce,Prepared Meals,131,6.48,14.39,5.81,1 enchilada/ any size,132
Enchilada With Chicken And Beans Green-Chile Or Enchilada Sauce,Prepared Meals,149,6.86,14.67,7.5,1 enchilada/ any size,132
Enchilada With Chicken Red-Chile Or Enchilada Sauce,Prepared Meals,130,8.47,12.21,5.82,1 enchilada/ any size,123
Enchilada With Chicken Green-Chile Or Enchilada Sauce,Prepared Meals,150,9.02,12.35,7.65,1 enchilada/ any size,114
Enchilada With Beans Meatless Red-Chile Or Enchilada Sauce,Prepared Meals,131,4.75,16.28,5.8,1 enchilada/ any size,141
Enchilada With Beans Green-Chile Or Enchilada Sauce,Prepared Meals,148,5,16.66,7.37,1 enchilada/ any size,132
Enchilada Just Cheese Meatless No Beans Red-Chile Or Enchilada Sauce,Prepared Meals,167,7.31,12.88,10.06,1 enchilada/ any size,119
Enchilada Just Cheese Meatless No Beans Green-Chile Or Enchilada Sauce,Prepared Meals,189,7.8,13.08,12.28,1 enchilada/ any size,111
Taco Or Tostada With Meat,Prepared Meals,246,10.45,19.28,14.31,1 miniature taco,22
Taco Or Tostada With Meat And Sour Cream,Prepared Meals,243,9.44,17.44,15.25,1 small taco or tostada,109
Soft Taco With Meat,Prepared Meals,221,10.68,20.42,10.71,1 small taco or tostada,103
Soft Taco With Meat And Sour Cream,Prepared Meals,221,9.75,18.64,11.97,No data available,No data available
Soft Taco With Meat And Sour Cream From Fast Food,Prepared Meals,200,8.68,18.78,9.96,1 small taco or tostada,117
Soft Taco With Chicken,Prepared Meals,221,12.5,21.28,9.58,No data available,No data available
Soft Taco With Chicken And Sour Cream,Prepared Meals,218,11.07,18.91,10.97,No data available,No data available
Taco Or Tostada With Chicken,Prepared Meals,255,12.74,20.44,13.78,1 small taco or tostada,80
Taco Or Tostada With Chicken And Sour Cream,Prepared Meals,245,11.06,17.87,14.69,1 small taco or tostada,96
Taco Or Tostada With Fish,Prepared Meals,229,10.07,20.44,11.91,1 miniature taco,20
Soft Taco With Fish,Prepared Meals,199,10.22,21.28,8.01,1 small taco or tostada,94
Soft Taco With Beans,Prepared Meals,184,6.88,23.63,7.01,No data available,No data available
Soft Taco With Beans And Sour Cream,Prepared Meals,185,6.42,21.66,8.29,No data available,No data available
Soft Taco With Meat And Beans,Prepared Meals,201,8.58,22.29,8.67,1 small taco or tostada,117
Soft Taco With Chicken And Beans,Prepared Meals,199,9.18,22.67,8.07,1 small taco or tostada,112
Soft Taco With Meat Beans And Sour Cream,Prepared Meals,202,7.92,20.38,9.96,1 small taco or tostada,132
Soft Taco With Chicken Beans And Sour Cream,Prepared Meals,199,8.37,20.5,9.42,1 small taco or tostada,127
Taco Or Tostada With Beans,Prepared Meals,202,6.39,23.34,9.51,1 small taco or tostada,125
Taco Or Tostada With Beans And Sour Cream,Prepared Meals,201,5.94,21.2,10.63,1 small taco or tostada,140
Taco Or Tostada With Meat And Beans,Prepared Meals,222,8.19,21.65,11.65,1 small taco or tostada,109
Taco Or Tostada With Meat And Beans From Fast Food,Prepared Meals,219,8.61,19.66,12.06,1 small taco or tostada,109
Taco Or Tostada With Chicken And Beans,Prepared Meals,223,8.91,22.19,11.21,1 small taco or tostada,103
Taco Or Tostada With Meat Beans And Sour Cream,Prepared Meals,220,7.51,19.6,12.71,1 small taco or tostada,124
Taco Or Tostada With Chicken Beans And Sour Cream,Prepared Meals,219,8.04,19.83,12.3,1 small taco or tostada,118
Ground Beef With Tomato Sauce And Taco Seasonings On A Cornbread Crust,Prepared Meals,194,9.56,20.49,8.13,1 cup,179
Mexican Casserole Made With Ground Beef Beans Tomato Sauce Cheese Taco Seasonings And Corn Chips,Prepared Meals,234,13.28,17.41,12.65,1 cup,144
Mexican Casserole Made With Ground Beef Tomato Sauce Cheese Taco Seasonings And Corn Chips,Prepared Meals,268,14.62,14.51,17.08,1 cup,144
Taco Or Tostada Salad With Meat,Prepared Meals,178,7.47,16.44,9.3,1 small taco salad,237
Taco Or Tostada Salad With Chicken,Prepared Meals,166,7.85,16.24,8,1 small taco salad,240
Taco Or Tostada Salad Meatless,Prepared Meals,161,5.29,19.25,7.33,1 small taco salad,234
Taco Or Tostada Salad With Meat And Sour Cream,Prepared Meals,180,6.86,15.02,10.51,1 small taco salad,264
Taco Or Tostada Salad With Chicken And Sour Cream,Prepared Meals,170,7.2,14.86,9.35,1 small taco salad,273
Taco Or Tostada Salad Meatless With Sour Cream,Prepared Meals,166,4.95,17.47,8.8,1 small taco salad,266
Tamale With Chicken,Prepared Meals,221,8.6,14.94,14.37,1 small tamale,84
Tamale Plain Meatless No Sauce Puerto Rican Style Or Carribean Style,Prepared Meals,216,1.88,11.68,18.82,1 tamale,36
Tamale Meatless With Sauce Puerto Rican Or Caribbean Style,Prepared Meals,451,1.46,9.25,46.07,1 tamale,72
Tamale Casserole With Meat,Prepared Meals,160,6.31,15.43,8.25,1 cup,244
Nachos With Cheese And Sour Cream,Prepared Meals,223,8.4,21.93,11.84,1 nacho,7
Nachos With Meat And Cheese,Prepared Meals,235,13.48,17.88,12.41,1 nacho,7
Nachos With Chicken And Cheese,Prepared Meals,209,14.13,17.43,9.59,1 nacho,7
Nachos With Chili,Prepared Meals,252,10.05,23.12,14.07,1 nacho,7
Nachos With Meat Cheese And Sour Cream,Prepared Meals,216,6.28,20.08,12.63,1 nacho,7
Nachos With Chicken Cheese And Sour Cream,Prepared Meals,208,13.11,16.31,10.44,1 nacho,7
Gordita Sope Or Chalupa With Beans,Prepared Meals,209,6.52,25.58,9.32,1 small,150
Gordita Sope Or Chalupa With Beans And Sour Cream,Prepared Meals,208,6.15,23.72,10.22,1 small,165
Gordita Sope Or Chalupa With Meat And Sour Cream,Prepared Meals,247,9.01,22.03,13.89,1 small,132
Gordita Sope Or Chalupa With Meat,Prepared Meals,250,9.7,23.87,13.06,1 small,115
Gordita Sope Or Chalupa With Chicken And Sour Cream,Prepared Meals,242,9.86,22.11,12.97,1 small,124
Gordita Sope Or Chalupa With Chicken,Prepared Meals,248,10.83,24.4,12.14,1 small,115
Chimichanga With Meat,Prepared Meals,260,9.15,27.83,12.55,1 small chimichanga,105
Chimichanga Meatless,Prepared Meals,225,7.11,26.92,10.04,1 small chimichanga,128
Chimichanga With Chicken,Prepared Meals,272,10.1,29.56,12.65,1 small chimichanga,97
Chimichanga With Meat And Sour Cream,Prepared Meals,282,9,27.23,15.3,1 small chimichanga,92
Chimichanga Meatless With Sour Cream,Prepared Meals,223,6.68,24.89,10.89,1 small chimichanga,136
Chimichanga With Chicken And Sour Cream,Prepared Meals,266,9.33,27.02,13.55,1 small chimichanga,108
Quesadilla Just Cheese Meatless,Prepared Meals,343,12.63,32.76,17.75,1 slice or wedge,18
Quesadilla Just Cheese From Fast Food,Prepared Meals,346,13.28,30.07,18.96,1 slice or wedge,18
Quesadilla With Meat,Prepared Meals,326,14.4,29.28,16.58,1 slice or wedge,20
Quesadilla With Vegetables,Prepared Meals,307,11.3,29.64,15.74,1 slice or wedge,20
Quesadilla With Vegetables And Meat,Prepared Meals,317,12.84,29.46,16.16,1 slice or wedge,20
Quesadilla With Vegetables And Chicken,Prepared Meals,315,12.72,29.45,16.13,1 slice or wedge,20
Taquito Or Flauta With Cheese,Prepared Meals,269,10.4,33.27,11.18,1 small taquito,36
Fajita With Chicken And Vegetables,Prepared Meals,161,9.72,14.76,7.13,No data available,No data available
Fajita With Meat And Vegetables,Prepared Meals,165,10.41,14.76,6.99,No data available,No data available
Fajita With Vegetables,Prepared Meals,161,5.47,15.89,8.61,1 fajita,141
Pupusa Bean-Filled,Prepared Meals,181,5.71,29.79,4.84,"1 pupusa (about 5"" dia)",126
Egg Roll Meatless,Prepared Meals,269,5.62,30.02,14.14,1 miniature egg roll,13
Egg Roll With Shrimp,Prepared Meals,269,5.62,30.02,14.14,1 miniature egg roll,13
Egg Roll With Beef And/or Pork,Prepared Meals,277,9.39,27.87,14.33,1 miniature roll,13
Egg Roll With Chicken Or Turkey,Prepared Meals,253,9.86,26.96,11.82,1 miniature egg roll,13
Roll With Meat And/or Shrimp Vegetables And Rice Paper Not Fried,Prepared Meals,111,5.53,17.13,2.63,"1 roll (4-1/4"" x 1-1/2"" dia)",71
Wonton Fried Filled With Meat Poultry Or Seafood,Prepared Meals,191,8.76,14.05,11.13,1 wonton/ any size,19
Wonton Fried Meatless,Prepared Meals,191,8.76,14.05,11.13,1 wonton/ any size,19
Wonton Fried Filled With Meat Poultry Or Seafood And Vegetable,Prepared Meals,191,8.76,14.05,11.13,1 wonton/ any size,19
Puffs Fried Crab Meat And Cream Cheese Filled,Prepared Meals,315,9.3,35.01,15.22,1 puff,23
Dumpling Steamed Filled With Meat Poultry Or Seafood,Prepared Meals,113,6.9,11.07,4.6,No data available,No data available
Tamale Casserole Puerto Rican Style,Prepared Meals,157,6.98,11.04,9.67,1 cup,237
Tamal In A Leaf Puerto Rican Style,Prepared Meals,153,9.42,11.78,8.16,"1 tamal (6"" x 2"" x 1/2"")",41
Taco With Crab Meat Puerto Rican Style,Prepared Meals,218,12.03,16.63,11.33,"1 taco (4-1/2"" dia)",121
Meat Turnover Puerto Rican Style,Prepared Meals,256,11.89,21.62,13.34,1 turnover,28
Empanada Mexican Turnover Filled With Cheese And Vegetables,Prepared Meals,319,8.61,34.39,16.58,1 small/appetizer,81
Empanada Mexican Turnover Filled With Chicken And Vegetables,Prepared Meals,285,9.66,33.18,12.77,1 small/appetizer,81
Meat Pie Puerto Rican Style,Prepared Meals,475,15.7,25.36,33.99,"1 pie (9"" dia)",1110
Cheese Turnover Puerto Rican Style,Prepared Meals,420,9.68,36.79,25.71,1 turnover,21
Crepe Filled With Meat Poultry Or Seafood With Sauce,Prepared Meals,184,13.1,8.01,11.04,1 crepe with filling/ any size,155
Crepe Filled With Meat Poultry Or Seafood No Sauce,Prepared Meals,194,13.71,11.13,10.58,1 crepe with filling/ any size,125
Dumpling Meat-Filled,Prepared Meals,359,12.54,25.37,22.81,1 dumpling/ any size,97
Dumpling Vegetable,Prepared Meals,164,5.05,27.4,3.76,1 dumpling/ any size,97
Gnocchi Cheese,Prepared Meals,178,8.37,9.41,11.84,1 cup,70
Gnocchi Potato,Prepared Meals,133,2.36,17.06,6.24,1 cup,188
Kishke Stuffed Derma,Prepared Meals,460,4.72,35.1,33.02,1 cubic inch/ cooked,18
Knish Potato,Prepared Meals,349,7.59,33.81,20.32,1 knish,61
Knish Cheese,Prepared Meals,342,10.16,31.11,19.46,1 knish,60
Knish Meat,Prepared Meals,349,13.12,25.65,21.28,1 knish,50
Sweet Bread Dough Filled With Meat Steamed,Prepared Meals,272,10.92,39.34,7.52,1 manapua,93
Pastry Egg And Cheese Filled,Prepared Meals,343,8.05,43.39,15.18,1 kolache,142
Pastry Meat / Poultry-Filled,Prepared Meals,338,11.23,30.64,18.85,1 kolache,85
Spanakopitta,Prepared Meals,206,7.51,10.53,15.19,1 cubic inch,12
Pastry Filled With Potatoes And Peas Fried,Prepared Meals,308,4.66,32.21,17.87,1 miniature samosa,9
Quiche With Meat Poultry Or Fish,Prepared Meals,386,15.79,11.73,30.7,"1 piece (1/8 of 9"" dia)",192
Spinach Quiche Meatless,Prepared Meals,296,10.46,11.46,23.48,"1 piece (1/8 of 9"" dia)",143
Cheese Quiche Meatless,Prepared Meals,364,12.25,13.29,29.32,"1 piece (1/8 of 9"" dia)",192
Turnover Filled With Ground Beef And Cabbage,Prepared Meals,237,10.28,29.72,8.24,1 bierock,215
Turnover Meat-Filled No Gravy,Prepared Meals,371,12.87,26.16,23.6,1 turnover,88
Turnover Meat-Filled With Gravy,Prepared Meals,249,9.38,17.99,15.47,1 turnover,152
Turnover Meat- And Cheese-Filled No Gravy,Prepared Meals,241,9.16,30.55,9.14,1 turnover,96
Turnover Meat- And Bean-Filled No Gravy,Prepared Meals,347,12.48,25.91,21.25,1 turnover,88
Turnover Meat- And Cheese-Filled Tomato-Based Sauce,Prepared Meals,253,9.32,30.45,10.47,1 turnover,73
Turnover Cheese-Filled Tomato-Based Sauce,Prepared Meals,270,11.77,31.37,10.86,1 hot pockets four cheese pizza,128
Turnover Filled With Meat And Vegetable No Potatoes No Gravy,Prepared Meals,305,10.69,22.98,18.82,1 turnover,88
Turnover Meat- Potato- And Vegetable-Filled No Gravy,Prepared Meals,292,9.98,22.87,17.73,1 turnover,88
Turnover Chicken With Gravy,Prepared Meals,279,9.42,20.15,17.92,1 turnover,112
Vegetables In Pastry,Prepared Meals,307,6.53,21.19,22.78,1 pastry,103
Vegetables And Cheese In Pastry,Prepared Meals,315,7.84,19.74,23.62,1 pastry,103
Cornmeal Dressing With Chicken Or Turkey And Vegetables,Prepared Meals,236,7.56,19.16,14.37,1 cup,161
Dressing With Oysters,Prepared Meals,189,4.77,18.41,10.78,1 cup,161
Dressing With Chicken Or Turkey And Vegetables,Prepared Meals,217,7.98,21.01,11.15,1 cup,161
Dressing With Meat And Vegetables,Prepared Meals,261,6.73,20.52,16.85,1 cup,161
Lasagna With Meat,Prepared Meals,139,7.45,16.17,4.97,"1 piece (1/6 of 8"" square/ approx 2-1/2"" x 4"")",206
Lasagna With Meat Home Recipe,Prepared Meals,196,14.2,12.16,9.91,"1 piece (1/6 of 8"" square/ approx 2-1/2"" x 4"")",206
Lasagna With Meat And Spinach,Prepared Meals,197,13.86,12.77,9.83,"1 piece (1/6 of 8"" square/ approx 2-1/2"" x 4"")",206
Lasagna With Chicken Or Turkey,Prepared Meals,195,14.3,12.97,9.4,"1 piece (1/6 of 8"" square/ approx 2-1/2"" x 4"")",206
Lasagna With Chicken Or Turkey And Spinach,Prepared Meals,191,14.04,12.77,9.19,"1 piece (1/6 of 8"" square/ approx 2-1/2"" x 4"")",206
Lasagna Meatless With Vegetables,Prepared Meals,177,11.71,13.46,8.4,"1 piece (1/6 of 8"" square/ approx 2-1/2"" x 4"")",227
Lasagna With Meat Whole Wheat Noodles,Prepared Meals,198,14.17,12.74,10.29,"1 piece (1/6 of 8"" square/ approx 2-1/2"" x 4"")",206
Lasagna Meatless Whole Wheat Noodles,Prepared Meals,179,12.04,13.26,8.93,"1 piece (1/6 of 8"" square/ approx 2-1/2"" x 4"")",227
Lasagna With Meat Spinach Noodles,Prepared Meals,194,13.89,11.06,10.25,"1 piece (1/6 of 8"" square/ approx 2-1/2"" x 4"")",206
Lasagna Meatless Spinach Noodles,Prepared Meals,170,11.49,11.53,8.58,"1 piece (1/6 of 8"" square/ approx 2-1/2"" x 4"")",227
Ravioli Ns As To Filling No Sauce,Prepared Meals,186,10.7,19.09,7.06,1 piece,15
Ravioli Ns As To Filling With Tomato Sauce,Prepared Meals,139,7.18,14.1,5.95,1 piece,38
Ravioli Ns As To Filling With Cream Sauce,Prepared Meals,170,8.37,14.63,8.44,1 piece,38
Ravioli Meat-Filled No Sauce,Prepared Meals,189,12.48,17.45,7.23,1 piece,15
Ravioli Meat-Filled With Tomato Sauce Or Meat Sauce,Prepared Meals,148,8.67,14.31,6.12,1 piece,35
Ravioli Meat-Filled With Cream Sauce,Prepared Meals,175,10.04,13.52,8.67,1 piece,35
Ravioli Cheese-Filled No Sauce,Prepared Meals,177,8.36,20.33,6.65,1 piece,15
Ravioli Cheese-Filled With Tomato Sauce,Prepared Meals,98,3.98,15.22,2.3,1 piece,38
Ravioli Cheese-Filled With Meat Sauce,Prepared Meals,139,6.93,13.5,6.36,1 piece,35
Ravioli Cheese-Filled With Cream Sauce,Prepared Meals,163,6.68,15.26,8.18,1 piece,38
Ravioli Cheese And Spinach-Filled No Sauce,Prepared Meals,151,6.94,20.17,4.51,1 piece,15
Ravioli Cheese And Spinach-Filled With Cream Sauce,Prepared Meals,145,5.76,15.23,6.71,1 piece,38
Ravioli Cheese And Spinach Filled With Tomato Sauce,Prepared Meals,117,5.43,16.35,3.37,1 piece,38
Manicotti Cheese-Filled No Sauce,Prepared Meals,212,11.35,18.79,9.95,1 manicotti,127
Manicotti Cheese-Filled With Tomato Sauce Meatless,Prepared Meals,157,8.3,15.04,7.05,1 manicotti,143
Manicotti Cheese-Filled With Meat Sauce,Prepared Meals,164,9.45,14.03,7.7,1 manicotti,143
Manicotti Vegetable- And Cheese-Filled With Tomato Sauce Meatless,Prepared Meals,137,7.06,15.01,5.5,1 manicotti,143
Stuffed Shells Cheese-Filled No Sauce,Prepared Meals,210,10.79,20.66,9.07,1 shell (jumbo),60
Stuffed Shells Cheese-Filled With Tomato Sauce Meatless,Prepared Meals,149,7.58,15.82,6.14,1 shell (jumbo),85
Stuffed Shells Cheese-Filled With Meat Sauce,Prepared Meals,161,8.99,15.65,6.89,1 shell (jumbo),85
Stuffed Shells Cheese- And Spinach- Filled No Sauce,Prepared Meals,188,9.81,21.53,6.77,1 shell (jumbo),60
Stuffed Shells With Chicken With Tomato Sauce,Prepared Meals,136,10.66,16.06,3.27,1 shell (jumbo),83
Stuffed Shells With Fish And/or Shellfish With Tomato Sauce,Prepared Meals,116,8.75,15.94,1.85,1 shell (jumbo),83
Tortellini Meat-Filled With Tomato Sauce,Prepared Meals,134,6.4,15.87,4.97,1 cup,210
Tortellini Meat-Filled With Tomato Sauce Canned,Prepared Meals,91,3.5,15.32,1.89,1 cup,233
Tortellini Cheese-Filled Meatless With Tomato Sauce,Prepared Meals,149,6.18,22.71,3.71,1 cup,250
Tortellini Cheese-Filled Meatless With Tomato Sauce Canned,Prepared Meals,91,3.52,15.83,1.48,1 cup,247
Tortellini Cheese-Filled Meatless With Vegetables And Vinaigrette Dressing,Prepared Meals,222,6.61,15.1,15.04,1 cup,169
Tortellini Cheese-Filled Meatless With Vinaigrette Dressing,Prepared Meals,197,7.04,17.57,10.79,1 cup,169
Tortellini Meat-Filled No Sauce,Prepared Meals,191,11.96,17.86,7.52,1 cup,190
Tortellini Cheese-Filled With Cream Sauce,Prepared Meals,156,6.39,15.61,7.39,1 cup,250
Tortellini Cheese-Filled No Sauce,Prepared Meals,236,10.38,36.15,5.56,1 cup,150
Tortellini Spinach-Filled With Tomato Sauce,Prepared Meals,120,4.42,16.2,4.31,1 cup,200
Tortellini Spinach-Filled No Sauce,Prepared Meals,187,8.72,21.24,7.13,1 cup,122
Cannelloni Cheese- And Spinach-Filled No Sauce,Prepared Meals,158,6.95,17.41,6.71,1 cannelloni,74
Chow Fun Noodles With Meat And Vegetables,Prepared Meals,102,7.09,11.51,2.74,1 cup,152
Chow Fun Noodles With Vegetables Meatless,Prepared Meals,74,1.56,14.46,0.97,1 cup,152
Lo Mein With Shrimp,Prepared Meals,121,8.56,16.24,2.21,1 cup,200
Lo Mein With Pork,Prepared Meals,138,9.48,16.18,3.79,1 cup,200
Lo Mein With Beef,Prepared Meals,129,9.73,16.18,2.77,1 cup,200
Lo Mein With Chicken,Prepared Meals,130,9.15,16.15,3.15,1 cup,200
Pad Thai Nfs,Prepared Meals,153,8.12,14.32,7.39,1 cup,200
Pad Thai Meatless,Prepared Meals,164,5.77,16.31,9.08,1 cup,200
Pad Thai With Chicken,Prepared Meals,153,8.12,14.32,7.39,1 cup,200
Pad Thai With Seafood,Prepared Meals,145,6.82,15.01,6.7,1 cup,200
Pad Thai With Meat,Prepared Meals,158,8.16,14.69,7.81,1 cup,200
Spaghetti With Corned Beef Puerto Rican Style,Prepared Meals,251,12.83,17.38,14.28,1 cup,215
Macaroni With Tuna Puerto Rican Style,Prepared Meals,147,7.76,18.09,4.74,1 cup,225
Macaroni Or Noodles With Cheese,Prepared Meals,221,8.58,23.16,10.26,1 cup,230
Macaroni Or Noodles With Cheese Made From Packaged Mix,Prepared Meals,177,4.63,22.14,7.87,1 cup,230
Macaroni Or Noodles With Cheese Easy Mac Type,Prepared Meals,110,3.26,20.1,1.86,1 cup,230
Macaroni Or Noodles With Cheese Made From Reduced Fat Packaged Mix,Prepared Meals,129,4.56,17.27,4.73,1 cup,230
Macaroni Or Noodles With Cheese And Tuna,Prepared Meals,162,7.67,18.19,6.66,1 cup,230
Macaroni Or Noodles With Cheese And Meat,Prepared Meals,209,11.78,15.12,11.05,1 cup,230
Macaroni Or Noodles With Cheese And Meat Prepared From Hamburger Helper Mix,Prepared Meals,144,8.22,10.28,7.55,1 cup,230
Macaroni Or Noodles With Cheese And Tomato,Prepared Meals,146,3.93,18.71,6.4,1 cup,230
Macaroni Or Noodles With Cheese And Frankfurters Or Hot Dogs,Prepared Meals,212,6.28,18.74,12.43,1 cup,230
Macaroni Or Noodles With Cheese And Egg,Prepared Meals,187,6.2,18.96,9.62,1 cup,230
Macaroni Or Noodles With Cheese And Chicken Or Turkey,Prepared Meals,176,12.52,14.81,7.5,1 cup,230
Pasta With Tomato-Based Sauce Cheese And Meat,Prepared Meals,149,8.13,12.6,7.28,1 cannelloni,86
Pasta With Tomato-Based Sauce And Cheese,Prepared Meals,118,3.72,14.63,4.83,1 cup,250
Pasta With Vegetables No Sauce Or Dressing,Prepared Meals,143,4.44,23.22,3.48,1 cup,150
Pasta Meat-Filled With Gravy Canned,Prepared Meals,131,4.8,20.42,3.08,1 cup,250
Pasta With Sauce Nfs,Prepared Meals,125,5.86,18.91,2.63,1 cup,250
Pasta With Sauce Meatless School Lunch,Prepared Meals,102,3.78,19.44,1.6,1 cup,250
Pasta With Tomato-Based Sauce Restaurant,Prepared Meals,159,3.4,18.14,8.03,1 cup,250
Pasta With Tomato-Based Sauce Home Recipe,Prepared Meals,106,3.68,19.58,1.26,1 cup,250
Pasta With Tomato-Based Sauce Ready-To-Heat,Prepared Meals,120,3.6,19.15,3.04,1 cup,250
Pasta With Tomato-Based Sauce And Added Vegetables Restaurant,Prepared Meals,156,3.4,17.88,7.89,1 cup,250
Pasta With Tomato-Based Sauce And Added Vegetables Home Recipe,Prepared Meals,103,3.68,19.3,1.11,1 cup,250
Pasta With Tomato-Based Sauce And Added Vegetables Ready-To-Heat,Prepared Meals,117,3.6,18.89,2.9,1 cup,250
Pasta With Sauce And Meat From School Lunch,Prepared Meals,117,5.95,17.5,3.12,1 cup,250
Pasta With Tomato-Based Sauce And Meat Restaurant,Prepared Meals,177,5.42,17.51,9.3,1 cup,250
Pasta With Tomato-Based Sauce And Meat Home Recipe,Prepared Meals,125,5.86,18.91,2.63,1 cup,250
Pasta With Tomato-Based Sauce And Meat Ready-To-Heat,Prepared Meals,138,5.73,18.5,4.38,1 cup,250
Pasta With Tomato-Based Sauce Meat And Added Vegetables Restaurant,Prepared Meals,174,5.42,17.31,9.19,1 cup,250
Pasta With Tomato-Based Sauce Meat And Added Vegetables Home Recipe,Prepared Meals,123,5.86,18.68,2.51,1 cup,250
Pasta With Tomato-Based Sauce Meat And Added Vegetables Ready-To-Heat,Prepared Meals,136,5.73,18.28,4.27,1 cup,250
Pasta With Tomato-Based Sauce And Poultry Restaurant,Prepared Meals,169,5.6,17.51,8.47,1 cup,250
Pasta With Tomato-Based Sauce And Poultry Home Recipe,Prepared Meals,117,6.04,18.91,1.74,1 cup,250
Pasta With Tomato-Based Sauce And Poultry Ready-To-Heat,Prepared Meals,131,5.91,18.5,3.51,1 cup,250
Pasta With Tomato-Based Sauce Poultry And Added Vegetables Restaurant,Prepared Meals,167,5.6,17.31,8.36,1 cup,250
Pasta With Tomato-Based Sauce Poultry And Added Vegetables Home Recipe,Prepared Meals,115,6.04,18.68,1.62,1 cup,250
Pasta With Tomato-Based Sauce Poultry And Added Vegetables Ready-To-Heat,Prepared Meals,128,5.91,18.28,3.4,1 cup,250
Pasta With Tomato-Based Sauce And Seafood Restaurant,Prepared Meals,165,5.16,17.76,8.02,1 cup,250
Pasta With Tomato-Based Sauce And Seafood Home Recipe,Prepared Meals,112,5.57,19.17,1.25,1 cup,250
Pasta With Tomato-Based Sauce And Seafood Ready-To-Heat,Prepared Meals,126,5.45,18.76,3.03,1 cup,250
Pasta With Tomato-Based Sauce Seafood And Added Vegetables Restaurant,Prepared Meals,163,5.16,17.55,7.91,1 cup,250
Pasta With Tomato-Based Sauce Seafood And Added Vegetables Home Recipe,Prepared Meals,110,5.57,18.95,1.13,1 cup,250
Pasta With Tomato-Based Sauce Seafood And Added Vegetables Ready-To-Heat,Prepared Meals,124,5.44,18.54,2.92,1 cup,250
Pasta With Cream Sauce Restaurant,Prepared Meals,202,3.97,15.21,13.95,1 cup,250
Pasta With Cream Sauce Home Recipe,Prepared Meals,153,4.3,16.48,7.71,1 cup,250
Pasta With Cream Sauce Ready-To-Heat,Prepared Meals,166,4.2,16.12,9.35,1 cup,250
Pasta With Cream Sauce And Added Vegetables Restaurant,Prepared Meals,189,3.83,15.63,12.42,1 cup,250
Pasta With Cream Sauce And Added Vegetables From Home Recipe,Prepared Meals,139,4.15,16.93,6.05,1 cup,250
Pasta With Cream Sauce And Added Vegetables Ready-To-Heat,Prepared Meals,152,4.06,16.57,7.73,1 cup,250
Pasta With Cream Sauce And Meat Restaurant,Prepared Meals,211,5.87,15.13,14.1,1 cup,250
Pasta With Cream Sauce And Meat Home Recipe,Prepared Meals,163,6.36,16.39,7.87,1 cup,250
Pasta With Cream Sauce And Meat Ready-To-Heat,Prepared Meals,176,6.22,16.03,9.51,1 cup,250
Pasta With Cream Sauce Meat And Added Vegetables Restaurant,Prepared Meals,201,5.76,15.47,12.86,1 cup,250
Pasta With Cream Sauce Meat And Added Vegetables Home Recipe,Prepared Meals,152,6.24,16.76,6.52,1 cup,250
Pasta With Cream Sauce Meat And Added Vegetables Ready-To-Heat,Prepared Meals,164,6.11,16.39,8.19,1 cup,250
Pasta With Cream Sauce And Poultry Restaurant,Prepared Meals,204,6.04,15.13,13.28,1 cup,250
Pasta With Cream Sauce And Poultry Home Recipe,Prepared Meals,155,6.55,16.39,6.98,1 cup,250
Pasta With Cream Sauce And Poultry Ready-To-Heat,Prepared Meals,168,6.4,16.03,8.64,1 cup,250
Pasta With Cream Sauce Poultry And Added Vegetables Restaurant,Prepared Meals,193,5.93,15.47,12.04,1 cup,250
Pasta With Cream Sauce Poultry And Added Vegetables Home Recipe,Prepared Meals,144,6.43,16.76,5.63,1 cup,250
Pasta With Cream Sauce Poultry And Added Vegetables Ready-To-Heat,Prepared Meals,157,6.29,16.39,7.32,1 cup,250
Pasta With Cream Sauce And Seafood Restaurant,Prepared Meals,199,5.6,15.37,12.83,1 cup,250
Pasta With Cream Sauce And Seafood Home Recipe,Prepared Meals,150,6.07,16.66,6.49,1 cup,250
Pasta With Cream Sauce And Seafood Ready-To-Heat,Prepared Meals,163,5.94,16.29,8.16,1 cup,250
Pasta With Cream Sauce Seafood And Added Vegetables Restaurant,Prepared Meals,189,5.49,15.72,11.58,1 cup,250
Pasta With Cream Sauce Seafood And Added Vegetables Home Recipe,Prepared Meals,139,5.95,17.02,5.14,1 cup,250
Pasta With Cream Sauce Seafood And Added Vegetables Ready-To-Heat,Prepared Meals,152,5.82,16.66,6.84,1 cup,250
Pasta Whole Grain With Tomato-Based Sauce Restaurant,Prepared Meals,155,3.5,17.76,8.4,1 cup,250
Pasta Whole Grain With Tomato-Based Sauce Home Recipe,Prepared Meals,101,3.78,19.17,1.66,1 cup,250
Pasta Whole Grain With Tomato-Based Sauce Ready-To-Heat,Prepared Meals,115,3.69,18.75,3.44,1 cup,250
Pasta Whole Grain With Tomato-Based Sauce And Added Vegetables Restaurant,Prepared Meals,152,3.5,17.5,8.27,1 cup,250
Pasta Whole Grain With Tomato-Based Sauce And Added Vegetables Home Recipe,Prepared Meals,98,3.77,18.9,1.52,1 cup,250
Pasta Whole Grain With Tomato-Based Sauce And Added Vegetables Ready-To-Heat,Prepared Meals,112,3.69,18.48,3.3,1 cup,250
Pasta Whole Grain With Tomato-Based Sauce And Meat Restaurant,Prepared Meals,172,5.52,17.13,9.67,1 cup,250
Pasta Whole Grain With Tomato-Based Sauce And Meat Home Recipe,Prepared Meals,120,5.96,18.5,3.04,1 cup,250
Pasta Whole Grain With Tomato-Based Sauce And Meat Ready-To-Heat,Prepared Meals,134,5.83,18.1,4.78,1 cup,250
Pasta Whole Grain With Tomato-Based Sauce Meat And Added Vegetables Restaurant,Prepared Meals,170,5.52,16.93,9.56,1 cup,250
Pasta Whole Grain With Tomato-Based Sauce Meat And Added Vegetables Home Recipe,Prepared Meals,118,5.95,18.28,2.92,1 cup,250
Pasta Whole Grain With Tomato-Based Sauce Meat And Added Vegetables Ready-To-Heat,Prepared Meals,131,5.82,17.88,4.66,1 cup,250
Pasta Whole Grain With Tomato-Based Sauce And Poultry Restaurant,Prepared Meals,165,5.69,17.13,8.85,1 cup,250
Pasta Whole Grain With Tomato-Based Sauce And Poultry Home Recipe,Prepared Meals,112,6.14,18.5,2.14,1 cup,250
Pasta Whole Grain With Tomato-Based Sauce And Poultry Ready-To-Heat,Prepared Meals,126,6.01,18.1,3.91,1 cup,250
Pasta Whole Grain With Tomato-Based Sauce Poultry And Added Vegetables Restaurant,Prepared Meals,163,5.69,16.93,8.74,1 cup,250
Pasta Whole Grain With Tomato-Based Sauce Poultry And Added Vegetables Home Recipe,Prepared Meals,110,6.14,18.28,2.03,1 cup,250
Pasta Whole Grain With Tomato-Based Sauce Poultry And Added Vegetables Ready-To-Heat,Prepared Meals,124,6.01,17.88,3.79,1 cup,250
Pasta Whole Grain With Tomato-Based Sauce And Seafood Restaurant,Prepared Meals,161,5.25,17.38,8.39,1 cup,250
Pasta Whole Grain With Tomato-Based Sauce And Seafood Home Recipe,Prepared Meals,108,5.67,18.76,1.65,1 cup,250
Pasta Whole Grain With Tomato-Based Sauce And Seafood Ready-To-Heat,Prepared Meals,121,5.54,18.36,3.43,1 cup,250
Pasta Whole Grain With Tomato-Based Sauce Seafood And Added Vegetables Restaurant,Prepared Meals,158,5.25,17.17,8.28,1 cup,250
Pasta Whole Grain With Tomato-Based Sauce Seafood And Added Vegetables Home Recipe,Prepared Meals,105,5.66,18.54,1.53,1 cup,250
Pasta Whole Grain With Tomato-Based Sauce Seafood And Added Vegetables Ready-To-Heat,Prepared Meals,119,5.54,18.14,3.31,1 cup,250
Pasta Whole Grain With Cream Sauce Restaurant,Prepared Meals,197,4.06,14.83,14.33,1 cup,250
Pasta Whole Grain With Cream Sauce Home Recipe,Prepared Meals,148,4.4,16.07,8.11,1 cup,250
Pasta Whole Grain With Cream Sauce Ready-To-Heat,Prepared Meals,161,4.3,15.72,9.75,1 cup,250
Pasta Whole Grain With Cream Sauce And Added Vegetables Restaurant,Prepared Meals,184,3.92,15.25,12.79,1 cup,250
Pasta Whole Grain With Cream Sauce And Added Vegetables Home Recipe,Prepared Meals,134,4.25,16.52,6.45,1 cup,250
Pasta Whole Grain With Cream Sauce And Added Vegetables Ready-To-Heat,Prepared Meals,147,4.16,16.16,8.12,1 cup,250
Pasta Whole Grain With Cream Sauce And Meat Restaurant,Prepared Meals,207,5.96,14.75,14.48,1 cup,250
Pasta Whole Grain With Cream Sauce And Meat Home Recipe,Prepared Meals,158,6.46,15.98,8.28,1 cup,250
Pasta Whole Grain With Cream Sauce And Meat Ready-To-Heat,Prepared Meals,171,6.32,15.63,9.91,1 cup,250
Pasta Whole Grain With Cream Sauce Meat And Added Vegetables Restaurant,Prepared Meals,196,5.85,15.09,13.23,1 cup,250
Pasta Whole Grain With Cream Sauce Meat And Added Vegetables Home Recipe,Prepared Meals,147,6.34,16.35,6.93,1 cup,250
Pasta Whole Grain With Cream Sauce Meat And Added Vegetables Ready-To-Heat,Prepared Meals,160,6.2,15.99,8.59,1 cup,250
Pasta Whole Grain With Cream Sauce And Poultry Restaurant,Prepared Meals,199,6.13,14.75,13.66,1 cup,250
Pasta Whole Grain With Cream Sauce And Poultry Home Recipe,Prepared Meals,150,6.64,15.98,7.39,1 cup,250
Pasta Whole Grain With Cream Sauce And Poultry Ready-To-Heat,Prepared Meals,163,6.5,15.63,9.04,1 cup,250
Pasta Whole Grain With Cream Sauce Poultry And Added Vegetables Restaurant,Prepared Meals,189,6.02,15.09,12.41,1 cup,250
Pasta Whole Grain With Cream Sauce Poultry And Added Vegetables Home Recipe,Prepared Meals,139,6.52,16.35,6.04,1 cup,250
Pasta Whole Grain With Cream Sauce Poultry And Added Vegetables Ready-To-Heat,Prepared Meals,152,6.38,15.99,7.72,1 cup,250
Pasta Whole Grain With Cream Sauce And Seafood Restaurant,Prepared Meals,195,5.7,15,13.2,1 cup,250
Pasta Whole Grain With Cream Sauce And Seafood Home Recipe,Prepared Meals,146,6.17,16.24,6.89,1 cup,250
Pasta Whole Grain With Cream Sauce And Seafood Ready-To-Heat,Prepared Meals,159,6.04,15.89,8.55,1 cup,250
Pasta Whole Grain With Cream Sauce Seafood And Added Vegetables Restaurant,Prepared Meals,185,5.58,15.34,11.95,1 cup,250
Pasta Whole Grain With Cream Sauce Seafood And Added Vegetables Home Recipe,Prepared Meals,134,6.05,16.61,5.54,1 cup,250
Pasta Whole Grain With Cream Sauce Seafood And Added Vegetables Ready-To-Heat,Prepared Meals,148,5.92,16.25,7.23,1 cup,250
Pasta With Tomato-Based Sauce And Beans Or Lentils,Prepared Meals,125,5.22,20.73,2.33,1 cup,227
Macaroni Or Noodles Creamed With Cheese,Prepared Meals,157,4.9,21.78,5.49,1 cup,230
Macaroni Or Noodles Creamed With Cheese And Tuna,Prepared Meals,143,8.08,17.14,4.53,1 cup,230
Flavored Pasta,Prepared Meals,87,2.46,14.44,2.23,1 cup,185
Yat Ga Mein With Meat Fish Or Poultry,Prepared Meals,135,10.03,12.28,4.86,1 cup,205
Macaroni Or Pasta Salad Made With Mayonnaise,Prepared Meals,221,4.46,24.64,11.52,1 cup,204
Macaroni Or Pasta Salad Made With Light Mayonnaise,Prepared Meals,159,4.32,25.68,4.16,1 cup,204
Macaroni Or Pasta Salad Made With Mayonnaise-Type Salad Dressing,Prepared Meals,160,4.38,26.58,4.01,1 cup,204
Macaroni Or Pasta Salad Made With Light Mayonnaise-Type Salad Dressing,Prepared Meals,159,4.32,25.68,4.16,1 cup,204
Macaroni Or Pasta Salad Made With Italian Dressing,Prepared Meals,132,3.7,20.88,3.7,1 cup,204
Macaroni Or Pasta Salad Made With Light Italian Dressing,Prepared Meals,115,3.69,20.59,1.98,1 cup,204
Macaroni Or Pasta Salad Made With Creamy Dressing,Prepared Meals,155,3.81,20.09,6.6,1 cup,204
Macaroni Or Pasta Salad Made With Light Creamy Dressing,Prepared Meals,122,3.82,20.2,2.9,1 cup,204
Macaroni Or Pasta Salad Made With Any Type Of Fat Free Dressing,Prepared Meals,134,4.26,26.54,1.14,1 cup,204
Macaroni Or Pasta Salad With Egg,Prepared Meals,215,5.19,22.53,11.44,1 cup,204
Macaroni Or Pasta Salad With Tuna,Prepared Meals,201,6.76,20.86,9.9,1 cup,204
Macaroni Or Pasta Salad With Crab Meat,Prepared Meals,200,6.48,20.93,9.9,1 cup,204
Macaroni Or Pasta Salad With Shrimp,Prepared Meals,204,6.76,21.1,10.06,1 cup,204
Macaroni Or Pasta Salad With Tuna And Egg,Prepared Meals,197,7.21,19.34,9.96,1 cup,204
Macaroni Or Pasta Salad With Chicken,Prepared Meals,213,7.82,20.93,10.75,1 cup,204
Macaroni Or Pasta Salad With Cheese,Prepared Meals,245,6.84,21.86,14.34,1 cup,204
Macaroni Or Pasta Salad With Meat,Prepared Meals,211,7.66,20.82,10.59,1 cup,204
Noodle Pudding,Prepared Meals,209,5.94,30.97,7.34,1 cup,144
Somen Salad With Noodles Lettuce Egg Fish And Pork,Prepared Meals,137,11.31,8.85,6.11,1 cup,160
Bibimbap Korean,Prepared Meals,79,5.38,8.34,2.81,1 cup,162
Rice Fried With Chicken,Prepared Meals,173,7.46,27.87,3.47,1 cup,198
Rice Fried With Pork,Prepared Meals,179,7.74,27.87,3.96,1 cup,198
Rice Fried With Beef,Prepared Meals,178,8.04,27.87,3.87,1 cup,198
Rice Fried With Shrimp,Prepared Meals,166,6.86,28.1,2.77,1 cup,198
Dukboki Or Tteokbokki Korean,Prepared Meals,132,3.91,19.86,4.06,1 cup,250
Sushi Nfs,Prepared Meals,93,2.92,18.42,0.67,1 piece,30
Sushi Roll Avocado,Prepared Meals,92,1.81,17.71,1.46,1 piece,30
Sushi Roll California,Prepared Meals,93,2.92,18.42,0.67,1 piece,30
Sushi Roll Eel,Prepared Meals,127,7.1,15.3,3.71,1 piece,30
Sushi Roll Salmon,Prepared Meals,103,6.88,15.3,1.28,1 piece,30
Sushi Roll Shrimp,Prepared Meals,100,7.01,15.67,0.55,1 piece,30
Sushi Roll Tuna,Prepared Meals,97,7.4,15.3,0.25,1 piece,30
Sushi Roll Vegetable,Prepared Meals,92,1.81,17.71,1.46,1 piece,22
Sushi Topped With Crab,Prepared Meals,95,3.85,18.59,0.27,1 piece,35
Sushi Topped With Eel,Prepared Meals,142,9.24,13.39,5.19,1 piece,35
Sushi Topped With Salmon,Prepared Meals,107,8.92,13.39,1.74,1 piece,35
Sushi Topped With Shrimp,Prepared Meals,103,9.1,13.92,0.7,1 piece,35
Sushi Topped With Tuna,Prepared Meals,100,9.66,13.39,0.28,1 piece,35
Sushi Topped With Egg,Prepared Meals,116,7,10.74,4.63,1 piece,50
Rice With Chicken Puerto Rican Style,Prepared Meals,297,10.14,31.46,14.02,1 cup/ with bone (yield after bone removed),157
Paella With Meat Valenciana Style,Prepared Meals,270,21.71,16.74,12.54,1 cup/ with bone (yield after bone removed),137
Seafood Paella Puerto Rican Style,Prepared Meals,144,7.61,15.69,5.48,1 cup,230
Rice Meal Fritter Puerto Rican Style,Prepared Meals,311,8.91,36.61,14.04,"1 cruller (3"" x 2"" x 1/2"")",30
Stewed Rice Puerto Rican Style,Prepared Meals,222,3.97,33.48,7.68,1 cup,170
Rice With Squid Puerto Rican Style,Prepared Meals,259,8.92,29.36,11.47,1 cup,160
Fried Rice Puerto Rican Style,Prepared Meals,119,12.78,8.53,3.33,1 cup,173
Rice With Vienna Sausage Puerto Rican Style,Prepared Meals,268,6.46,33.58,11.52,1 cup,180
Rice With Spanish Sausage Puerto Rican Style,Prepared Meals,315,9.56,32.26,15.94,1 cup,180
Rice With Onions Puerto Rican Style,Prepared Meals,173,3.48,18.85,9.75,1 cup,165
Rice With Stewed Beans Puerto Rican Style,Prepared Meals,137,3.66,23.02,3.23,1 cup,188
Congee With Meat Poultry And/or Seafood,Prepared Meals,53,4.81,6.12,0.94,1 cup,249
Congee With Meat Poultry And/or Seafood And Vegetables,Prepared Meals,52,4.62,6.09,0.92,1 cup,249
Congee With Vegetables,Prepared Meals,35,0.76,7.69,0.1,1 cup,249
Biryani With Vegetables,Prepared Meals,119,2.38,17.89,4.33,1 cup,172
Rice With Beans,Prepared Meals,156,5,23.47,4.84,1 cup,239
Rice With Beans And Tomatoes,Prepared Meals,124,4.03,18.86,3.78,1 cup,239
Rice With Beans And Chicken,Prepared Meals,158,8.42,19.78,5.08,1 cup,239
Rice With Beans And Beef,Prepared Meals,173,8.26,19.74,6.74,1 cup,239
Rice With Beans And Pork,Prepared Meals,169,8.39,19.74,6.28,1 cup,239
Red Beans And Rice,Prepared Meals,182,6.53,18.91,9.04,1 cup,224
Hopping John,Prepared Meals,126,7.04,20.16,1.84,1 cup,224
Rice White With Corn Ns As To Fat Added In Cooking,Prepared Meals,137,2.8,25.65,2.66,1 cup,161
Rice White With Corn Fat Not Added In Cooking,Prepared Meals,121,2.86,26.2,0.59,1 cup,161
Rice White With Corn Fat Added In Cooking,Prepared Meals,137,2.8,25.65,2.66,1 cup,161
Rice White With Peas Ns As To Fat Added In Cooking,Prepared Meals,134,3.28,24.37,2.35,1 cup,160
Rice White With Peas Fat Not Added In Cooking,Prepared Meals,118,3.35,24.89,0.26,1 cup,160
Rice White With Peas Fat Added In Cooking,Prepared Meals,134,3.28,24.37,2.35,1 cup,160
Rice White With Carrots Ns As To Fat Added In Cooking,Prepared Meals,123,2.16,22.65,2.36,1 cup,160
Rice White With Carrots Fat Not Added In Cooking,Prepared Meals,106,2.2,23.14,0.25,1 cup,160
Rice White With Carrots Fat Added In Cooking,Prepared Meals,123,2.16,22.65,2.36,1 cup,160
Rice White With Peas And Carrots Ns As To Fat Added In Cooking,Prepared Meals,125,2.72,23.01,2.4,1 cup,160
Rice White With Peas And Carrots Fat Not Added In Cooking,Prepared Meals,109,2.78,23.5,0.31,1 cup,160
Rice White With Peas And Carrots Fat Added In Cooking,Prepared Meals,125,2.72,23.01,2.4,1 cup,160
Rice White With Tomatoes And/or Tomato-Based Sauce Ns As To Fat Added In Cooking,Prepared Meals,106,2,19.42,2.13,1 cup,209
Rice White With Tomatoes And/or Tomato-Based Sauce Fat Not Added In Cooking,Prepared Meals,91,2.04,19.79,0.27,1 cup,206
Rice White With Tomatoes And/or Tomato-Based Sauce Fat Added In Cooking,Prepared Meals,106,2,19.42,2.13,1 cup,209
Rice White With Dark Green Vegetables Ns As To Fat Added In Cooking,Prepared Meals,122,2.55,22.38,2.41,1 cup,172
Rice White With Dark Green Vegetables Fat Not Added In Cooking,Prepared Meals,106,2.6,22.86,0.31,1 cup,172
Rice White With Dark Green Vegetables Fat Added In Cooking,Prepared Meals,122,2.55,22.38,2.41,1 cup,172
Rice White With Carrots And Tomatoes And/or Tomato-Based Sauce Ns As To Fat Added In Cooking,Prepared Meals,114,2.08,20.92,2.24,1 cup,172
Rice White With Carrots And Tomatoes And/or Tomato-Based Sauce Fat Not Added In Cooking,Prepared Meals,98,2.12,21.34,0.26,1 cup,172
Rice White With Carrots And Tomatoes And/or Tomato-Based Sauce Fat Added In Cooking,Prepared Meals,114,2.08,20.92,2.24,1 cup,172
Rice White With Dark Green Vegetables And Tomatoes And/or Tomato-Based Sauce Ns As To Fat Added In Cooking,Prepared Meals,114,2.26,20.8,2.26,1 cup,172
Rice White With Dark Green Vegetables And Tomatoes And/or Tomato-Based Sauce Fat Not Added In Cooking,Prepared Meals,98,2.3,21.22,0.29,1 cup,172
Rice White With Dark Green Vegetables And Tomatoes And/or Tomato-Based Sauce Fat Added In Cooking,Prepared Meals,114,2.26,20.8,2.26,1 cup,172
Rice White With Carrots And Dark Green Vegetables Ns As To Fat Added In Cooking,Prepared Meals,122,2.35,22.51,2.38,1 cup,172
Rice White With Carrots And Dark Green Vegetables Fat Not Added In Cooking,Prepared Meals,106,2.4,23,0.28,1 cup,172
Rice White With Carrots And Dark Green Vegetables Fat Added In Cooking,Prepared Meals,122,2.35,22.51,2.38,1 cup,172
Rice White With Carrots Dark Green Vegetables And Tomatoes And/or Tomato-Based Sauce Ns As To Fat Added In Cooking,Prepared Meals,117,2.23,21.4,2.29,1 cup,172
Rice White With Carrots Dark Green Vegetables And Tomatoes And/or Tomato-Based Sauce Fat Not Added In Cooking,Prepared Meals,101,2.27,21.84,0.28,1 cup,172
Rice White With Carrots Dark Green Vegetables And Tomatoes And/or Tomato-Based Sauce Fat Added In Cooking,Prepared Meals,117,2.23,21.4,2.29,1 cup,172
Rice White With Other Vegetables Ns As To Fat Added In Cooking,Prepared Meals,123,2.3,22.69,2.36,1 cup,172
Rice White With Other Vegetables Fat Not Added In Cooking,Prepared Meals,106,2.35,23.18,0.26,1 cup,172
Rice White With Other Vegetables Fat Added In Cooking,Prepared Meals,123,2.3,22.69,2.36,1 cup,172
Rice White With Lentils Ns As To Fat Added In Cooking,Prepared Meals,149,5.5,21.48,4.71,1 cup,207
Rice White With Lentils Fat Added In Cooking,Prepared Meals,149,5.5,21.48,4.71,1 cup,207
Rice White With Lentils Fat Not Added In Cooking,Prepared Meals,115,5.76,22.47,0.33,1 cup,198
Rice Cooked With Coconut Milk,Prepared Meals,267,3.57,26.56,17.23,1 cup,200
Rice Brown With Beans,Prepared Meals,151,4.83,22.72,4.76,1 cup,239
Rice Brown With Beans And Tomatoes,Prepared Meals,122,3.96,18.57,3.79,1 cup,239
Rice Brown With Corn Ns As To Fat Added In Cooking,Prepared Meals,130,2.82,24.04,2.84,1 cup,191
Rice Brown With Corn Fat Not Added In Cooking,Prepared Meals,117,2.88,24.48,1.08,1 cup,188
Rice Brown With Corn Fat Added In Cooking,Prepared Meals,130,2.82,24.04,2.84,1 cup,191
Rice Brown With Peas Ns As To Fat Added In Cooking,Prepared Meals,128,3.23,22.93,2.58,1 cup,190
Rice Brown With Peas Fat Not Added In Cooking,Prepared Meals,114,3.29,23.35,0.81,1 cup,187
Rice Brown With Peas Fat Added In Cooking,Prepared Meals,128,3.23,22.93,2.58,1 cup,190
Rice Brown With Carrots Ns As To Fat Added In Cooking,Prepared Meals,118,2.27,21.44,2.58,1 cup,189
Rice Brown With Carrots Fat Not Added In Cooking,Prepared Meals,104,2.31,21.84,0.8,1 cup,186
Rice Brown With Carrots Fat Added In Cooking,Prepared Meals,118,2.27,21.44,2.58,1 cup,189
Rice Brown With Peas And Carrots Ns As To Fat Added In Cooking,Prepared Meals,120,2.75,21.77,2.62,1 cup,190
Rice Brown With Peas And Carrots Fat Not Added In Cooking,Prepared Meals,106,2.8,22.17,0.85,1 cup,187
Rice Brown With Peas And Carrots Fat Added In Cooking,Prepared Meals,120,2.75,21.77,2.62,1 cup,190
Rice Brown With Tomatoes And/or Tomato Based Sauce Ns As To Fat Added In Cooking,Prepared Meals,104,2.13,18.77,2.37,1 cup,243
Rice Brown With Tomatoes And/or Tomato Based Sauce Fat Not Added In Cooking,Prepared Meals,92,2.16,19.08,0.76,1 cup,243
Rice Brown With Tomatoes And/or Tomato Based Sauce Fat Added In Cooking,Prepared Meals,104,2.13,18.77,2.37,1 cup,243
Rice Brown With Dark Green Vegetables Ns As To Fat Added In Cooking,Prepared Meals,118,2.61,21.23,2.63,1 cup,189
Rice Brown With Dark Green Vegetables Fat Not Added In Cooking,Prepared Meals,104,2.65,21.62,0.85,1 cup,186
Rice Brown With Dark Green Vegetables Fat Added In Cooking,Prepared Meals,118,2.61,21.23,2.63,1 cup,189
Rice Brown With Carrots And Tomatoes And/or Tomato-Based Sauce Ns As To Fat Added In Cooking,Prepared Meals,111,2.2,20.03,2.47,1 cup,229
Rice Brown With Carrots And Tomatoes And/or Tomato-Based Sauce Fat Not Added In Cooking,Prepared Meals,97,2.24,20.38,0.78,1 cup,225
Rice Brown With Carrots And Tomatoes And/or Tomato-Based Sauce Fat Added In Cooking,Prepared Meals,111,2.2,20.03,2.47,1 cup,229
Rice Brown With Dark Green Vegetables And Tomatoes And/or Tomato-Based Sauce Ns As To Fat Added In Cooking,Prepared Meals,111,2.36,19.93,2.49,1 cup,229
Rice Brown With Dark Green Vegetables And Tomatoes And/or Tomato-Based Sauce Fat Not Added In Cooking,Prepared Meals,97,2.4,20.28,0.8,1 cup,229
Rice Brown With Dark Green Vegetables And Tomatoes And/or Tomato-Based Sauce Fat Added In Cooking,Prepared Meals,111,2.36,19.93,2.49,1 cup,229
Rice Brown With Carrots And Dark Green Vegetables Ns As To Fat Added In Cooking,Prepared Meals,118,2.44,21.34,2.61,1 cup,189
Rice Brown With Carrots And Dark Green Vegetables Fat Not Added In Cooking,Prepared Meals,104,2.48,21.73,0.82,1 cup,186
Rice Brown With Carrots And Dark Green Vegetables Fat Added In Cooking,Prepared Meals,118,2.44,21.34,2.61,1 cup,189
Grape Leaves Stuffed With Rice,Prepared Meals,163,2.29,13.94,11.59,1 roll,56
Rice Brown With Carrots Dark Green Vegetables And Tomatoes And/or Tomato-Based Sauce Ns As To Fat Added In Cooking,Prepared Meals,113,2.33,20.42,2.52,1 cup,224
Rice Brown With Carrots Dark Green Vegetables And Tomatoes And/or Tomato-Based Sauce Fat Not Added In Cooking,Prepared Meals,100,2.37,20.78,0.8,1 cup,220
Rice Brown With Carrots Dark Green Vegetables And Tomatoes And/or Tomato-Based Sauce Fat Added In Cooking,Prepared Meals,113,2.33,20.42,2.52,1 cup,186
Rice Brown With Other Vegetables Ns As To Fat Added In Cooking,Prepared Meals,118,2.4,21.5,2.59,1 cup,190
Rice Brown With Other Vegetables Fat Not Added In Cooking,Prepared Meals,104,2.44,21.89,0.81,1 cup,186
Rice Brown With Other Vegetables Fat Added In Cooking,Prepared Meals,118,2.4,21.5,2.59,1 cup,190
Rice Croquette,Prepared Meals,154,3.41,19.97,6.53,"1 croquette (1-1/2"" dia/ 2"" high)",62
Dirty Rice,Prepared Meals,112,5.13,17.29,2.21,1 cup,198
Flavored Rice Mixture,Prepared Meals,127,1.94,20.22,4.1,1 cup,218
Flavored Rice Mixture With Cheese,Prepared Meals,124,2.99,25.22,1.2,1 cup,230
Flavored Rice Brown And Wild,Prepared Meals,106,2.76,19.28,2.16,1 cup,217
Flavored Rice And Pasta Mixture,Prepared Meals,119,2.67,19.03,3.6,1 cup/ beef flavor,184
Flavored Rice And Pasta Mixture Reduced Sodium,Prepared Meals,112,2.61,17.52,3.45,1 cup,196
Spanish Rice Fat Added In Cooking,Prepared Meals,114,2.88,19.66,2.57,1 cup,243
Spanish Rice Fat Not Added In Cooking,Prepared Meals,101,2.92,19.92,1.01,1 cup,243
Spanish Rice Ns As To Fat Added In Cooking,Prepared Meals,114,2.88,19.66,2.56,1 cup,243
Spanish Rice With Ground Beef,Prepared Meals,162,9.69,14.8,6.88,1 cup,230
Rice Dressing,Prepared Meals,110,2,17.67,3.34,1 cup,167
Rice With Raisins,Prepared Meals,162,2.62,32.11,2.63,1 cup,185
Rice Dessert Or Salad With Fruit,Prepared Meals,155,1.58,21.75,7.29,1 cup,155
Rice White With Cheese And/or Cream Based Sauce Ns As To Fat Added In Cooking,Prepared Meals,166,5.16,20.02,6.98,1 cup,204
Rice White With Cheese And/or Cream Based Sauce Fat Not Added In Cooking,Prepared Meals,152,5.26,20.4,5.22,1 cup,204
Rice White With Cheese And/or Cream Based Sauce Fat Added In Cooking,Prepared Meals,166,5.16,20.02,6.98,1 cup,204
Rice White With Gravy Ns As To Fat Added In Cooking,Prepared Meals,117,1.98,20.06,2.91,1 cup,237
Rice White With Gravy Fat Not Added In Cooking,Prepared Meals,102,2.02,20.44,1.06,1 cup,237
Rice White With Gravy Fat Added In Cooking,Prepared Meals,117,1.98,20.06,2.91,1 cup,237
Rice White With Soy-Based Sauce Ns As To Fat Added In Cooking,Prepared Meals,116,2.03,21.62,2.16,1 cup,237
Rice White With Soy-Based Sauce Fat Not Added In Cooking,Prepared Meals,102,2.06,22.04,0.28,1 cup,237
Rice White With Soy-Based Sauce Fat Added In Cooking,Prepared Meals,116,2.03,21.62,2.16,1 cup,237
Rice Brown With Cheese And/or Cream Based Sauce Ns As To Fat Added In Cooking,Prepared Meals,156,4.87,19.29,6.58,1 cup,282
Rice Brown With Cheese And/or Cream Based Sauce Fat Not Added In Cooking,Prepared Meals,144,4.95,19.61,5.04,1 cup,277
Rice Brown With Cheese And/or Cream Based Sauce Fat Added In Cooking,Prepared Meals,156,4.87,19.29,6.58,1 cup,282
Rice Brown With Gravy Ns As To Fat Added In Cooking,Prepared Meals,114,2.11,19.33,3.04,1 cup,237
Rice Brown With Gravy Fat Not Added In Cooking,Prepared Meals,101,2.15,19.64,1.44,1 cup,237
Rice Brown With Gravy Fat Added In Cooking,Prepared Meals,114,2.11,19.33,3.04,1 cup,237
Rice Brown With Soy-Based Sauce Ns As To Fat Added In Cooking,Prepared Meals,113,2.15,20.68,2.39,1 cup,237
Rice Brown With Soy-Based Sauce Fat Not Added In Cooking,Prepared Meals,101,2.18,21.02,0.77,1 cup,237
Rice Brown With Soy-Based Sauce Fat Added In Cooking,Prepared Meals,113,2.15,20.68,2.39,1 cup,237
Rice White With Vegetables Cheese And/or Cream Based Sauce Ns As To Fat Added In Cooking,Prepared Meals,146,4.7,18.64,5.62,1 cup,261
Rice White With Vegetables Cheese And/or Cream Based Sauce Fat Not Added In Cooking,Prepared Meals,134,4.77,18.92,4.2,1 cup,258
Rice White With Vegetables Cheese And/or Cream Based Sauce Fat Added In Cooking,Prepared Meals,146,4.7,18.64,5.62,1 cup,262
Rice White With Vegetables And Gravy Ns As To Fat Added In Cooking,Prepared Meals,106,2.16,18.66,2.36,1 cup,260
Rice White With Vegetables And Gravy Fat Not Added In Cooking,Prepared Meals,95,2.19,18.95,0.87,1 cup,256
Rice White With Vegetables And Gravy Fat Added In Cooking,Prepared Meals,106,2.16,18.66,2.36,1 cup,260
Rice White With Vegetables Soy-Based Sauce Ns As To Fat Added In Cooking,Prepared Meals,106,2.19,19.91,1.75,1 cup,258
Rice White With Vegetables Soy-Based Sauce Fat Not Added In Cooking,Prepared Meals,94,2.23,20.21,0.25,1 cup,255
Rice White With Vegetables Soy-Based Sauce Fat Added In Cooking,Prepared Meals,106,2.19,19.91,1.75,1 cup,258
Rice Brown With Vegetables Cheese And/or Cream Based Sauce Ns As To Fat Added In Cooking,Prepared Meals,140,4.51,18.19,5.44,1 cup,293
Rice Brown With Vegetables Cheese And/or Cream Based Sauce Fat Not Added In Cooking,Prepared Meals,130,4.57,18.44,4.17,1 cup,289
Rice Brown With Vegetables Cheese And/or Cream Based Sauce Fat Added In Cooking,Prepared Meals,140,4.51,18.19,5.44,1 cup,293
Rice Brown With Vegetables And Gravy Ns As To Fat Added In Cooking,Prepared Meals,105,2.24,18.21,2.53,1 cup,292
Rice Brown With Vegetables And Gravy Fat Not Added In Cooking,Prepared Meals,94,2.28,18.46,1.21,1 cup,288
Rice Brown With Vegetables And Gravy Fat Added In Cooking,Prepared Meals,105,2.24,18.21,2.53,1 cup,292
Rice Brown With Vegetables Soy-Based Sauce Ns As To Fat Added In Cooking,Prepared Meals,105,2.28,19.32,1.99,1 cup,290
Rice Brown With Vegetables Soy-Based Sauce Fat Not Added In Cooking,Prepared Meals,94,2.31,19.58,0.66,1 cup,286
Rice Brown With Vegetables Soy-Based Sauce Fat Added In Cooking,Prepared Meals,105,2.28,19.32,1.99,1 cup,290
Dosa (Indian) With Filling,Prepared Meals,183,5.47,30.83,4.18,1 small,113
Vada Fried Dumpling,Prepared Meals,265,12.82,33.43,9.72,1 vada,29
Tabbouleh,Prepared Meals,123,1.64,9.69,9.35,1 cup,160
Lasagna With Cheese And Sauce Diet Frozen Meal,Prepared Meals,137,5.71,17.64,5,1 meal (11 oz),312
Veal Lasagna Diet Frozen Meal,Prepared Meals,89,6.64,10.63,2.26,1 meal (10.25 oz),291
Lasagna With Cheese And Meat Sauce Diet Frozen Meal,Prepared Meals,118,7.61,12.56,4.21,1 weight watchers meal (11 oz),312
Vegetable Lasagna Frozen Meal,Prepared Meals,146,4.89,14.75,7.78,No data available,No data available
Zucchini Lasagna Diet Frozen Meal,Prepared Meals,99,5.36,12.76,3.19,1 lean cuisine meal (11 oz),312
Macaroni And Cheese Diet Frozen Meal,Prepared Meals,130,5.98,17.2,3.96,1 meal (9 oz),255
Noodles With Vegetables In Tomato-Based Sauce Diet Frozen Meal,Prepared Meals,66,3.28,10.63,1.56,1 meal (10 oz),284
Rice With Broccoli Cheese Sauce Frozen Side Dish,Prepared Meals,119,3.65,17.07,4.13,1 side dish (4.5 oz),128
Rice With Green Beans Water Chestnuts In Sherry Mushroom Sauce Frozen Side Dish,Prepared Meals,97,2.62,14.65,3.23,1 side dish (10 oz),284
Spaghetti And Meatballs Dinner NFS Frozen Meal,Prepared Meals,112,5.53,14.83,3.32,1 meal (12.5 oz),354
Spaghetti And Meatballs With Tomato Sauce Sliced Apples Bread Frozen Meal,Prepared Meals,130,7.69,16.36,3.72,1 meal (11.5 oz),326
Spaghetti With Meat And Mushroom Sauce Diet Frozen Meal,Prepared Meals,115,6.09,16.5,2.8,1 meal (11.5 oz),326
Spaghetti With Meat Sauce Diet Frozen Meal,Prepared Meals,112,5.53,14.83,3.32,1 meal (10.5 oz),298
Ravioli Cheese-Filled With Tomato Sauce Diet Frozen Meal,Prepared Meals,112,6.89,12.16,4.13,1 meal (9 oz),255
Rigatoni With Meat Sauce And Cheese Diet Frozen Meal,Prepared Meals,91,6.19,8.66,3.71,1 meal (9.75 oz),276
Manicotti Cheese-Filled With Tomato Sauce Diet Frozen Meal,Prepared Meals,123,7.16,11.14,5.56,1 meal (9.25 oz),262
Cannelloni Cheese-Filled With Tomato Sauce Diet Frozen Meal,Prepared Meals,115,7.05,10.85,4.8,1 meal (9.125 oz),259
Linguini With Vegetables And Seafood In White Wine Sauce Diet Frozen Meal,Prepared Meals,114,8.04,11.87,3.76,1 meal (9.5 oz),269
Pasta With Vegetable And Cheese Sauce Diet Frozen Meal,Prepared Meals,108,4.71,16.48,2.81,No data available,No data available
Beef Enchilada Dinner NFS Frozen Meal,Prepared Meals,124,5.03,16.68,4.12,1 meal (15 oz),425
Beef Enchilada Chili Gravy Rice Refried Beans Frozen Meal,Prepared Meals,124,5.03,16.68,4.12,1 meal (15 oz),425
Cheese Enchilada Frozen Meal,Prepared Meals,189,8.28,20.68,8.46,1 meal (10 oz),284
Chicken Enchilada Diet Frozen Meal,Prepared Meals,146,10.62,11.97,6.32,1 meal (8.5 oz),241
Chicken Fajitas Diet Frozen Meal,Prepared Meals,123,8.93,15.67,2.61,1 meal (6.75 oz),191
Chicken Burritos Diet Frozen Meal,Prepared Meals,176,9.6,23.76,4.62,1 meal (10 oz),284
Stewed Potatoes Puerto Rican Style,Prepared Meals,114,2.1,18.77,3.64,1 small,123
Potato From Puerto Rican Style Stuffed Pot Roast With Gravy,Prepared Meals,74,2.44,14.55,0.91,1 small,103
Potato From Puerto Rican Beef Stew With Gravy,Prepared Meals,74,2.44,14.55,0.91,1 small,122
Potato From Puerto Rican Chicken Fricassee With Sauce,Prepared Meals,72,1.35,14.65,1.02,1 small,123
Potato Scalloped Nfs,Prepared Meals,166,7.01,13.64,9.39,1 cup,250
Potato Scalloped From Fast Food Or Restaurant,Prepared Meals,201,6.56,13.22,13.74,1 cup,250
Potato Scalloped From Fresh,Prepared Meals,166,7.01,13.64,9.39,1 cup,250
Potato Scalloped From Fresh With Meat,Prepared Meals,173,7.28,13.1,10.31,1 cup,250
Potato Scalloped From Dry Mix,Prepared Meals,167,6.79,13.66,9.53,1 cup,250
Potato Scalloped From Dry Mix With Meat,Prepared Meals,167,7.14,13.32,9.56,1 cup,250
Potato Scalloped Ready-To-Heat,Prepared Meals,175,6.68,13.42,10.68,1 cup,250
Potato Scalloped Ready-To-Heat With Meat,Prepared Meals,181,6.94,12.94,11.46,1 cup,250
Potato Mashed Nfs,Prepared Meals,111,2.15,17.69,3.79,1 cup,250
Potato Mashed From Fast Food With Gravy,Prepared Meals,81,1.46,12.78,2.78,1 cup,250
Potato Mashed From Fresh Made With Milk,Prepared Meals,111,2.15,17.69,3.79,1 cup,250
Potato Mashed From Fresh Made With Milk With Cheese,Prepared Meals,143,4.37,16.12,6.95,1 cup,250
Potato Mashed From Fresh Made With Milk With Gravy,Prepared Meals,99,1.86,15.21,3.56,1 cup,250
Potato Mashed From Fresh Nfs,Prepared Meals,111,2.15,17.69,3.79,1 cup,250
Potato Mashed From Restaurant,Prepared Meals,134,2.07,16.85,6.83,1 cup,250
Potato Mashed From Restaurant With Gravy,Prepared Meals,117,1.8,14.54,5.99,1 cup,250
Potato Mashed From School Lunch,Prepared Meals,76,2.14,13.14,1.77,1 cup,250
Potato Mashed From Dry Mix Nfs,Prepared Meals,113,2.05,12.75,6.27,1 cup,250
Potato Mashed From Dry Mix Made With Milk,Prepared Meals,113,2.05,12.75,6.27,1 cup,250
Potato Mashed From Dry Mix Made With Milk With Cheese,Prepared Meals,144,4.28,11.71,9.16,1 cup,250
Potato Mashed From Dry Mix Made With Milk With Gravy,Prepared Meals,100,1.78,11.26,5.54,1 cup,250
Potato Mashed Ready-To-Heat With Cheese,Prepared Meals,138,4.21,12.2,8.04,1 cup,250
Potato Mashed Ready-To-Heat With Gravy,Prepared Meals,94,1.72,11.69,4.53,1 cup,250
Potato Salad With Egg From Restaurant,Prepared Meals,171,2.88,14.4,11.39,1 cup,275
Potato Salad With Egg Made With Light Mayonnaise,Prepared Meals,111,2.72,15.12,4.46,1 cup,275
Potato Salad With Egg Made With Mayonnaise-Type Salad Dressing,Prepared Meals,112,2.76,15.9,4.32,1 cup,275
Potato Salad With Egg Made With Light Mayonnaise-Type Salad Dressing,Prepared Meals,111,2.72,15.12,4.46,1 cup,275
Potato Salad With Egg Made With Creamy Dressing,Prepared Meals,142,2.94,14.88,7.91,1 cup,275
Potato Salad With Egg Made With Light Creamy Dressing,Prepared Meals,102,2.96,15.01,3.46,1 cup,275
Potato Salad With Egg Made With Italian Dressing,Prepared Meals,114,2.81,15.8,4.42,1 cup,275
Potato Salad With Egg Made With Light Italian Dressing,Prepared Meals,94,2.8,15.48,2.35,1 cup,275
Potato Salad With Egg Made With Any Type Of Fat Free Dressing,Prepared Meals,89,2.67,16,1.74,1 cup,275
Potato Salad German Style,Prepared Meals,104,2.44,16.4,3.2,1 cup,175
Potato Salad From Restaurant,Prepared Meals,173,1.54,16.23,11.5,1 cup,275
Potato Salad Made With Mayonnaise,Prepared Meals,168,1.52,15.8,11.14,1 cup,275
Potato Salad Made With Light Mayonnaise,Prepared Meals,105,1.41,16.97,3.65,1 cup,275
Potato Salad Made With Mayonnaise-Type Salad Dressing,Prepared Meals,107,1.46,17.86,3.49,1 cup,275
Potato Salad Made With Light Mayonnaise-Type Salad Dressing,Prepared Meals,105,1.41,16.97,3.65,1 cup,275
Potato Salad Made With Creamy Dressing,Prepared Meals,140,1.59,16.79,7.53,1 cup,275
Potato Salad Made With Light Creamy Dressing,Prepared Meals,95,1.62,16.94,2.47,1 cup,275
Potato Salad Made With Italian Dressing,Prepared Meals,108,1.44,17.85,3.56,1 cup,275
Potato Salad Made With Light Italian Dressing,Prepared Meals,85,1.44,17.48,1.2,1 cup,275
Potato Salad Made With Any Type Of Fat Free Dressing,Prepared Meals,81,1.38,17.94,0.58,1 cup,275
Potato Pancake,Prepared Meals,192,4.49,20.6,10.49,1 miniature/bite size pancake,10
Lefse (Norwegian),Prepared Meals,216,4.22,36.04,6.09,1 lefse/ any size,80
Potato Pudding,Prepared Meals,126,3.56,10.65,7.72,1 cup,228
Stewed Potatoes,Prepared Meals,114,1.84,19.91,3.22,1 cup,250
Stewed Potatoes With Tomatoes,Prepared Meals,92,1.57,15.17,3.13,1 cup,250
Seaweed Prepared With Soy Sauce,Prepared Meals,43,4.15,7.52,0.5,1 cup,96
Beans String Green Cooked Szechuan-Style,Prepared Meals,95,2.38,8.23,6.64,1 cup,185
Chiles Rellenos Cheese-Filled,Prepared Meals,219,10.88,6.35,16.86,1 chili,143
Chiles Rellenos Filled With Meat And Cheese,Prepared Meals,205,11.04,7.19,14.82,1 chili,143
Jalapeno Pepper Stuffed With Cheese Breaded Or Battered Fried,Prepared Meals,240,8.98,16.35,15.65,1 jalapeno pepper,25
Vegetable Combination Including Carrots Broccoli And/or Dark-Green Leafy; Cooked With Soy-Based Sauce,Prepared Meals,105,1.8,7.04,8.33,1 cup,185
Vegetable Combination Excluding Carrots Broccoli And Dark-Green Leafy; Cooked With Soy-Based Sauce,Prepared Meals,107,1.76,6.59,8.8,1 cup,185
Chow Mein Or Chop Suey Meatless With Noodles,Prepared Meals,117,2.51,17.3,4.05,1 cup,220
Fried Stuffed Potatoes Puerto Rican Style,Prepared Meals,187,4.79,16.16,11.74,"1 fritter (4"" x 2-1/4"" x 3/4"")",95
Potato And Ham Fritters Puerto Rican Style,Prepared Meals,196,5.94,12.47,13.73,"1 fritter (2-3/4"" x 2-1/2"" x 1"")",70
