On The Border Soft Taco With Ground Beef Cheese And Lettuce,Restaurant Foods,229,13.19,19.28,11.05,1 serving varied from 2-3 tacos per serving,324
Restaurant Mexican Soft Taco With Ground Beef Cheese And Lettuce,Restaurant Foods,219,12.56,17.92,10.81,1 serving varied from 1 to 3 tacos per serving,281
Restaurant Latino Chicken And Rice Entree Prepared,Restaurant Foods,174,12.02,20.03,5.06,1 cup,141
Restaurant Latino Empanadas Beef Prepared,Restaurant Foods,335,11.31,31.19,18.37,1 piece,89
Restaurant Latino Pupusas Con Frijoles (Pupusas Bean),Restaurant Foods,229,5.59,31.49,9.01,1 piece,126
Restaurant Latino Pupusas Con Queso (Pupusas Cheese),Restaurant Foods,256,11.72,22.39,13.25,1 piece,117
Restaurant Latino Pupusas Del Cerdo (Pupusas Pork),Restaurant Foods,232,11.51,23.02,10.43,1 piece,122
Restaurant Latino Tamale Corn,Restaurant Foods,186,3.48,26.68,7.21,1 piece,166
Restaurant Mexican Spanish Rice,Restaurant Foods,185,3.28,31.16,5.29,1 cup,116
Restaurant Mexican Refried Beans,Restaurant Foods,156,6.91,16.79,6.77,1 cup,148
Restaurant Chinese Egg Rolls Assorted,Restaurant Foods,250,8.28,27.29,11.94,1 piece,89
Restaurant Chinese Fried Rice Without Meat,Restaurant Foods,174,4.05,32.79,2.96,1 cup,137
Cracker Barrel Steak Fries,Restaurant Foods,255,3.26,30.87,13.18,1 serving,198
Cracker Barrel Grilled Sirloin Steak,Restaurant Foods,203,31.52,0,8.52,1 steak,151
Cracker Barrel Macaroni N Cheese Plate From Kids Menu,Restaurant Foods,192,6.46,15.58,11.51,1 serving,257
Dennys French Fries,Restaurant Foods,282,3.41,35.2,14.13,1 serving,165
Dennys Top Sirloin Steak,Restaurant Foods,182,28.9,0.14,7.34,1 steak,107
Restaurant Chinese Lemon Chicken,Restaurant Foods,252,11.87,20.61,13.55,1 order,623
Restaurant Chinese General Tsos Chicken,Restaurant Foods,295,12.9,23.99,16.36,1 order,535
Restaurant Chinese Kung Pao Chicken,Restaurant Foods,129,9.76,6.87,6.98,1 order,604
Restaurant Chinese Vegetable Lo Mein Without Meat,Restaurant Foods,121,4.77,20.16,2.35,1 order,741
Restaurant Chinese Chicken And Vegetables,Restaurant Foods,95,8.18,5.38,4.56,1 order,693
Restaurant Chinese Orange Chicken,Restaurant Foods,262,14.46,22.46,12.68,1 order,648
Restaurant Italian Spaghetti With Meat Sauce,Restaurant Foods,121,5.79,16.4,3.59,1 serving,554
Restaurant Italian Chicken Parmesan Without Pasta,Restaurant Foods,204,16.17,10.92,10.64,1 serving,301
Restaurant Latino Arroz Con Leche (Rice Pudding),Restaurant Foods,146,3.2,24.92,3.69,1 serving,283
Restaurant Latino Arroz Con Frijoles Negros (Rice And Black Beans),Restaurant Foods,151,4.64,24.4,3.85,1 serving,461
Restaurant Latino Arroz Con Habichuelas Colorados (Rice And Red Beans),Restaurant Foods,142,3.96,23.74,3.46,1 serving,590
Restaurant Latino Arroz Con Grandules (Rice And Pigeonpeas),Restaurant Foods,182,3.5,30.75,4.98,1 serving,653
Restaurant Latino Tamale Pork,Restaurant Foods,174,7.35,15.75,9.04,1 piece,142
Restaurant Latino Black Bean Soup,Restaurant Foods,103,5.1,14.79,2.57,1 cup,246
Restaurant Latino Tripe Soup,Restaurant Foods,74,8.61,4.07,2.58,1 cup,200
Restaurant Latino Arepa (Unleavened Cornmeal Bread),Restaurant Foods,219,5.48,37.14,5.38,1 piece,98
Restaurant Latino Bunuelos (Fried Yeast Bread),Restaurant Foods,462,8.02,48.57,26.24,1 piece,70
Restaurant Chinese Beef And Vegetables,Restaurant Foods,105,7.08,7.29,5.3,1 order,574
Cracker Barrel Chicken Tenderloin Platter Fried From Kids Menu,Restaurant Foods,294,18.67,20.24,15.41,1 serving,103
Cracker Barrel Country Fried Shrimp Platter,Restaurant Foods,287,12.62,21.4,16.77,1 serving,149
Cracker Barrel Farm Raised Catfish Platter,Restaurant Foods,266,22.94,5.31,17.05,1 serving,178
Dennys Mozzarella Cheese Sticks,Restaurant Foods,324,13.56,27.22,17.87,1 serving,228
Dennys Golden Fried Shrimp,Restaurant Foods,319,13.88,20.93,20.01,1 piece,16
Dennys Macaroni & Cheese From Kids Menu,Restaurant Foods,150,5.19,21.16,4.92,1 serving,180
Dennys Chicken Nuggets Star Shaped From Kids Menu,Restaurant Foods,377,16.27,13.59,28.57,1 serving 4 pieces in serving,67
Restaurant Chinese Shrimp And Vegetables,Restaurant Foods,78,5.9,4.52,4.05,1 order,601
Restaurant Chinese Sweet And Sour Chicken,Restaurant Foods,250,10.1,23.86,12.65,1 order,706
Restaurant Chinese Sweet And Sour Pork,Restaurant Foods,270,8.91,23.34,15.66,1 order,609
Restaurant Chinese Chicken Chow Mein,Restaurant Foods,85,6.76,8.29,2.8,1 order,604
Restaurant Chinese Vegetable Chow Mein Without Meat Or Noodles,Restaurant Foods,43,1.34,5.74,1.68,1 order,777
Olive Garden Spaghetti With Meat Sauce,Restaurant Foods,121,5.8,17.19,3.28,1 serving,525
Carrabbas Italian Grill Spaghetti With Meat Sauce,Restaurant Foods,122,5.87,15.71,3.92,1 serving,537
Restaurant Chinese Sesame Chicken,Restaurant Foods,293,14.33,26.88,14.25,1 order,547
Applebees Double Crunch Shrimp,Restaurant Foods,323,12.31,25.96,18.9,1 serving,206
Applebees French Fries,Restaurant Foods,290,3.31,39.5,13.17,1 serving,164
Applebees Kraft Macaroni & Cheese From Kids Menu,Restaurant Foods,143,5.01,21.08,4.34,1 cup,124
Applebees Mozzarella Sticks,Restaurant Foods,316,14.87,22.87,18.37,1 piece,32
Applebees Chicken Tenders From Kids Menu,Restaurant Foods,296,19.25,18.36,16.15,1 piece,35
TGI Fridays Chicken Fingers From Kids Menu,Restaurant Foods,330,18.11,17.72,20.78,1 piece,41
TGI Fridays Classic Sirloin Steak (10 Oz),Restaurant Foods,196,31.02,0.47,7.83,1 serving,176
Restaurant Family Style Fried Mozzarella Sticks,Restaurant Foods,325,14.75,25.14,18.33,1 serving,245
Restaurant Family Style Sirloin Steak,Restaurant Foods,195,29.8,0,8.48,1 serving,166
Applebees Fish Hand Battered,Restaurant Foods,202,13.23,16.65,9.14,1 serving,250
Applebees Chili,Restaurant Foods,157,12.56,4.57,9.79,1 cup,136
TGI Fridays Chicken Fingers,Restaurant Foods,325,18.68,16.84,20.31,1 serving,225
Applebees Coleslaw,Restaurant Foods,120,0.79,13.17,7.09,1 serving,76
Cracker Barrel Onion Rings Thick-Cut,Restaurant Foods,327,4.78,40.95,16,1 serving,261
Dennys Chicken Strips,Restaurant Foods,295,19.17,22.03,14.5,1 serving,194
Dennys Coleslaw,Restaurant Foods,183,0.97,10.88,15.03,1 serving,91
Dennys Fish Fillet Battered Or Breaded Fried,Restaurant Foods,234,13.75,17.41,12.16,1 serving,201
Dennys Hash Browns,Restaurant Foods,197,2.49,26.59,8.99,1 serving,124
Restaurant Family Style Coleslaw,Restaurant Foods,159,0.88,12.35,11.78,1 serving,108
Restaurant Family Style Onion Rings,Restaurant Foods,356,4.89,40.72,19.28,1 serving,259
Restaurant Family Style Chili With Meat And Beans,Restaurant Foods,157,12.56,4.57,9.79,1 cup,136
Restaurant Family Style Spaghetti And Meatballs,Restaurant Foods,170,7.84,15.51,8.52,1 cup,134
Carrabbas Italian Grill Lasagne,Restaurant Foods,191,10.48,12.36,11.06,1 serving,437
On The Border Mexican Rice,Restaurant Foods,195,3.56,34.15,4.86,1 cup,114
On The Border Refried Beans,Restaurant Foods,144,7.3,17.52,5,1 cup,135
Restaurant Italian Spaghetti With Pomodoro Sauce (No Meat),Restaurant Foods,104,3.9,17.77,1.89,1 serving,510
On The Border Cheese Quesadilla,Restaurant Foods,394,16.87,24.25,25.5,1 serving 1 quesadilla,203
Restaurant Mexican Cheese Quesadilla,Restaurant Foods,368,15.93,24.11,23.08,1 serving serving size varied on diameter and count of quesadila,205
Carrabbas Italian Grill Cheese Ravioli With Marinara Sauce,Restaurant Foods,156,7.96,17.62,6,1 serving varied from 8 to 10 ravioli per serving,365
Olive Garden Cheese Ravioli With Marinara Sauce,Restaurant Foods,159,7.44,19.64,5.61,1 serving varied from 7-9 ravioli per serving,454
Restaurant Italian Cheese Ravioli With Marinara Sauce,Restaurant Foods,154,7.07,18.5,5.7,1 serving serving size varied by diameter and count of raviloi,427
Applebees 9 Oz House Sirloin Steak,Restaurant Foods,189,26.85,0,9.08,1 serving,157
TGI Fridays Fridays Shrimp Breaded,Restaurant Foods,302,11.87,20.87,19.02,1 serving,175
TGI Fridays French Fries,Restaurant Foods,296,3.74,36.9,14.82,1 serving,184
TGI Fridays Fried Mozzarella,Restaurant Foods,333,15.82,25.33,18.76,1 piece,35
TGI Fridays Macaroni & Cheese From Kids Menu,Restaurant Foods,121,5.03,17.4,3.45,1 cup,144
Restaurant Family Style French Fries,Restaurant Foods,289,3.49,37.2,14.04,1 serving,170
Restaurant Family Style Chicken Fingers From Kids Menu,Restaurant Foods,307,18.68,18.77,17.45,1 serving,114
Restaurant Family Style Shrimp Breaded And Fried,Restaurant Foods,308,12.67,22.29,18.67,1 serving,169
Restaurant Family Style Macaroni & Cheese From Kids Menu,Restaurant Foods,151,5.42,18.8,6.06,1 cup,136
Fried Onion Rings,Restaurant Foods,356,4.58,40.17,19.61,1 serving,350
Applebees Chicken Tenders Platter,Restaurant Foods,297,19.62,17.98,16.24,1 serving,209
Cracker Barrel Chicken Tenderloin Platter Fried,Restaurant Foods,293,18.06,20.29,15.48,1 serving,175
Cracker Barrel Coleslaw,Restaurant Foods,175,0.89,13.01,13.22,1 serving,167
Dennys Onion Rings,Restaurant Foods,385,5.29,41.05,22.23,1 serving,166
Dennys Spaghetti And Meatballs,Restaurant Foods,170,7.84,15.51,8.52,1 serving,565
Restaurant Family Style Fish Fillet Battered Or Breaded Fried,Restaurant Foods,219,13.49,16.89,10.79,1 serving,226
Restaurant Family Style Chicken Tenders,Restaurant Foods,302,18.88,19.29,16.63,1 serving,201
Restaurant Family Style Hash Browns,Restaurant Foods,197,2.49,26.59,8.99,1 cup,94
Cracker Barrel Macaroni N Cheese,Restaurant Foods,194,6.49,15.61,11.75,1 serving,175
Restaurant Italian Lasagna With Meat,Restaurant Foods,185,10.83,11.36,10.69,1 serving,457
Olive Garden Lasagna Classico,Restaurant Foods,184,11.28,10.33,10.84,1 serving,422
Olive Garden Spaghetti With Pomodoro Sauce,Restaurant Foods,102,4.26,17.14,1.85,1 serving,478
Carrabbas Italian Grill Spaghetti With Pomodoro Sauce,Restaurant Foods,104,3.42,18.63,1.75,1 serving,489
On The Border Cheese Enchilada,Restaurant Foods,271,11.67,16.2,17.74,1 serving serving size varied from 1 to 3 enchiladas,250
Restaurant Mexican Cheese Enchilada,Restaurant Foods,273,11.24,15.45,18.47,1 serving serving size varied from 1 to 3 enchiladas,244
Restaurant Mexican Cheese Tamales,Restaurant Foods,216,8.99,17.97,11.99,1 serving serving size varied from 1 to 3 tamales,302
Carrabbas Italian Grill Chicken Parmesan Without Cavatappi Pasta,Restaurant Foods,206,19,7.8,10.95,1 serving,339
Olive Garden Chicken Parmigiana Without Pasta,Restaurant Foods,211,15.33,12.28,11.23,1 serving,304
Hash Browns,Restaurant Foods,265,3,35.11,12.52,1 cup,156
Onion Rings,Restaurant Foods,276,4.14,33.79,14.3,1 cup,48
French Fries,Restaurant Foods,161,2.51,27.5,5.13,10 strip,69
