Snacks Beef Jerky Chopped And Formed,Snacks,410,33.2,11,25.6,1 oz,28.4
Snacks Corn-Based Extruded Chips Plain,Snacks,539,6.17,57.27,33.36,1 oz,28
Snacks Corn-Based Extruded Chips Barbecue-Flavor,Snacks,523,7,56.2,32.7,1 oz,28.4
Snacks Corn-Based Extruded Cones Plain,Snacks,510,5.8,62.9,26.9,1 oz,28.4
Snacks Granola Bars Hard Plain,Snacks,471,10.1,64.4,19.8,1 bar,21
Snacks Granola Bars Hard Almond,Snacks,495,7.7,62,25.5,1 oz,28.4
Snacks Granola Bars Soft Uncoated Raisin,Snacks,448,7.6,66.4,17.8,1 bar (1.5 oz),43
Snacks Granola Bars Soft Coated Milk Chocolate Coating Chocolate Chip,Snacks,466,5.8,63.8,24.9,1 bar (1.25 oz),35
Snacks Granola Bars Soft Coated Milk Chocolate Coating Peanut Butter,Snacks,508,10.2,53.4,31.1,1 oz,28.4
Snacks Granola Bars Soft Uncoated Peanut Butter And Chocolate Chip,Snacks,432,9.8,62.2,20,1 bar (1 oz),28
Snacks Popcorn Oil-Popped Microwave Regular Flavor No Trans Fat,Snacks,583,7.29,45.06,43.55,1 cup,11
Snacks Popcorn Cakes,Snacks,384,9.7,80.1,3.1,1 cake,10
Snacks Popcorn Caramel-Coated With Peanuts,Snacks,400,6.4,80.7,7.8,1 oz (approx 2/3 cup),28.4
Snacks Popcorn Caramel-Coated Without Peanuts,Snacks,431,3.8,79.1,12.8,1 oz,28.4
Snacks Potato Chips Made From Dried Potatoes Reduced Fat,Snacks,502,4.56,64.76,26.14,1 oz,28.4
Snacks Potato Chips Made From Dried Potatoes Sour-Cream And Onion-Flavor,Snacks,547,6.6,51.3,37,1 oz,28.4
Snacks Pretzels Hard Plain Salted,Snacks,384,10.04,80.39,2.93,1 oz,28.4
Snacks Pretzels Hard Confectioners Coating Chocolate-Flavor,Snacks,457,7.5,70.9,16.7,1 oz,28.4
Snacks Rice Cakes Brown Rice Sesame Seed,Snacks,392,7.6,81.5,3.8,1 cake,9
Snacks Tortilla Chips Plain White Corn Salted,Snacks,472,7.1,67.78,20.68,1 oz,28.4
Snacks Tortilla Chips Nacho Cheese,Snacks,519,7.36,60.81,27.42,1 oz,28.4
Snacks Tortilla Chips Ranch-Flavor,Snacks,501,7.19,62.74,24.63,1 oz,28.4
Snacks Trail Mix Regular,Snacks,462,13.8,44.9,29.4,1 cup,150
Breakfast Bar Corn Flake Crust With Fruit,Snacks,376,4.4,72.8,7.5,1 oz,28.4
Snacks Corn-Based Extruded Onion-Flavor,Snacks,499,7.7,65.1,22.6,1 oz,28.4
Snacks Corn-Based Extruded Puffs Or Twists Cheese-Flavor,Snacks,567,5.46,54.54,36.54,1 oz,28.4
Snacks Kraft Cornnuts Plain,Snacks,446,8.5,71.86,15.64,1 oz,28.4
Snacks Crisped Rice Bar Chocolate Chip,Snacks,404,5.1,73,13.5,1 bar (1 oz),28
Snacks Granola Bars Hard Chocolate Chip,Snacks,438,7.3,72.1,16.3,1 oz,28.4
Snacks Granola Bars Soft Uncoated Plain,Snacks,443,7.4,67.3,17.2,1 bar (1 oz),28
Snacks Granola Bars Soft Uncoated Peanut Butter,Snacks,426,10.5,64.4,15.8,1 bar (1 oz),28
Snacks Oriental Mix Rice-Based,Snacks,506,17.31,51.62,25.58,1 oz,28.4
Snacks Popcorn Air-Popped,Snacks,387,12.94,77.78,4.54,1 cup,8
Snacks Popcorn Cheese-Flavor,Snacks,526,9.3,51.6,33.2,1 cup,11
Snacks Pork Skins Plain,Snacks,544,61.3,0,31.3,1 oz,28.4
Snacks Potato Chips Barbecue-Flavor,Snacks,487,6.51,55.92,31.06,1 oz,28.4
Snacks Potato Chips Sour-Cream-And-Onion-Flavor,Snacks,531,8.1,51.5,33.9,1 oz,28.4
Snacks M&m Mars Combos Snacks Cheddar Cheese Pretzel,Snacks,463,9.85,66.5,16.92,1 oz,28.4
Snacks Pretzels Hard Whole-Wheat Including Both Salted And Unsalted,Snacks,362,11.1,81.3,2.6,1 oz,28.4
Snacks Rice Cracker Brown Rice Plain,Snacks,387,8.2,81.5,2.8,1 cake,9
Snacks Rice Cakes Brown Rice Buckwheat,Snacks,380,9,80.1,3.5,1 cake,9
Snacks Trail Mix Tropical,Snacks,442,6.3,65.6,17.1,1 cup,140
Trail Mix,Snacks,484,14.2,44.9,31.9,1 cup,146
Snacks Tortilla Chips Taco-Flavor,Snacks,480,7.9,63.1,24.2,1 oz,28.4
Granola Bar Soft Milk Chocolate Coated Peanut Butter,Snacks,536,9.6,54.1,31.2,1 oz,28.4
Rice Cake Cracker (Include Hain Mini Rice Cakes),Snacks,392,7.1,81.1,4.3,1 cubic inch,4.2
Snacks Tortilla Chips Unsalted White Corn,Snacks,503,7.79,65.32,23.36,1 cup,26
Extruded Corn Chips,Snacks,557,6.6,57.4,33.4,1 cup/ crushed,88
Snacks Tortilla Chips Light (Baked With Less Oil),Snacks,465,8.7,73.4,15.2,1 cup/ crushed,63
Popcorn Microwave Low Fat And Sodium,Snacks,429,12.6,73.39,9.5,1 oz,28.4
Snacks General Mills Betty Crocker Fruit Roll Ups Berry Flavored With Vitamin C,Snacks,373,0.1,85.2,3.5,2 rolls,28
Snacks Farley Candy Farley Fruit Snacks With Vitamins A C And E,Snacks,341,4.4,80.9,0,1 pouch,26
Snacks Banana Chips,Snacks,519,2.3,58.4,33.6,1 oz,28.4
Snacks Beef Sticks Smoked,Snacks,550,21.5,5.4,49.6,1 oz,28.4
Snacks Pork Skins Barbecue-Flavor,Snacks,538,57.9,1.6,31.8,1 oz,28.4
Snack Potato Chips Made From Dried Potatoes Plain,Snacks,545,4.62,55.38,35.28,1 oz,28
Snacks Potato Sticks,Snacks,522,6.7,53.3,34.4,1 oz,28.4
Snacks Rice Cakes Brown Rice Rye,Snacks,386,8.1,79.9,3.8,1 cake,9
Snacks Sesame Sticks Wheat-Based Salted,Snacks,541,10.9,46.5,36.7,1 oz,28.4
Snacks Corn Cakes,Snacks,387,8.1,83.4,2.4,1 cake,9
Snacks Tortilla Chips Nacho-Flavor Reduced Fat,Snacks,445,8.7,71.6,15.2,1 oz,28.4
Tortilla Chips Low Fat Baked Without Fat,Snacks,448,11,80.2,5.7,1 oz,28.4
Cheese Puffs And Twists Corn Based Baked Low Fat,Snacks,432,8.5,72.35,12.1,1 oz,28.4
Snacks Granola Bar Fruit-Filled Nonfat,Snacks,342,5.9,77.6,0.9,No data available,No data available
Snacks Kelloggs Nutri-Grain Cereal Bars Fruit,Snacks,365,4.22,67.61,8.67,No data available,No data available
Snacks Tortilla Chips Low Fat Made With Olestra Nacho Cheese,Snacks,318,8.44,65.22,3.53,1 oz,28.4
Snacks Potato Chips Made From Dried Potatoes Fat-Free Made With Olestra,Snacks,253,5.06,56,0.93,1 oz,28.4
Snacks Taro Chips,Snacks,498,2.3,68.1,24.9,1 oz,28.4
Snacks Potato Chips White Restructured Baked,Snacks,469,5,71.4,18.2,1 cup,34
Breakfast Bars Oats Sugar Raisins Coconut (Include Granola Bar),Snacks,464,9.8,66.7,17.6,1 bar,43
Soft Pretzels (Salted),Snacks,338,8.2,69.39,3.1,1 large,143
Snacks Sunkist Sunkist Fruit Roll Strawberry With Vitamins A C And E,Snacks,342,0.6,82.7,1,1 roll,21
Snacks Fruit Leather Pieces With Vitamin C,Snacks,373,0.1,85.2,3.5,1 serving,21
Snacks Cornnuts Barbecue-Flavor,Snacks,436,9,71.7,14.3,1 oz,28.4
Snacks Crisped Rice Bar Almond,Snacks,458,7,64.6,20.4,1 bar (1 oz),28
Snacks Granola Bars Soft Uncoated Chocolate Chip,Snacks,418,5.65,70.2,16.57,1 bar (1.5 oz),43
Snacks Granola Bars Soft Uncoated Chocolate Chip Graham And Marshmallow,Snacks,427,6.1,70.8,15.5,1 bar (1 oz),28
Snacks Granola Bars Soft Uncoated Nut And Raisin,Snacks,454,8,63.6,20.4,1 bar (1 oz),28
Snacks Potato Chips Plain Salted,Snacks,532,6.39,53.83,33.98,1 oz,28
Snacks Potato Chips Made From Dried Potatoes Cheese-Flavor,Snacks,551,7,50.6,37,1 oz,28.4
Snacks Rice Cakes Brown Rice Corn,Snacks,385,8.4,81.2,3.2,1 cake,9
Snacks Rice Cakes Brown Rice Multigrain,Snacks,387,8.5,80.1,3.5,1 cake,9
Snacks Granola Bars Hard Peanut Butter,Snacks,483,9.8,62.3,23.8,1 oz,28.4
Snacks Potato Chips Cheese-Flavor,Snacks,496,8.5,57.7,27.2,1 oz,28.4
Snacks Potato Chips Reduced Fat,Snacks,471,7.1,66.9,20.8,1 oz,28.4
Snacks Potato Chips Fat-Free Made With Olestra,Snacks,274,7.74,65,0.7,1 oz,28.4
Popcorn Sugar Syrup/caramel Fat-Free,Snacks,381,2,90.06,1.4,1 oz,28.4
Snacks Potato Chips Fat Free Salted,Snacks,379,9.64,83.76,0.6,1 oz,28.4
Snacks Kellogg Kelloggs Rice Krispies Treats Squares,Snacks,417,3.4,80.5,9,1 serving,22
Snacks Kellogg Kelloggs Low Fat Granola Bar Crunchy Almond/brown Sugar,Snacks,390,8,78,7.4,1 bar,37
Snacks M&m Mars Kudos Whole Grain Bar Chocolate Chip,Snacks,420,4.47,72.31,13.02,1 bar,28
Snacks Popcorn Home-Prepared Oil-Popped Unsalted,Snacks,500,9,58.1,28.1,1 cup,8
Snacks Granola Bar With Coconut Chocolate Coated,Snacks,531,5.2,55.2,32.2,1 oz,28.4
Snacks Corn-Based Extruded Puffs Or Twists Cheese-Flavor Unenriched,Snacks,558,5.76,54.1,35.76,1 oz,28.4
Snacks Corn-Based Extruded Chips Barbecue-Flavor Made With Enriched Masa Flour,Snacks,523,7,56.2,32.7,1 oz,28.4
Snacks Popcorn Air-Popped (Unsalted),Snacks,382,12,77.9,4.2,1 cup,8
Snacks Popcorn Oil-Popped White Popcorn Salt Added,Snacks,500,9,57.2,28.1,1 cup,11
Snacks Potato Chips Plain Made With Partially Hydrogenated Soybean Oil Salted,Snacks,536,7,52.9,34.6,1 oz,28.4
Snacks Pretzels Hard Plain Made With Enriched Flour Unsalted,Snacks,381,9.1,79.2,3.5,1 oz,28.4
Snacks Rice Cakes Brown Rice Plain Unsalted,Snacks,387,8.2,81.5,2.8,1 cake,9
Snacks Rice Cakes Brown Rice Buckwheat Unsalted,Snacks,380,9,80.1,3.5,1 cake,9
Snacks Rice Cakes Brown Rice Multigrain Unsalted,Snacks,387,8.5,80.1,3.5,1 cake,9
Potato Chips Without Salt Reduced Fat,Snacks,487,7.1,67.8,20.8,1 oz,28.4
Snacks Tortilla Chips Low Fat Unsalted,Snacks,416,11,80.1,5.7,1 oz,28.4
Snacks Tortilla Chips Nacho-Flavor Made With Enriched Masa Flour,Snacks,511,7.8,62.3,25.6,1 oz,28.4
Snacks Corn Cakes Very Low Sodium,Snacks,387,8.1,83.4,2.4,1 cake,9
Snacks Potato Chips Plain Made With Partially Hydrogenated Soybean Oil Unsalted,Snacks,536,7,52.9,34.6,1 oz,28.4
Snacks Potato Chips Plain Unsalted,Snacks,536,7,52.9,34.6,1 oz,28.4
Snacks Pretzels Hard Plain Made With Unenriched Flour Salted,Snacks,381,9.1,79.2,3.5,1 oz,28.4
Snacks Pretzels Hard Plain Made With Unenriched Flour Unsalted,Snacks,381,9.1,79.2,3.5,1 oz,28.4
Snacks Rice Cakes Brown Rice Sesame Seed Unsalted,Snacks,392,7.6,81.5,3.8,1 cake,9
Snacks Sesame Sticks Wheat-Based Unsalted,Snacks,541,10.9,46.5,36.7,1 oz,28.4
Snacks Trail Mix Regular Unsalted,Snacks,462,13.8,44.9,29.4,1 cup,150
Snacks Trail Mix Regular With Chocolate Chips Unsalted Nuts And Seeds,Snacks,484,14.2,44.9,31.9,1 cup,146
Rice And Wheat Cereal Bar,Snacks,409,9.09,72.73,9.09,1 bar,22
Microwave Popcorn,Snacks,402,10.72,76.04,6.1,1 oz,28.4
Snickers Marathon Double Chocolate Nut Bar,Snacks,377,22.35,51.66,8.99,1 bar,55
Snacks M&m Mars Kudos Whole Grain Bars Peanut Butter,Snacks,463,5.88,64.69,20.78,1 bar,28
Formulated Bar Mars Snackfood Us Snickers Marathon Honey Nut Oat Bar,Snacks,381,22.5,55.13,7.87,1 bar,55
Snacks M&m Mars Kudos Whole Grain Bar M&Ms Milk Chocolate,Snacks,415,3.78,73.01,11.95,1 bar,24
Formulated Bar Mars Snackfood Us Snickers Marathon Energy Bar All Flavors,Snacks,386,21.91,50.3,10.79,1 bar,55
Formulated Bar Power Bar Chocolate,Snacks,363,14.15,69.63,3.11,1 bar,68
Formulated Bar Mars Snackfood Us Cocoavia Chocolate Blueberry Snack Bar,Snacks,325,6.21,57.87,9.27,1 bar,22
Formulated Bar Slim-Fast Optima Meal Bar Milk Chocolate Peanut,Snacks,386,16.19,60.21,8.92,1 bar,55
Soychips,Snacks,385,26.5,53.15,7.35,1 oz,28.4
Popcorn Microwave Regular (Butter) Flavor Made With Palm Oil,Snacks,535,8.38,57.26,30.22,1 cup,7.9
Snacks Plantain Chips Salted,Snacks,531,2.28,63.84,29.59,1 oz,28.4
Tortilla Chips Yellow Plain Salted,Snacks,497,6.62,67.38,22.33,1 oz,28.4
Snacks Granola Bar Kashi Golean Crunchy Mixed Flavors,Snacks,393,17.88,59.58,9.23,1 bar,47
Snacks Granola Bar Chewy Reduced Sugar All Flavors,Snacks,412,5.55,69.4,12.5,1 bar,24
Snacks Granola Bites Mixed Flavors,Snacks,451,7.17,66.27,17.5,1 package,20
Snacks Pita Chips Salted,Snacks,457,11.79,68.26,15.2,1 oz,28.4
Snacks Granola Bars Soft Almond Confectioners Coating,Snacks,455,8.6,60.13,20,1 bar,35
Formulated Bar High Fiber Chewy Oats And Chocolate,Snacks,389,5,69.82,10,1 bar,40
Snacks Bagel Chips Plain,Snacks,451,12.34,66.36,15.14,1 oz,28.4
Snacks Nutri-Grain Fruit And Nut Bar,Snacks,403,9.38,66.72,10.93,1 bar,32
Snacks Yucca (Cassava) Chips Salted,Snacks,515,1.34,69.23,25.91,1 oz,28.4
Snacks Granola Bar General Mills Nature Valley Chewy Trail Mix,Snacks,415,5.71,72.27,11.43,1 bar,35
Snacks Granola Bar Quaker Dipps All Flavors,Snacks,480,7.52,64.96,20.42,1 bar,31
Snacks Brown Rice Chips,Snacks,384,8.2,81.5,2.8,1 cake,9
Snack Pretzel Hard Chocolate Coated,Snacks,467,7.05,70.07,17.64,1 serving,28
Snacks Peas Roasted Wasabi-Flavored,Snacks,432,14.11,62.2,14.11,No data available,No data available
Formulated Bar South Beach Protein Bar,Snacks,412,30.34,38.4,15.17,No data available,No data available
Snack Balance Original Bar,Snacks,415,28,48.73,12,No data available,No data available
Snacks Shrimp Cracker,Snacks,426,7.14,59.09,17.86,No data available,No data available
Rice Crackers,Snacks,416,10,82.64,5,No data available,No data available
Milk And Cereal Bar,Snacks,413,6.47,72.05,10.98,1 bar,25
Snacks Popcorn Microwave Low Fat,Snacks,424,12.6,72,9.5,1 oz,28.4
Snacks Candy Rolls Yogurt-Covered Fruit Flavored With High Vitamin C,Snacks,359,0.46,74.64,6.53,1 roll,23
Formulated Bar Mars Snackfood Us Snickers Marathon Chewy Chocolate Peanut Bar,Snacks,396,24.29,47.24,13.12,1 bar,55
Formulated Bar Mars Snackfood Us Snickers Marathon Multigrain Crunch Bar,Snacks,422,18.49,57.27,13.18,1 bar,55
Formulated Bar Mars Snackfood Us Cocoavia Chocolate Almond Snack Bar,Snacks,347,7.72,51.68,14.19,1 bar,22
Snacks Sweet Potato Chips Unsalted,Snacks,532,2.94,56.82,32.35,1 oz,28.4
Snacks Fritolay Sunchips Multigrain Snack Original Flavor,Snacks,491,7.95,67.26,21.11,1 oz,28.4
Snacks Popcorn Microwave Regular (Butter) Flavor Made With Partially Hydrogenated Oil,Snacks,557,7.5,55.16,34.02,1 cup,7.9
Formulated Bar Mars Snackfood Us Snickers Marathon Protein Performance Bar Caramel Nut Rush,Snacks,415,25,50.5,12.5,1 bar,80
Formulated Bar Luna Bar Nutz Over Chocolate,Snacks,403,20.75,52.49,12.19,1 bar,48
Snacks Fritolay Sunchips Multigrain French Onion Flavor,Snacks,496,8.68,65.49,22.15,1 oz,28.4
Snacks Fritolay Sunchips Multigrain Snack Harvest Cheddar Flavor,Snacks,491,8.08,64.7,22.22,1 oz,28.4
Soft Pretzels,Snacks,345,8.2,71.04,3.1,1 large,143
Snacks Vegetable Chips Hain Celestial Group Terra Chips,Snacks,517,4.13,57.97,29.81,1 oz,28.4
Formulated Bar Zone Perfect Classic Crunch Bar Mixed Flavors,Snacks,426,30,45,14,1 bar,50
Snacks Granola Bar Kashi Golean Chewy Mixed Flavors,Snacks,390,16.67,63.42,7.69,1 bar,78
Snacks Granola Bar Kashi Tlc Bar Chewy Mixed Flavors,Snacks,429,18.57,53.26,15.71,1 bar,35
Snacks Granola Bars Quaker Oatmeal To Go All Flavors,Snacks,389,6.67,75.47,6.67,1 bar,60
Snacks Vegetable Chips Made From Garden Vegetables,Snacks,473,5.32,60.43,23.3,1 oz,28.4
Snacks Granola Bar Kashi Tlc Bar Crunchy Mixed Flavors,Snacks,446,15,62.78,15,2 bar,40
Snacks Candy Bits Yogurt Covered With Vitamin C,Snacks,415,0,86.9,7.5,1 package,20
Snacks Clif Bar Mixed Flavors,Snacks,346,14.71,65.44,5.88,1 bar,68
Snacks Granola Bar Quaker Chewy 90 Calorie Bar,Snacks,408,4.17,79.17,8.33,1 bar,24
Snacks Granola Bar General Mills Nature Valley Sweet&salty Nut Peanut,Snacks,487,9.14,61.14,22.86,1 bar,35
Snacks Granola Bar General Mills Nature Valley With Yogurt Coating,Snacks,423,5.71,74.29,11.43,1 bar,35
Snack Mixed Berry Bar,Snacks,383,13.16,58.84,10.53,1 bar,38
Snacks Potato Chips Made From Dried Potatoes (Preformed) Multigrain,Snacks,505,5.3,65.34,24.74,1 oz,28.4
Snacks Potato Chips Lightly Salted,Snacks,560,6.72,53.54,35.39, pieces,28
Snacks Pretzels Gluten- Free Made With Cornstarch And Potato Flour,Snacks,389,3.52,78.62,6.67,No data available,No data available
Bean Chips,Snacks,450,14.4,53.18,21.6,1 chip,3
Breadsticks Hard Reduced Sodium,Snacks,431,10.64,71.63,10.63,1 snack size stick,2
Breadsticks Hard Whole Wheat,Snacks,411,13.23,68.15,10.87,1 snack size stick,2
Cereal Or Granola Bar With Rice Cereal,Snacks,414,3.4,80.5,9,1 bar,28
Breakfast Bar Nfs,Snacks,377,4.4,72.9,7.5,1 bar,43
Breakfast Bar Cereal Crust With Fruit Filling Lowfat,Snacks,377,4.4,72.9,7.5,1 bar,37
Nutrition Bar (Clif Kids Organic Zbar),Snacks,409,5.55,74.72,9.72,1 bar,36
Nutrition Bar (Tiger's Milk),Snacks,422,16.8,56.46,14.29,1 bar,35
Nutrition Bar (Zone Perfect Classic Crunch),Snacks,422,30,45,14,1 bar,50
Nutrition Bar Or Meal Replacement Bar Nfs,Snacks,422,30,45,14,1 bar,34
Crackers Breakfast Biscuit,Snacks,427,7.12,71.01,15.06,1 biscuit/ nfs,15
Crackers Saltine Reduced Sodium,Snacks,416,9.39,73.48,8.75,1 cracker,3
Crackers Flatbread,Snacks,412,9.85,75.23,8.25,1 flatbread,10
Crackers Rice And Nuts,Snacks,429,10.78,77.41,8.85,1 cracker,3
Rice Paper,Snacks,329,5.07,72.54,1.21,"1 small paper (6-3/8"" dia)",5
Crackers Sandwich Peanut Butter Filled (Ritz),Snacks,482,7.5,57.14,25,1 sandwich,7
Crackers Sandwich Cheese Filled (Ritz),Snacks,479,7.66,56.05,25.09,1 sandwich,7
Crackers Woven Wheat,Snacks,441,8.94,70.14,15.26,1 cracker,5
Crackers Woven Wheat Plain (Triscuit),Snacks,441,8.94,70.14,15.26,1 cracker,5
Crackers Woven Wheat Flavored (Triscuit),Snacks,441,8.94,70.14,15.26,1 cracker,5
Crackers Wheat,Snacks,441,8.94,70.14,15.26,1 cracker,3
Crackers Wheat Plain (Wheat Thins),Snacks,441,8.94,70.14,15.26,1 cracker,3
Crackers Wheat Flavored (Wheat Thins),Snacks,441,8.94,70.14,15.26,1 cracker,3
Corn Chips Plain,Snacks,534,6.12,56.45,33.1,1 chip,1
Corn Chips Flavored,Snacks,542,6.11,56.34,34.02,1 chip,1
Corn Chips Plain (Fritos),Snacks,538,6.17,56.9,33.36,1 chip,1
Corn Chips Flavored (Fritos),Snacks,535,6.14,56.62,33.19,1 chip,1
Cheese Flavored Corn Snacks,Snacks,560,5.85,53.53,36.01,1 piece,2
Cheese Flavored Corn Snacks (Cheetos),Snacks,560,5.85,53.53,36.01,1 piece,2
Corn Chips Reduced Sodium,Snacks,548,6.84,56.54,33.63,1 chip,1
Tortilla Chips Popped,Snacks,438,10.19,74.18,11.19,1 chip,2
Tortilla Chips Cool Ranch Flavor (Doritos),Snacks,470,7.06,67.44,20.58,1 chip,3
Tortilla Chips Reduced Fat Plain,Snacks,411,10.86,79.07,5.63,1 chip,2
Tortilla Chips Reduced Fat Flavored,Snacks,411,10.86,79.07,5.63,1 chip,2
Tortilla Chips Reduced Sodium,Snacks,489,9.35,68.08,19.84,1 chip,2
Snack Mix,Snacks,501,7,62.68,25.61,1 cup,60
Popcorn Nfs,Snacks,538,8.69,55.99,31.07,1 regular microwave bag,85
Popcorn Movie Theater With Added Butter,Snacks,656,4.96,31.65,58.78,1 kids size order,84
Popcorn Movie Theater Unbuttered,Snacks,603,6.18,39.87,48.7,1 kids size order,66
Popcorn Air-Popped Unbuttered,Snacks,385,12.89,77.47,4.52,1 cup/ popped,8
Popcorn Air-Popped With Added Butter Or Margarine,Snacks,425,11.02,65.75,14.87,1 cup/ popped,11
Popcorn Popped In Oil Unbuttered,Snacks,498,8.96,57.87,27.99,1 cup/ popped,11
Popcorn Popped In Oil With Added Butter Or Margarine,Snacks,520,7.69,49.13,34.77,1 cup/ popped,14
Popcorn Microwave Nfs,Snacks,538,8.69,55.99,31.07,1 regular microwave bag,85
Popcorn Microwave Plain,Snacks,538,8.69,55.99,31.07,1 regular microwave bag,85
Popcorn Microwave Plain Light,Snacks,421,12.51,71.5,9.43,1 regular microwave bag,85
Popcorn Microwave Low Sodium,Snacks,496,8.93,57.64,27.88,1 regular microwave bag,85
Popcorn Microwave Unsalted,Snacks,496,8.93,57.64,27.88,1 regular microwave bag,85
Popcorn Microwave Butter Flavored,Snacks,538,8.69,55.99,31.07,1 regular microwave bag,85
Popcorn Microwave Butter Flavored Light,Snacks,421,12.51,71.5,9.43,1 regular microwave bag,85
Popcorn Microwave Cheese Flavored,Snacks,536,8.65,55.77,30.95,1 regular microwave bag,85
Popcorn Microwave Kettle Corn,Snacks,516,9.88,58.26,27.06,1 regular microwave bag,85
Popcorn Microwave Kettle Corn Light,Snacks,422,12.35,72.38,9.31,1 regular microwave bag,85
Popcorn Microwave Other Flavored,Snacks,536,8.65,55.77,30.95,1 regular microwave bag,85
Popcorn Ready-To-Eat Packaged Nfs,Snacks,530,8.88,53.38,32.53,1 cup,14
Popcorn Ready-To-Eat Packaged Plain,Snacks,482,10.19,61.24,23.26,1 cup,11
Popcorn Ready-To-Eat Packaged Plain Light,Snacks,437,11.33,68.08,14.92,1 cup,8
Popcorn Ready-To-Eat Packaged Low Sodium,Snacks,486,10.27,61.73,23.44,1 cup,11
Popcorn Ready-To-Eat Packaged Unsalted,Snacks,486,10.27,61.73,23.44,1 cup,11
Popcorn Ready-To-Eat Packaged Butter Flavored,Snacks,530,8.88,53.38,32.53,1 cup,14
Popcorn Ready-To-Eat Packaged Butter Flavored Light,Snacks,435,11.28,67.78,14.85,1 cup,8
Popcorn Ready-To-Eat Packaged Cheese Flavored Light,Snacks,435,11.28,67.78,14.85,1 cup,8
Popcorn Ready-To-Eat-Packaged Kettle Corn,Snacks,527,5.48,61.11,30.13,1 cup,14
Popcorn Ready-To-Eat Packaged Kettle Corn Light,Snacks,433,8.94,73.49,13.01,1 cup,8
Popcorn Caramel Coated,Snacks,428,3.77,78.47,12.7,1 cup,35
Popcorn Caramel Coated With Nuts,Snacks,397,6.35,80.06,7.74,1 cup,42
Popcorn Chips Plain,Snacks,438,10.19,74.18,11.19,1 chip,1
Popcorn Chips Other Flavors,Snacks,438,10.19,74.18,11.19,1 chip,1
Popcorn Chips Sweet Flavors,Snacks,454,8.75,74.63,13.48,1 chip,1
Pretzels Hard Plain Lightly Salted,Snacks,382,9.57,79.8,3.22,1 miniature/bite size,2
Pretzels Hard Flavored,Snacks,388,9.92,79.44,3.88,1 miniature/bite size,2
Pretzels Hard Multigrain,Snacks,381,10.15,80.08,2.96,1 miniature/bite size,2
Pretzels Hard Flavored Gluten Free,Snacks,393,3.48,77.69,7.58,1 pretzel stick,1
Pretzel Chips Hard Plain,Snacks,375,9.8,78.43,2.86,1 pretzel chip/crisp/thin,3
Pretzel Chips Hard Flavored,Snacks,370,9.68,77.52,2.82,1 pretzel chip/crisp/thin,3
Pretzel Chips Hard Gluten Free,Snacks,380,3.43,76.7,6.51,1 pretzel chip/crisp/thin,3
Pretzels Hard White Chocolate Coated,Snacks,442,5.94,74.77,14.12,1 miniature/bite size,4
Pretzels Hard Yogurt Coated,Snacks,435,5.94,76.64,12.1,1 miniature/bite size,4
Pretzels Hard Coated Gluten Free,Snacks,449,3.76,75.14,15.5,1 miniature/bite size,4
Pretzels Hard Peanut Butter Filled,Snacks,454,14.04,60.79,19,1 miniature/bite size,3
Pretzels Soft Nfs,Snacks,341,8.07,68.23,4.03,1 bite size/nugget,14
Pretzels Soft Ready-To-Eat Nfs,Snacks,341,8.07,68.23,4.03,1 bite size/nugget,14
Pretzels Soft Ready-To-Eat Salted Buttered,Snacks,341,8.07,68.23,4.03,1 bite size/nugget,14
Pretzels Soft Ready-To-Eat Unsalted Buttered,Snacks,350,8.12,70.34,4.05,1 bite size/nugget,14
Pretzels Soft Ready-To-Eat Salted No Butter,Snacks,336,8.14,68.91,3.08,1 bite size/nugget,14
Pretzels Soft Ready-To-Eat Cinnamon Sugar Coated,Snacks,371,6.22,74.07,6.08,1 bite size/nugget,14
Pretzels Soft Ready-To-Eat Coated Or Flavored,Snacks,365,7.88,66.03,7.75,1 bite size/nugget,14
Pretzels Soft Ready-To-Eat Topped With Meat,Snacks,351,11.56,53.65,9.94,1 bite size/nugget,14
Pretzels Soft Ready-To-Eat Topped With Cheese,Snacks,338,10.23,62.5,5.28,1 bite size/nugget,14
Pretzels Soft From Frozen Nfs,Snacks,341,8.07,68.23,4.03,1 medium/regular,71
Pretzels Soft From Frozen Salted,Snacks,336,8.14,68.91,3.08,1 medium/regular,71
Pretzels Soft From Frozen Cinnamon Sugar Coated,Snacks,371,6.22,74.07,6.08,1 medium/regular,71
Pretzels Soft From Frozen Coated Or Flavored,Snacks,365,7.88,66.03,7.75,1 medium/regular,71
Pretzels Soft From Frozen Topped With Meat,Snacks,351,11.56,53.65,9.94,1 medium/regular,71
Pretzels Soft From Frozen Topped With Cheese,Snacks,338,10.23,62.5,5.28,1 medium/regular,71
Pretzels Soft Filled With Cheese,Snacks,338,10.23,62.5,5.28,1 medium/regular,99
Pretzels Soft From School Lunch,Snacks,339,8.55,70.73,3.16,1 medium/regular,71
Pretzels Soft Multigrain,Snacks,332,8.55,69.16,3.16,1 small,62
Pretzels Soft Gluten Free,Snacks,297,4.03,57.27,5.74,1 medium/regular,95
Pretzels Soft Gluten Free Cinnamon Sugar Coated,Snacks,336,3.1,63.83,8.07,1 medium/regular,95
Pretzels Soft Gluten Free Coated Or Flavored,Snacks,326,4.09,54.16,10.37,1 medium/regular,95
Snack Mix Plain (Chex Mix),Snacks,428,8.83,75.69,10,1 cup,60
Potato Chips Restructured Plain,Snacks,543,4.61,55.21,35.17,1 chip,2
Potato Chips Restructured Flavored,Snacks,542,4.59,55.05,35.07,1 chip,2
Potato Chips Baked Flavored,Snacks,467,4.97,71.04,18.11,1 chip,2
Potato Chips Reduced Fat,Snacks,482,7.03,67.13,20.59,1 chip,2
Potato Chips Fat Free,Snacks,482,7.03,67.13,20.59,1 chip,1
Potato Chips Unsalted,Snacks,537,6.25,59.66,30.3,1 chip,2
Potato Chips Lightly Salted,Snacks,559,6.71,53.43,35.32,1 chip,2
Potato Chips Restructured Lightly Salted,Snacks,559,6.71,53.43,35.32,1 chip,2
Potato Chips Popped Flavored,Snacks,467,4.97,71.04,18.11,1 chip,1
Potato Sticks Flavored,Snacks,517,6.63,52.77,34.06,10 sticks,3
Potato Sticks Fry Shaped,Snacks,517,6.63,52.77,34.06,10 sticks,3
Vegetable Chips,Snacks,495,4.72,59.2,26.56,1 chip,2
Sweet Potato Chips,Snacks,529,2.92,56.54,32.19,1 chip,2
