Yeast Extract Spread,Soups and Sauces,185,23.88,20.42,0.9,1 tsp,6
Soup Black Bean Canned Condensed,Soups and Sauces,91,4.83,15.42,1.32,1 cup (8 fl oz),257
Soup Bean With Pork Canned Condensed,Soups and Sauces,129,5.88,16.97,4.42,1/2 cup,130
Soup Bean With Frankfurters Canned Condensed,Soups and Sauces,142,7.6,16.75,5.31,1 cup (8 fl oz),263
Soup Bean With Ham Canned Chunky Ready-To-Serve,Soups and Sauces,95,5.19,11.16,3.5,1 cup (8 fl oz),243
Soup Chicken Canned Chunky Ready-To-Serve,Soups and Sauces,71,5.06,6.88,2.64,1 cup,245
Soup Cream Of Chicken Canned Condensed,Soups and Sauces,90,2.38,7.16,5.77,1/2 cup (4 fl oz),126
Soup Chicken Gumbo Canned Condensed,Soups and Sauces,45,2.1,6.67,1.14,1/2 cup (4 fl oz),126
Soup Chunky Chicken Noodle Canned Ready-To-Serve,Soups and Sauces,41,3.09,4.46,1.16,1 can,530
Soup Chicken Vegetable Canned Condensed,Soups and Sauces,61,2.94,7.01,2.32,1/2 cup,121
Soup Chili Beef Canned Condensed,Soups and Sauces,117,5.09,18.86,2.53,1 cup (8 fl oz),263
Manhattan Clam Chowder,Soups and Sauces,56,3.02,7.84,1.41,1 cup (8 fl oz),240
Soup Clam Chowder Manhattan Canned Condensed,Soups and Sauces,61,1.74,9.74,1.76,1/2 cup (4 fl oz),126
Soup Minestrone Canned Condensed,Soups and Sauces,68,3.48,9.17,2.05,1/2 cup (4 fl oz),123
Soup Mushroom Barley Canned Condensed,Soups and Sauces,61,1.5,9.6,1.8,1/2 cup (4 fl oz),126
Soup Cream Of Mushroom Canned Condensed,Soups and Sauces,79,1.35,6.8,5.3,1/2 cup,126
Soup Mushroom With Beef Stock Canned Condensed,Soups and Sauces,68,2.51,7.41,3.21,1/2 cup (4 fl oz),126
Soup Pea Split With Ham Canned Condensed,Soups and Sauces,141,7.68,20.81,3.28,1/2 cup (4 fl oz),135
Soup Cream Of Potato Canned Condensed,Soups and Sauces,74,1.51,12.79,1.88,1/2 cup,124
Soup Cream Of Shrimp Canned Condensed,Soups and Sauces,72,2.22,6.53,4.14,1/2 cup,126
Soup Tomato Beef With Noodle Canned Condensed,Soups and Sauces,112,3.55,16.87,3.42,1 cup (8 fl oz),251
Soup Vegetarian Vegetable Canned Condensed,Soups and Sauces,59,1.72,9.78,1.58,1/2 cup,126
Soup Chunky Beef Canned Ready-To-Serve,Soups and Sauces,66,3.97,10.08,1.11,1 cup,245
Soup Vegetable Beef Canned Condensed,Soups and Sauces,63,4.45,8.11,1.51,1/2 cup,126
Soup Vegetable With Beef Broth Canned Condensed,Soups and Sauces,66,2.42,10.7,1.56,1/2 cup,123
Soup Onion Dry Mix,Soups and Sauces,293,7.48,65.07,0.34,1 serving 1 tbsp,7.5
Soup Cream Of Vegetable Dry Powder,Soups and Sauces,446,8,52.1,24.1,1 packet,18
Sauce Teriyaki Ready-To-Serve,Soups and Sauces,89,5.93,15.56,0.02,1 tbsp,18
Gravy Au Jus Canned,Soups and Sauces,16,1.2,2.5,0.2,1/4 cup,59
Gravy Au Jus Dry,Soups and Sauces,313,9.2,47.49,9.63,1 tsp,3
Gravy Mushroom Canned,Soups and Sauces,50,1.26,5.47,2.71,1 cup,238
Gravy Mushroom Dry Powder,Soups and Sauces,328,10,64.66,4,1 cup (8 fl oz),21
Gravy Onion Dry Mix,Soups and Sauces,322,9,67.64,3,1 cup (8 fl oz),24
Gravy Pork Dry Powder,Soups and Sauces,367,8.78,63.57,8.63,1 serving,6.7
Sauce Sofrito Prepared From Recipe,Soups and Sauces,237,12.8,5.46,18.2,1/2 cup,103
Soup Beef Mushroom Canned Condensed,Soups and Sauces,61,4.6,5.2,2.4,1/2 cup (4 fl oz),126
Soup Tomato Canned Prepared With Equal Volume Water Commercial,Soups and Sauces,32,0.71,7.45,0.21,1 serving 1 cup,248
Soup Ramen Noodle Any Flavor Dry,Soups and Sauces,440,10.17,60.26,17.59,1 package without flavor packet,81
Soup Broccoli Cheese Canned Condensed Commercial,Soups and Sauces,87,2.1,7.7,5.3,1 serving 1/2 cup,121
Soup Swanson Beef Broth Lower Sodium,Soups and Sauces,6,1.2,0.21,0.08,1 cup,213
Soup Swanson Vegetable Broth,Soups and Sauces,6,0.23,1.02,0.07,1 cup,220
Smart Soup Indian Bean Masala,Soups and Sauces,57,3.3,10.5,0.88,10 oz 1 pouch,283
Smart Soup Moroccan Chick Pea,Soups and Sauces,51,2,9.7,1.06,10 oz 1 pouch,283
Smart Soup Thai Coconut Curry,Soups and Sauces,36,0.8,6.5,1.06,10 oz 1 pouch,283
Smart Soup Vietnamese Carrot Lemongrass,Soups and Sauces,44,1.3,8.2,1.06,10 oz 1 pouch,283
Sauce Pesto Mezzetta Napa Valley Bistro Basil Pesto Ready-To-Serve,Soups and Sauces,496,6.69,5.12,49.88,1/4 cup,60
Sriracha,Soups and Sauces,93,1.93,19.16,0.93,1 tsp,6.5
Sauce Hot Chile Sriracha Cha! By Texas Pete,Soups and Sauces,108,2.02,22.73,0.98,1 tsp,6.9
Sauce Hot Chile Sriracha Tuong Ot Sriracha,Soups and Sauces,79,1.86,15.87,0.9,1 tsp,6.2
Soup Vegetable Beef Microwavable Ready-To-Serve Single Brand,Soups and Sauces,44,6.2,3.3,0.7,1 serving,292
Soup Beef And Vegetables Canned Ready-To-Serve,Soups and Sauces,48,3.18,6.16,1.16,1 cup,250
Sauce Cheese Ready-To-Serve,Soups and Sauces,174,6.71,6.83,13.29,1/4 cup,63
Pasta Sauce,Soups and Sauces,50,1.39,7.43,1.61,1 serving 1/2 cup,132
Soup Cream Of Asparagus Canned Condensed,Soups and Sauces,69,1.82,8.52,3.26,1/2 cup (4 fl oz),126
Soup Beef Broth Or Bouillon Canned Ready-To-Serve,Soups and Sauces,7,1.14,0.04,0.22,1 cup,240
Soup Beef Noodle Canned Condensed,Soups and Sauces,67,3.85,7.16,2.46,1/2 cup,125
Soup Cream Of Celery Canned Condensed,Soups and Sauces,72,1.32,7.03,4.46,1/2 cup,126
Soup Cheese Canned Condensed,Soups and Sauces,82,0.8,11.3,3.92,1/2 cup,124
Soup Chicken Broth Canned Condensed,Soups and Sauces,31,4.42,0.75,1.04,1/2 cup (4 fl oz),126
Soup Chicken Noodle Canned Condensed,Soups and Sauces,48,2.37,6.07,1.55,1/2 cup,124
Soup Chicken Rice Canned Chunky Ready-To-Serve,Soups and Sauces,53,5.11,5.41,1.33,1 cup,240
Soup Chicken With Rice Canned Condensed,Soups and Sauces,68,1.84,11.57,1.56,1/2 cup,126
Soup Chicken And Vegetable Canned Ready-To-Serve,Soups and Sauces,33,1.97,4.68,0.73,1 cup,255
Soup Clam Chowder New England Canned Condensed,Soups and Sauces,72,3.17,10.32,2.06,1/2 cup,126
Soup Beef Broth Bouillon And Consomme Canned Condensed,Soups and Sauces,11,2.52,0.32,0,1/2 cup,124
Soup Lentil With Ham Canned Ready-To-Serve,Soups and Sauces,56,3.74,8.16,1.12,1 cup (8 fl oz),248
Canned Minestrone,Soups and Sauces,53,2.13,8.64,1.17,1 cup,240
Soup Onion Canned Condensed,Soups and Sauces,46,3.06,6.68,1.42,1/2 cup (4 fl oz),123
Soup Cream Of Onion Canned Condensed,Soups and Sauces,88,2.2,10.4,4.2,1/2 cup,126
Soup Oyster Stew Canned Condensed,Soups and Sauces,48,1.72,3.32,3.13,1/2 cup (4 fl oz),123
Soup Pea Green Canned Condensed,Soups and Sauces,125,6.54,20.18,2.23,1/2 cup,128
Soup Pea Split With Ham Canned Chunky Ready-To-Serve,Soups and Sauces,77,4.62,11.17,1.66,1 cup,240
Campbells Red And White Chicken Noodle Soup Condensed,Soups and Sauces,47,2.37,5.97,1.53,1/2 cup,123
Soup Tomato Rice Canned Condensed,Soups and Sauces,93,1.64,17.08,2.12,1/2 cup (4 fl oz),129
Soup Turkey Chunky Canned Ready-To-Serve,Soups and Sauces,57,4.33,5.96,1.87,1 cup (8 fl oz),236
Soup Chunky Vegetable Canned Ready-To-Serve,Soups and Sauces,39,1.14,7.9,0.36,1 cup,230
Soup Beef Broth Or Bouillon Powder Dry,Soups and Sauces,213,15.97,17.4,8.89,1 cube,3.6
Soup Beef Broth Cubed Dry,Soups and Sauces,170,17.3,16.1,4,1 cube,3.6
Soup Chicken Broth Or Bouillon Dry,Soups and Sauces,267,16.66,18.01,13.88,1 cube,4
Soup Chicken Broth Cubes Dry,Soups and Sauces,198,14.6,23.5,4.7,1 cube,4.8
Gravy Beef Canned Ready-To-Serve,Soups and Sauces,53,3.75,4.81,2.36,1 cup,233
Gravy Brown Dry,Soups and Sauces,367,10.74,59.38,9.61,1 tbsp,6
Gravy Chicken Canned Or Bottled Ready-To-Serve,Soups and Sauces,48,0.71,5.29,2.62,1/4 cup,57
Gravy Chicken Dry,Soups and Sauces,381,11.27,62.09,9.73,1 tbsp,8
Gravy Turkey Canned Ready-To-Serve,Soups and Sauces,51,2.6,5.1,2.1,1 cup,238
Gravy Turkey Dry,Soups and Sauces,367,10.42,65.12,7.19,1 serving,7
Gravy Unspecified Type Dry,Soups and Sauces,344,13,58,8,1 cup (8 fl oz),25
Soup Chicken Noodle Dry Mix,Soups and Sauces,377,15.42,62.32,6.51,1 packet,74
Soup Beef Mushroom Canned Prepared With Equal Volume Water,Soups and Sauces,30,2.37,2.6,1.23,1 cup (8 fl oz),244
Soup Chicken Mushroom Canned Prepared With Equal Volume Water,Soups and Sauces,54,1.8,3.8,3.75,1 cup (8 fl oz),244
Soup Tomato Bisque Canned Prepared With Equal Volume Water,Soups and Sauces,50,0.92,9.6,1.02,1 cup (8 fl oz),247
Sauce Peanut Made From Coconut Water Sugar Peanuts,Soups and Sauces,179,2.02,28.46,6.34,1 tbsp,17
Smart Soup Santa Fe Corn Chowder,Soups and Sauces,55,2,11.2,0.71,10 oz 1 pouch,283
Smart Soup French Lentil,Soups and Sauces,53,2.9,9.5,1.06,10 oz 1 pouch,283
Smart Soup Greek Minestrone,Soups and Sauces,40,1.7,8.4,0.53,10 oz 1 pouch,283
Pesto,Soups and Sauces,418,9.83,10.09,37.6,1/4 cup,63
Sauce Pesto Ready-To-Serve Shelf Stable,Soups and Sauces,426,5,6.14,42.42,1/4 cup,61
Sauce Pesto Buitoni Pesto With Basil Ready-To-Serve Refrigerated,Soups and Sauces,418,9.83,10.09,37.6,1/4 cup,63
Sauce Pesto Classico Basil Pesto Ready-To-Serve,Soups and Sauces,372,4.16,6.93,36.38,1/4 cup,62
Vegetable Broth,Soups and Sauces,5,0.24,0.93,0.07,1 cup,221
Sauce Cheese Sauce Mix Dry,Soups and Sauces,438,7.68,60.52,18.33,No data available,No data available
Soup Chicken Corn Chowder Chunky Ready-To-Serve Single Brand,Soups and Sauces,99,3.1,7.5,6.3,1 serving,240
Soup Bean With Bacon Condensed Single Brand,Soups and Sauces,117,6.5,18,2.1,1 serving 1/2 cup,128
Soup Tomato Canned Condensed Reduced Sodium,Soups and Sauces,65,1.61,13.41,0.56,1 serving 1/2 cup,121
Gravy Brown Instant Dry,Soups and Sauces,380,8.53,59.78,11.85,1 serving,6.7
Gravy Instant Beef Dry,Soups and Sauces,369,9.8,61.1,9.48,1 serving,6.7
Gravy Instant Turkey Dry,Soups and Sauces,409,11.72,57.56,14.66,1 serving,6.7
Soup Tomato Low Sodium With Water,Soups and Sauces,30,0.79,6.57,0.28,1 serving 1 cup,248
Soup Pea Low Sodium Prepared With Equal Volume Water,Soups and Sauces,62,3.2,9.88,1.09,1 cup,259
Soup Chicken Noodle Low Sodium Canned Prepared With Equal Volume Water,Soups and Sauces,25,1.27,2.95,0.95,1 serving 1 cup,248
Soup Vegetable Soup Condensed Low Sodium Prepared With Equal Volume Water,Soups and Sauces,33,1.1,6.06,0.45,1 cup,253
Sauce Tomato Chili Sauce Bottled With Salt,Soups and Sauces,92,2.5,19.79,0.3,1 packet,6
Soup Vegetable Chicken Canned Prepared With Water Low Sodium,Soups and Sauces,69,5.1,8.76,2,1 cup,241
Sauce Pasta Spaghetti/marinara Ready-To-Serve Low Sodium,Soups and Sauces,51,1.41,8.06,1.48,1 serving 1/2 cup,128
Gravy Meat Or Poultry Low Sodium Prepared,Soups and Sauces,53,3.8,6.16,2.4,1 cup,236
Gravy Heinz Home Style Savory Beef,Soups and Sauces,39,1.09,6.24,1.13,1 serving 1/4 cup 2 oz,57
Gravy Campbells Chicken,Soups and Sauces,51,0.79,5.87,2.73,1/4 cup,56
Soup Cream Of Chicken Canned Condensed Reduced Sodium,Soups and Sauces,58,1.8,9.5,1.3,1/2 cup,124
Sauce Alfredo Mix Dry,Soups and Sauces,535,15.32,36.52,36.35,No data available,No data available
Sauce Peppers Hot Chili Mature Red Canned,Soups and Sauces,21,0.9,3.9,0.6,1 tbsp,15
Sauce Chili Peppers Hot Immature Green Canned,Soups and Sauces,20,0.7,5,0.1,1 tbsp,15
Fish Broth,Soups and Sauces,16,2,0.4,0.6,1 cup,244
Soup Cream Of Mushroom Low Sodium Ready-To-Serve Canned,Soups and Sauces,53,1,4.53,3.7,1 cup,244
Potato Soup Instant Dry Mix,Soups and Sauces,343,9.2,76.14,3.1,1 serving 1/3 cup,39
Soup Chicken Broth Low Sodium Canned,Soups and Sauces,16,2,1.2,0.6,1 cup,240
Worcestershire Sauce,Soups and Sauces,77,0,19.17,0,1 tbsp,17
Soup Beef And Mushroom Low Sodium Chunk Style,Soups and Sauces,69,4.3,9.58,2.3,1 cup,251
Soup Beef Stroganoff Canned Chunky Style Ready-To-Serve,Soups and Sauces,98,5.1,9,4.6,1 cup,240
Soup Bouillon Cubes And Granules Low Sodium Dry,Soups and Sauces,438,16.7,64.88,13.89,1 tsp,2.6
Soup Ramen Noodle Beef Flavor Dry,Soups and Sauces,441,10.06,60.34,17.73,1 package without flavor packet,82
Soup Ramen Noodle Chicken Flavor Dry,Soups and Sauces,439,10.22,60.23,17.52,1 package without flavor packet,81
Soup Wonton Chinese Restaurant,Soups and Sauces,32,2.08,5.25,0.26,1 cup,223
Soup Ramen Noodle Dry Any Flavor Reduced Fat Reduced Sodium,Soups and Sauces,350,10.89,70.95,2.5,1 (2/5) oz dry (half noodle block),40
Sauce Duck Ready-To-Serve,Soups and Sauces,245,0.36,60.66,0.13,2 tbsp,33
Sauce Salsa Verde Ready-To-Serve,Soups and Sauces,38,1.13,6.36,0.89,2 tbsp,30
Sauce Steak Tomato Based,Soups and Sauces,95,1.25,22.04,0.23,2 tbsp,34
Sauce Tartar Ready-To-Serve,Soups and Sauces,211,1,13.3,16.7,2 tablespoons,30
Sauce Barbecue Sweet Baby Rays Original,Soups and Sauces,192,0.95,46.08,0.43,1 tbsp,18
Sauce Barbecue Bulls-Eye Original,Soups and Sauces,170,0.91,39.95,0.67,1 tbsp,16
Sauce Barbecue Kc Masterpiece Original,Soups and Sauces,160,1,37.92,0.52,1 tbsp,18
Sauce Barbecue Open Pit Original,Soups and Sauces,132,0.44,29.45,1.41,1 tbsp,17
Wasabi,Soups and Sauces,292,2.23,46.13,10.9,1 tablespoon,20
Dip Bean Original Flavor,Soups and Sauces,119,5.44,15.89,3.7,2 tbsp,36
Sauce Horseradish,Soups and Sauces,503,1.09,10.05,50.89,1 tsp,5.6
Dip Fritos Bean Original Flavor,Soups and Sauces,119,5.44,15.89,3.7,2 tbsp,36
Sauce Plum Ready-To-Serve,Soups and Sauces,184,0.89,42.81,1.04,1 tbsp,19
Canned Pizza Sauce,Soups and Sauces,54,2.18,8.66,1.15,1/4 cup,63
Soup Tomato Bisque Canned Condensed,Soups and Sauces,96,1.76,18.47,1.95,1/2 cup (4 fl oz),129
Soup Tomato Canned Condensed,Soups and Sauces,66,1.46,15.22,0.44,1 cup,148
Beef Stock,Soups and Sauces,13,1.97,1.2,0.09,1 cup,240
Chicken Stock,Soups and Sauces,36,2.52,3.53,1.2,1 cup,240
Fish Stock,Soups and Sauces,16,2.26,0,0.81,1 cup,233
Hoisin Sauce,Soups and Sauces,220,3.31,44.08,3.39,1 tbsp,16
Soup Cream Of Mushroom Canned Condensed Reduced Sodium,Soups and Sauces,52,1.21,8.1,1.69,1 cup,251
Soup Chicken Broth Less/reduced Sodium Ready To Serve,Soups and Sauces,7,1.36,0.38,0,1 cup,240
Soup Beef Broth Less/reduced Sodium Ready To Serve,Soups and Sauces,6,1.14,0.2,0.07,1 cup,219
Teriyaki Sauce,Soups and Sauces,89,5.93,15.58,0.02,2 tbsp,36
Soup Cream Of Asparagus Canned Prepared With Equal Volume Milk,Soups and Sauces,65,2.55,6.61,3.3,1 cup (8 fl oz),248
Soup Chicken Vegetable With Potato And Cheese Chunky Ready-To-Serve,Soups and Sauces,65,1.16,5.2,4.46,1 cup,245
Soup Cream Of Celery Canned Prepared With Equal Volume Milk,Soups and Sauces,66,2.29,5.86,3.91,1 cup (8 fl oz),248
Soup Cheese Canned Prepared With Equal Volume Milk,Soups and Sauces,92,3.77,6.47,5.8,1 cup,251
Soup Oyster Stew Canned Prepared With Equal Volume Milk,Soups and Sauces,55,2.51,3.99,3.24,1 cup (8 fl oz),245
Soup Pea Green Canned Prepared With Equal Volume Milk,Soups and Sauces,94,4.97,12.69,2.77,1 cup (8 fl oz),254
Soup Cream Of Potato Canned Prepared With Equal Volume Milk,Soups and Sauces,60,2.33,6.92,2.6,1 cup (8 fl oz),248
Soup Cream Of Shrimp Canned Prepared With Equal Volume Low Fat (2%) Milk,Soups and Sauces,61,2.78,5.64,3.23,1 cup (8 fl oz),253
Soup Healthy Choice Chicken And Rice Soup Canned,Soups and Sauces,37,2.53,5.71,0.55,1 serving 1 cup,240
Soup Healthy Choice Garden Vegetable Soup Canned,Soups and Sauces,51,2.13,10.04,0.21,1 serving 1 cup,246
Campbells Cream Of Mushroom Soup Condensed,Soups and Sauces,81,1.29,6.59,5.5,1/2 cup condensed,129
Soup Tomato Bisque Canned Prepared With Equal Volume Milk,Soups and Sauces,79,2.51,11.73,2.63,1 cup (8 fl oz),251
Black Bean Soup,Soups and Sauces,46,2.42,7.71,0.66,1 cup,247
Soup Bean With Pork Canned Prepared With Equal Volume Water,Soups and Sauces,63,2.88,8.31,2.16,1 serving 1 cup,266
Soup Bean With Frankfurters Canned Prepared With Equal Volume Water,Soups and Sauces,75,3.99,8.8,2.79,1 cup (8 fl oz),250
Soup Beef Noodle Canned Prepared With Equal Volume Water,Soups and Sauces,34,1.93,3.58,1.23,1 cup (8 fl oz),244
Soup Cream Of Celery Canned Prepared With Equal Volume Water,Soups and Sauces,37,0.68,3.62,2.29,1 cup,248
Soup Chicken Gumbo Canned Prepared With Equal Volume Water,Soups and Sauces,23,1.08,3.43,0.59,1 cup,244
Soup Chicken Noodle Canned Prepared With Equal Volume Water,Soups and Sauces,24,1.16,2.97,0.76,1 serving 1 cup,248
Soup Chicken With Rice Canned Prepared With Equal Volume Water,Soups and Sauces,24,1.45,2.92,0.78,1 serving 1 cup,243
Soup Chili Beef Canned Prepared With Equal Volume Water,Soups and Sauces,57,2.49,9.23,1.24,1 cup,261
Campbells Chunky Soups Old Fashioned Vegetable Beef Soup,Soups and Sauces,49,3.16,6.24,1.23,1 cup,247
Minestrone,Soups and Sauces,34,1.77,4.66,1.04,1 cup (8 fl oz),241
Mushroom Barley Soup,Soups and Sauces,30,0.77,4.8,0.93,1 cup (8 fl oz),244
Cream Of Mushroom Soup,Soups and Sauces,39,0.66,3.33,2.59,1 serving 1 cup,248
Soup Pea Split With Ham Canned Prepared With Equal Volume Water,Soups and Sauces,75,4.08,11.05,1.74,1 cup (8 fl oz),253
Soup Cream Of Potato Canned Prepared With Equal Volume Water,Soups and Sauces,30,0.72,4.7,0.97,1 cup (8 fl oz),244
Soup Cream Of Shrimp Canned Prepared With Equal Volume Water,Soups and Sauces,36,1.11,3.27,2.07,1 cup,244
Soup Tomato Beef With Noodle Canned Prepared With Equal Volume Water,Soups and Sauces,56,1.78,8.44,1.71,1 cup,244
Soup Tomato Rice Canned Prepared With Equal Volume Water,Soups and Sauces,47,0.82,8.54,1.06,1 cup,247
Soup Vegetable With Beef Broth Canned Prepared With Equal Volume Water,Soups and Sauces,33,1.21,5.35,0.78,1 cup (8 fl oz),241
Soup Beef Broth Or Bouillon Powder Prepared With Water,Soups and Sauces,3,0.21,0.25,0.08,1 serving 1 cup,240
Soup Beef Broth Cubed Prepared With Water,Soups and Sauces,3,0.21,0.25,0.08,1 serving 1 cup,240
Soup Chicken Broth Or Bouillon Dry Prepared With Water,Soups and Sauces,4,0.28,0.3,0.23,1 cup 8 fl oz,241
Soup Chicken Noodle Dry Mix Prepared With Water,Soups and Sauces,23,0.84,3.67,0.55,1 cup,245
Soup Clam Chowder New England Canned Ready-To-Serve,Soups and Sauces,79,2.61,8.28,3.94,1 cup,254
Soup Clam Chowder New England Reduced Sodium Canned Ready-To-Serve,Soups and Sauces,70,2.33,5.68,4.23,1 can,519
Soup Chicken Noodle Reduced Sodium Canned Ready-To-Serve,Soups and Sauces,41,3.29,3.84,1.34,1 cup,245
Soup Beef And Vegetables Reduced Sodium Canned Ready-To-Serve,Soups and Sauces,42,3.26,4.99,0.95,1 cup,245
Sauce Sweet And Sour Ready-To-Serve,Soups and Sauces,154,0.27,38.22,0.02,2 tbsp,35
Sauce Cocktail Ready-To-Serve,Soups and Sauces,128,1.36,28.22,1.05,1/4 cup,60
Dip Salsa Con Queso Cheese And Salsa- Medium,Soups and Sauces,143,3.14,11.14,9.51,2 tbsp,30
Dip Tostitos Salsa Con Queso Medium,Soups and Sauces,133,2.92,11.72,8.26,2 tbsp,30
Sauce Peanut Made From Peanut Butter Water Soy Sauce,Soups and Sauces,257,6.31,22.02,16.02,1 tbsp,18
Soup Chunky Vegetable Reduced Sodium Canned Ready-To-Serve,Soups and Sauces,50,1.16,10.28,0.51,1 cup,240
Gravy Heinz Home Style Classic Chicken,Soups and Sauces,46,0.67,5.01,2.57,1/4 cup,58
Soup Beef Barley Ready To Serve,Soups and Sauces,52,2.81,7.94,0.96,1 cup,208
Sauce Enchilada Red Mild Ready To Serve,Soups and Sauces,30,0.62,4.87,0.91,1/4 cup,56
Soup Chicken Mushroom Canned Condensed,Soups and Sauces,100,1.61,11.95,4.84,1/2 cup,124
Barbecue Sauce,Soups and Sauces,172,0.82,40.77,0.63,1 tbsp,17
Sauce Salsa Ready-To-Serve,Soups and Sauces,29,1.52,6.64,0.17,2 tbsp,36
Sauce Homemade White Medium,Soups and Sauces,147,3.84,9.17,10.63,1 cup,250
Sauce Homemade White Thick,Soups and Sauces,186,3.99,11.61,13.83,1 cup,250
Hot Sauce,Soups and Sauces,11,0.51,1.75,0.37,1 tsp,4.7
Tabasco Sauce,Soups and Sauces,12,1.29,0.8,0.76,1 tsp,4.7
Osyter Sauce,Soups and Sauces,51,1.35,10.92,0.25,1 tbsp,18
Low Sodium Minestrone,Soups and Sauces,50,2,9,0.8,1 cup,245
Sauce Fish Ready-To-Serve,Soups and Sauces,35,5.06,3.64,0.01,1 tbsp,18
Soup Shark Fin Restaurant-Prepared,Soups and Sauces,46,3.2,3.8,2,1 cup,216
Soup Bean & Ham Canned Reduced Sodium Prepared With Water Or Ready-To-Serve,Soups and Sauces,81,4.19,13.66,1.03,1 cup,245
Split Pea Soup Canned Reduced Sodium Prepared With Water Or Ready-To Serve,Soups and Sauces,71,3.85,11.83,0.92,1 cup,253
Split Pea With Ham Soup Canned Reduced Sodium Prepared With Water Or Ready-To-Serve,Soups and Sauces,68,4,11.4,0.7,1 cup,245
Soup Chicken Broth Ready-To-Serve,Soups and Sauces,6,0.64,0.44,0.21,1 cup,249
Soup Cream Of Chicken Canned Prepared With Equal Volume Milk,Soups and Sauces,77,3.01,6.04,4.62,1 cup (8 fl oz),248
Soup Vegetable Canned Low Sodium Condensed,Soups and Sauces,65,2.2,12.11,0.9,1/2 cup,126
Soup Clam Chowder New England Canned Prepared With Equal Volume Low Fat (2%) Milk,Soups and Sauces,61,3.24,7.46,2.02,1 serving 1 cup,252
Soup Cream Of Mushroom Canned Prepared With Equal Volume Low Fat (2%) Milk,Soups and Sauces,65,2.36,5.76,3.58,1 serving 1 cup,252
Soup Cream Of Onion Canned Prepared With Equal Volume Milk,Soups and Sauces,75,2.74,7.4,3.78,1 cup (8 fl oz),248
Sauce White Thin Prepared-From-Recipe With Butter,Soups and Sauces,72,3.95,8.29,2.56,No data available,No data available
Sauce Sweet And Sour Prepared-From-Recipe,Soups and Sauces,79,1.84,16.72,0.58,No data available,No data available
Sauce Barbecue Kraft Original,Soups and Sauces,172,0.74,40.77,0.62,1 tbsp,16
Soup Healthy Choice Chicken Noodle Soup Canned,Soups and Sauces,41,3.69,5.2,0.63,1 serving 1 cup,243
Soup Tomato Canned Prepared With Equal Volume Low Fat (2%) Milk,Soups and Sauces,55,2.42,9.82,1.24,1 serving 1 cup,252
Campbells Tomato Soup Condensed,Soups and Sauces,71,1.46,15.22,0.44,1/2 cup condensed,124
Campbells Chunky Classic Chicken Noodle Soup,Soups and Sauces,47,3.41,5.41,1.3,1 cup,243
Cream Of Asparagus Soup,Soups and Sauces,35,0.94,4.38,1.68,1 cup (8 fl oz),244
Soup Cheese Canned Prepared With Equal Volume Water,Soups and Sauces,63,2.19,4.26,4.24,1 cup (8 fl oz),247
Soup Chicken Broth Canned Prepared With Equal Volume Water,Soups and Sauces,16,2.02,0.38,0.57,1 cup (8 fl oz),244
Campbells Beef Barley Soup,Soups and Sauces,56,2.89,8.98,0.92,1 cup,206
Cream Of Chicken Soup,Soups and Sauces,48,1.41,3.8,3.02,1 cup,244
Manhattan Clam Chowder (Prepared With Equal Part Water),Soups and Sauces,30,0.85,4.77,0.86,1 serving 1 cup,249
New England Clam Chowder,Soups and Sauces,35,1.55,5.05,1.01,1 serving 1 cup,248
Campbells Chunky New England Clam Chowder,Soups and Sauces,81,2.46,9.01,3.85,1 cup,251
Beef Broth From Bouillon,Soups and Sauces,12,2.22,0.73,0,1 cup (8 fl oz),241
Soup Mushroom With Beef Stock Canned Prepared With Equal Volume Water,Soups and Sauces,35,1.29,3.81,1.65,1 cup (8 fl oz),244
Soup Cream Of Onion Canned Prepared With Equal Volume Water,Soups and Sauces,44,1.13,5.2,2.16,1 cup (8 fl oz),244
Soup Oyster Stew Canned Prepared With Equal Volume Water,Soups and Sauces,24,0.87,1.69,1.59,1 cup (8 fl oz),241
Soup Pea Green Canned Prepared With Equal Volume Water,Soups and Sauces,61,3.2,9.88,1.09,1 serving 1 cup,259
Soup Turkey Noodle Canned Prepared With Equal Volume Water,Soups and Sauces,28,1.6,3.54,0.82,1 cup,244
Soup Turkey Vegetable Canned Prepared With Equal Volume Water,Soups and Sauces,30,1.28,3.58,1.26,1 cup (8 fl oz),241
Vegetable Soup,Soups and Sauces,28,0.86,4.89,0.79,1 cup,241
Soup Vegetable Beef Canned Prepared With Equal Volume Water,Soups and Sauces,31,2.23,4.06,0.76,1 cup (8 fl oz),244
Soup Chicken Broth Cubes Dry Prepared With Water,Soups and Sauces,5,0.39,0.62,0.12,1 cup (8 fl oz),243
Soup Cream Of Chicken Dry Mix Prepared With Water,Soups and Sauces,41,0.68,5.11,2.04,1 cup 8 fl oz,261
Soup Onion Dry Mix Prepared With Water,Soups and Sauces,12,0.32,2.77,0.01,1 serving 1 cup,230
Soup Tomato Dry Mix Prepared With Water,Soups and Sauces,38,0.93,7.17,0.61,1 cup 8 fl oz,265
Soup Egg Drop Chinese Restaurant,Soups and Sauces,27,1.16,4.29,0.61,1 cup,241
Soup Hot And Sour Chinese Restaurant,Soups and Sauces,39,2.58,4.35,1.21,1 cup,233
Chipotle Dip Yogurt Based,Soups and Sauces,189,7.93,3.33,15.99,1 tablespoon,15
Dill Dip Yogurt Based,Soups and Sauces,191,8.16,3.72,16.03,1 tablespoon,15
Onion Dip Yogurt Based,Soups and Sauces,158,6.76,3.73,12.89,1 tablespoon,15
Ranch Dip Yogurt Based,Soups and Sauces,195,8.48,4.13,16.09,1 tablespoon,15
Spinach Dip Yogurt Based,Soups and Sauces,158,7.01,3.59,12.95,1 tablespoon,15
Tzatziki Dip,Soups and Sauces,92,5.35,3.95,6.31,1 tablespoon,15
Vegetable Dip Yogurt Based,Soups and Sauces,191,8.16,3.72,16.03,1 tablespoon,15
Dip Nfs,Soups and Sauces,433,2.24,3.49,45.84,1 tablespoon,15
Chipotle Dip Regular,Soups and Sauces,427,1.69,2.7,45.74,1 tablespoon,15
Chipotle Dip Light,Soups and Sauces,194,1.82,13.22,15.13,1 tablespoon,15
Dill Dip Regular,Soups and Sauces,429,1.92,3.08,45.78,1 tablespoon,15
Dill Dip Light,Soups and Sauces,197,2.04,13.58,15.18,1 tablespoon,15
Onion Dip Regular,Soups and Sauces,345,1.86,3.23,36.27,1 tablespoon,15
Onion Dip Light,Soups and Sauces,163,1.95,11.57,12.33,1 tablespoon,15
Ranch Dip Regular,Soups and Sauces,433,2.24,3.49,45.84,1 tablespoon,15
Ranch Dip Light,Soups and Sauces,200,2.35,13.97,15.23,1 tablespoon,15
Spinach Dip Regular,Soups and Sauces,345,2.1,3.09,36.33,1 tablespoon,15
Spinach Dip Light,Soups and Sauces,164,2.19,11.44,12.38,1 tablespoon,15
Vegetable Dip Regular,Soups and Sauces,429,1.92,3.08,45.78,1 tablespoon,15
Vegetable Dip Light,Soups and Sauces,197,2.04,13.58,15.18,1 tablespoon,15
White Sauce Milk Sauce,Soups and Sauces,147,3.7,9.19,10.76,1 cup,250
Milk Gravy Quick Gravy,Soups and Sauces,136,3.88,8.54,9.59,1 cup,250
Artichoke Dip,Soups and Sauces,330,3.6,5.2,33.13,1 tablespoon,15
Spinach And Artichoke Dip,Soups and Sauces,329,3.95,4.5,33.22,1 tablespoon,15
Seafood Dip,Soups and Sauces,338,5.89,3.99,33.24,1 tablespoon,15
Cheese Dip,Soups and Sauces,160,3.24,7.66,13.02,1 tablespoon,15
Cheese Fondue,Soups and Sauces,276,19.3,1.93,21.19,1 tablespoon,13
Welsh Rarebit,Soups and Sauces,163,7.34,6.44,12.03,1 tablespoon,15
Cheese Sauce,Soups and Sauces,160,3.24,7.66,13.02,1 cup,243
Cheese Sauce Made With Lowfat Cheese,Soups and Sauces,125,6.83,7.05,7.72,1 cup,243
Alfredo Sauce,Soups and Sauces,147,2.68,0.99,15.01,1 cup,260
Alfredo Sauce With Added Vegetables,Soups and Sauces,118,2.37,1.93,11.56,1 cup,260
Alfredo Sauce With Meat,Soups and Sauces,168,6.96,0.8,15.35,1 cup,260
Alfredo Sauce With Meat And Added Vegetables,Soups and Sauces,145,6.72,1.57,12.54,1 cup,260
Alfredo Sauce With Poultry,Soups and Sauces,152,7.35,0.8,13.5,1 cup,260
Alfredo Sauce With Poultry And Added Vegetables,Soups and Sauces,128,7.1,1.57,10.69,1 cup,260
Alfredo Sauce With Seafood,Soups and Sauces,142,6.36,1.36,12.47,1 cup,260
Alfredo Sauce With Seafood And Added Vegetables,Soups and Sauces,119,6.12,2.12,9.67,1 cup,260
Cheddar Cheese Soup Home Recipe Canned Or Ready-To-Serve,Soups and Sauces,67,2.02,8.11,2.99,1 cup,251
Beer Cheese Soup Made With Milk,Soups and Sauces,192,6.1,6.64,15.33,1 cup,245
Spaghetti Sauce With Poultry,Soups and Sauces,73,6.3,6.04,2.61,1 cup,260
Spaghetti Sauce With Poultry And Added Vegetables,Soups and Sauces,68,6.3,5.57,2.37,1 cup,260
Spaghetti Sauce With Seafood,Soups and Sauces,63,5.32,6.59,1.58,1 cup,260
Spaghetti Sauce With Seafood And Added Vegetables,Soups and Sauces,58,5.32,6.13,1.34,1 cup,260
Lobster Sauce,Soups and Sauces,146,8.6,4.21,10.41,1 cup,234
Oyster Sauce,Soups and Sauces,127,5.5,7.76,8.12,1 cup,256
Spaghetti Sauce With Meat,Soups and Sauces,89,5.92,6.04,4.46,1 cup,260
Spaghetti Sauce With Meat And Added Vegetables,Soups and Sauces,84,5.92,5.57,4.22,1 cup,260
Oxtail Soup,Soups and Sauces,85,8.4,1.37,4.87,1 cup,244
Beef Broth With Tomato Home Recipe,Soups and Sauces,49,1.2,2.09,4.18,1 cup,237
Meatball Soup Home Recipe Mexican Style,Soups and Sauces,108,6.84,9.9,4.64,1 cup,237
Beef Noodle Soup Puerto Rican Style,Soups and Sauces,59,5.88,6.16,1.25,1 cup,250
Pho,Soups and Sauces,88,6.14,10.39,2.24,1 cup,244
Beef And Rice Soup Puerto Rican Style,Soups and Sauces,59,5.83,6.23,1.21,1 cup,250
Pepperpot Soup,Soups and Sauces,47,3.47,3.13,2.39,1 cup,241
Menudo Soup Home Recipe,Soups and Sauces,49,5.24,3.3,1.6,1 cup,241
Menudo Soup Canned Prepared With Water Or Ready-To-Serve,Soups and Sauces,40,3.36,4.19,1.39,1 cup,241
Beef Vegetable Soup Home Recipe Mexican Style,Soups and Sauces,70,7.92,4.89,2.21,1 cup,239
Meat And Corn Hominy Soup Home Recipe Mexican Style,Soups and Sauces,90,7.49,5.11,4.12,1 cup,238
Italian Wedding Soup,Soups and Sauces,69,4.93,6.4,2.64,1 cup,244
Ham Rice And Potato Soup Puerto Rican Style,Soups and Sauces,56,3.57,7.95,1.03,1 cup,240
Ham Noodle And Vegetable Soup Puerto Rican Style,Soups and Sauces,60,5.86,6.32,1.33,1 cup,250
Pork Vegetable Soup With Potato Pasta Or Rice Stew Type Chunky Style,Soups and Sauces,55,5.22,3.88,2.09,1 cup,240
Pork With Vegetable Excluding Carrots Broccoli And/or Dark-Green Leafy; Soup Asian Style,Soups and Sauces,54,6.04,1.94,2.46,1 cup,228
Bacon Soup Cream Of Prepared With Water,Soups and Sauces,46,1.21,3.63,2.93,1 cup,244
Lamb Pasta And Vegetable Soup Puerto Rican Style,Soups and Sauces,90,4.8,6.04,5.2,1 cup,250
Chicken Or Turkey Broth With Tomato Home Recipe,Soups and Sauces,48,0.85,2.37,4.17,1 cup,237
Mexican Style Chicken Broth Soup Stock,Soups and Sauces,49,2.35,7.74,1.29,1 cup,242
Chicken Rice Soup Puerto Rican Style,Soups and Sauces,77,7.24,8.61,1.58,1 cup,220
Chicken Soup With Noodles And Potatoes Puerto Rican Style,Soups and Sauces,74,6.76,8.66,1.45,1 cup,220
Sweet And Sour Soup,Soups and Sauces,67,5.66,4.65,2.96,1 cup,244
Chicken Or Turkey Soup With Vegetables Broccoli Carrots Celery Potatoes And Onions Asian Style,Soups and Sauces,49,5.43,2.17,2.21,1 cup,228
Chicken Or Turkey Corn Soup With Noodles Home Recipe,Soups and Sauces,62,4.67,7.34,1.8,1 cup,251
Chicken Or Turkey Vegetable Soup Home Recipe,Soups and Sauces,48,4.54,4.17,1.7,1 cup,239
Chicken Or Turkey Vegetable Soup With Rice Home Recipe Mexican Style,Soups and Sauces,77,6.87,7.94,2.19,1 cup,242
Chicken Or Turkey And Corn Hominy Soup  Home Recipe Mexican Style,Soups and Sauces,75,7.89,5.11,2.45,1 cup,238
Bird's Nest Soup,Soups and Sauces,46,5.39,3.03,1.27,1 cup,244
Chicken Or Turkey Soup With Vegetables And Fruit Asian Style,Soups and Sauces,39,5.07,2.08,1.22,1 cup,234
Chicken Or Turkey Soup Cream Of Canned Reduced Sodium Ns As To Made With Milk Or Water,Soups and Sauces,29,0.91,4.82,0.66,1 cup,244
Chicken Or Turkey Soup Cream Of Canned Reduced Sodium Made With Milk,Soups and Sauces,54,2.53,7.18,1.67,1 cup,248
Chicken Or Turkey Soup Cream Of Canned Reduced Sodium Made With Water,Soups and Sauces,29,0.91,4.82,0.66,1 cup,244
Chicken Or Turkey Soup Cream Of Ns As To Prepared With Milk Or Water,Soups and Sauces,46,1.21,3.63,2.93,1 cup,244
Chicken Or Turkey Soup Cream Of Prepared With Milk,Soups and Sauces,70,2.82,6,3.91,1 cup,248
Chicken Or Turkey Soup Cream Of Prepared With Water,Soups and Sauces,46,1.21,3.63,2.93,1 cup,244
Chicken Or Turkey Mushroom Soup Cream Of Prepared With Milk,Soups and Sauces,75,2.44,8.4,3.44,1 cup,248
Duck Soup,Soups and Sauces,75,9.91,1.11,3.2,1 cup,244
Fish Chowder,Soups and Sauces,113,8.07,6.09,6.23,1 cup,244
Crab Soup Ns As To Tomato-Base Or Cream Style,Soups and Sauces,51,5.02,1.7,2.58,1 cup,244
Crab Soup Tomato-Base,Soups and Sauces,39,4.28,5.13,0.34,1 cup,244
Clam Chowder Ns As To Manhattan Or New England Style,Soups and Sauces,61,3.22,7.55,2.05,1 cup,244
Turtle And Vegetable Soup,Soups and Sauces,42,4.77,3.74,0.94,1 cup,244
Fish And Vegetable Soup No Potatoes Mexican Style,Soups and Sauces,39,5.15,1.47,1.26,1 cup,250
Fish Soup With Potatoes Mexican Style,Soups and Sauces,46,5.47,2.64,1.31,1 cup,241
Codfish Rice And Vegetable Soup Puerto Rican Style,Soups and Sauces,68,5.29,7.59,1.65,1 cup,245
Codfish Soup With Noodles Puerto Rican Style,Soups and Sauces,72,5.71,7.5,2.07,1 cup,245
Clam Chowder New England Prepared With Milk,Soups and Sauces,61,3.22,7.55,2.05,1 cup,248
Crab Soup Cream Of Prepared With Milk,Soups and Sauces,51,5.02,1.7,2.58,1 cup,248
Lobster Bisque,Soups and Sauces,52,5.22,1.7,2.6,1 cup,248
Oyster Stew,Soups and Sauces,80,4.2,4.22,5.15,1 cup,245
Salmon Soup Cream Style,Soups and Sauces,59,5.34,1.7,3.33,1 cup,248
Seafood Soup With Potatoes And Vegetables Including Carrots Broccoli And/or Dark-Green Leafy,Soups and Sauces,45,4.43,4.11,1.21,1 cup,244
Seafood Soup With Potatoes And Vegetables Excluding Carrots Broccoli And Dark-Green Leafy,Soups and Sauces,45,4.51,3.93,1.23,1 cup,244
Seafood Soup With Vegetables Including Carrots Broccoli And/or Dark-Green Leafy; No Potatoes,Soups and Sauces,42,4.56,3.06,1.28,1 cup,244
Seafood Soup With Vegetables Excluding Carrots Broccoli And Dark-Green Leafy; No Potatoes,Soups and Sauces,42,4.65,2.84,1.3,1 cup,244
Spanish Vegetable Soup Puerto Rican Style,Soups and Sauces,104,7.76,5.24,5.81,1 cup,250
Gravy Meat Or Poultry With Wine,Soups and Sauces,37,1.7,3.87,1.75,1 cup,236
Gravy Meat With Fruit,Soups and Sauces,50,1.75,6.97,1.88,1 cup,238
Gravy Giblet,Soups and Sauces,61,4.17,4.68,2.68,1 cup,238
Gravy Beef Or Meat Home Recipe,Soups and Sauces,106,1.67,2.46,9.82,1 cup,233
Gravy Poultry Home Recipe,Soups and Sauces,105,1.18,2.84,9.81,1 cup,238
Gravy Mushroom,Soups and Sauces,27,0.82,5.33,0.33,1 cup,238
Gravy Redeye,Soups and Sauces,44,0.54,0.01,4.53,1 cup,242
Gravy Beef Or Meat Fat Free,Soups and Sauces,41,1,6.62,1.17,1 cup,227
Gravy Poultry Fat Free,Soups and Sauces,45,1.28,6.31,1.61,1 cup,227
Gravy Or Sauce Poultry-Based From Puerto Rican-Style Chicken Fricasse,Soups and Sauces,212,0.89,5.25,21.51,1 cup,240
Gravy Meat-Based From Puerto-Rican Style Stuffed Pot Roast,Soups and Sauces,245,0,0,27.32,1 cup,272
Gravy Meat-Based From Puerto-Rican Style Beef Stew,Soups and Sauces,82,0.27,1.47,8.4,1 cup,208
Gravy Or Sauce Made With Soy Sauce Stock Or Bouillon Cornstarch,Soups and Sauces,45,0.82,9.84,0.28,1 cup,233
Mole Poblano Sauce,Soups and Sauces,142,2.89,11.54,10.3,1 cup,265
Mole Verde Sauce,Soups and Sauces,83,4.27,5.48,5.74,1 cup,265
Garlic Egg Soup Puerto Rican Style,Soups and Sauces,81,3.72,5.56,4.81,1 cup,202
Layer Dip,Soups and Sauces,145,5.26,6.64,11.41,1 tablespoon,15
Hummus Plain,Soups and Sauces,260,8.18,19.86,17.78,1 tablespoon,15
Hummus Flavored,Soups and Sauces,258,8.1,19.62,17.7,1 tablespoon,15
Black Bean Sauce,Soups and Sauces,218,5.51,13.11,16.9,1 cup,275
Miso Sauce,Soups and Sauces,155,5.77,27.87,2.71,1 cup,240
Bean Soup Nfs,Soups and Sauces,68,3.08,8.89,2.32,1 cup,253
Bean With Bacon Or Ham Soup Canned Or Ready-To-Serve,Soups and Sauces,68,3.08,8.89,2.32,1 cup,253
Lima Bean Soup Home Recipe Canned Or Ready-To-Serve,Soups and Sauces,58,4.48,8.52,0.77,1 cup,253
Soybean Soup Miso Broth,Soups and Sauces,32,2.47,2.47,1.54,1 cup,240
Pinto Bean Soup Home Recipe Canned Or Ready-To-Serve,Soups and Sauces,142,9.41,23.61,1.07,1 cup,253
Bean Soup With Macaroni Home Recipe Canned Or Ready-To-Serve,Soups and Sauces,90,4.82,12.96,2.26,1 cup,253
Portuguese Bean Soup Home Recipe Canned Or Ready-To-Serve,Soups and Sauces,109,6.22,14.79,3.06,1 cup,253
Bean Soup Mixed Beans Home Recipe Canned Or Ready-To-Serve,Soups and Sauces,63,4.75,9.51,0.79,1 cup,238
Bean Soup Home Recipe,Soups and Sauces,65,5.08,9.75,0.77,1 cup,247
Bean And Ham Soup Home Recipe,Soups and Sauces,82,7.68,8.3,1.99,1 cup,247
Garbanzo Bean Or Chickpea Soup Home Recipe Canned Or Ready-To-Serve,Soups and Sauces,71,4.67,10.04,1.5,1 cup,253
Lentil Soup Home Recipe Canned Or Ready-To-Serve,Soups and Sauces,64,3.89,8.85,1.66,1 cup,248
Brown Nut Gravy Meatless,Soups and Sauces,124,2.29,6.2,10.5,1 tablespoon,15
Flour And Water Gravy,Soups and Sauces,80,2.26,16.72,0.22,1 cup,240
Soupy Rice With Chicken Puerto Rican Style,Soups and Sauces,151,12.08,16.49,4.02,"1 cup, with bone (yield after bone removed)",215
Soupy Rice Mixture With Chicken And Potatoes Puerto Rican Style,Soups and Sauces,112,6.34,12.05,4.32,1 cup,240
Pigeon Pea Asopao Asopao De Gandules,Soups and Sauces,139,4.25,24.62,2.5,1 cup,178
Soup Nfs,Soups and Sauces,24,1.2,3.07,0.78,1 cup,241
Noodle Soup Nfs,Soups and Sauces,67,1.55,9.17,2.68,1 cup,241
Rice Soup Nfs,Soups and Sauces,34,0.92,5.8,0.78,1 cup,241
Barley Soup Sweet With Or Without Nuts Asian Style,Soups and Sauces,61,1.01,11.57,1.55,1 cup,244
Beef Noodle Soup Canned Or Ready-To-Serve,Soups and Sauces,34,1.95,3.63,1.25,1 cup,244
Beef Noodle Soup Home Recipe,Soups and Sauces,70,7.17,4.6,2.36,1 cup,244
Chicken Or Turkey Noodle Soup Canned Or Ready-To-Serve,Soups and Sauces,24,1.2,3.07,0.78,1 cup,241
Chicken Or Turkey Noodle Soup Home Recipe,Soups and Sauces,61,5.56,4.93,2.2,1 cup,241
Chicken Or Turkey Noodle Soup Cream Of Home Recipe Canned Or Ready-To-Serve,Soups and Sauces,49,2.82,5.46,1.8,1 cup,245
Noodle And Potato Soup Puerto Rican Style,Soups and Sauces,29,0.86,6.48,0.12,1 cup,245
Chicken Or Turkey Rice Soup Canned Or Ready-To-Serve,Soups and Sauces,34,0.92,5.8,0.78,1 cup,241
Chicken Or Turkey Rice Soup Home Recipe,Soups and Sauces,62,5.22,5.66,2.01,1 cup,231
Chicken Or Turkey Rice Soup Reduced Sodium Canned Prepared With Water Or Ready-To-Serve,Soups and Sauces,23,0.8,3.61,0.6,1 cup,241
Chicken Or Turkey Rice Soup Reduced Sodium Canned Prepared With Milk,Soups and Sauces,48,2.44,6.01,1.62,1 cup,245
Rice And Potato Soup Puerto Rican Style,Soups and Sauces,75,1.39,12.62,2.05,1 cup,245
Matzo Ball Soup,Soups and Sauces,60,2.61,7.74,2.03,1 cup,241
Instant Soup Noodle,Soups and Sauces,25,1.03,4.17,0.44,1 cup,240
Soup Mostly Noodles,Soups and Sauces,67,1.55,9.17,2.68,1 cup,233
Soup Mostly Noodles Reduced Sodium,Soups and Sauces,53,1.66,10.79,0.38,1 cup,233
Instant Soup Noodle With Egg Shrimp Or Chicken,Soups and Sauces,67,1.55,9.17,2.68,1 cup,240
Noodle Soup With Vegetables Asian Style,Soups and Sauces,71,1.91,13.16,1.2,1 cup,228
Noodle Soup With Fish Ball Shrimp And Dark Green Leafy Vegetable,Soups and Sauces,74,4.44,10.23,1.58,1 cup,234
Sopa Seca Mexican Style Nfs,Soups and Sauces,140,2.66,18.26,6.36,1 cup,218
Sopa Seca De Fideo Mexican Style Made With Dry Noodles Home Recipe,Soups and Sauces,138,3.12,16.59,6.83,1 cup,218
Sopa De Fideo Aguada Mexican Style Noodle Soup Home Recipe,Soups and Sauces,80,3.3,8.76,3.46,1 cup,242
Sopa Seca De Arroz Home Recipe Mexican Style,Soups and Sauces,149,2.32,20.79,6.36,1 cup,218
Sopa De Tortilla Mexican Style Tortilla Soup Home Recipe,Soups and Sauces,117,4.85,7.49,7.62,1 cup,240
Guacamole Nfs,Soups and Sauces,155,1.95,8.45,14.18,1 tablespoon,15
Guacamole With Tomatoes,Soups and Sauces,145,1.87,8.09,13.09,1 tablespoon,15
Chutney,Soups and Sauces,150,1.38,36.93,0.3,1 tablespoon,17
Soup Fruit,Soups and Sauces,72,0.53,18.79,0.08,1 cup,242
Potato Soup Ns As To Made With Milk Or Water,Soups and Sauces,50,1.58,7.66,1.46,1 cup,244
Potato Soup Cream Of Prepared With Milk,Soups and Sauces,62,2.39,8.82,1.96,1 cup,248
Potato Soup Prepared With Water,Soups and Sauces,38,0.77,6.49,0.95,1 cup,244
Potato And Cheese Soup,Soups and Sauces,74,2.71,8.56,3.35,1 cup,248
Potato Chowder,Soups and Sauces,92,3.82,8.73,4.78,1 cup,248
Plantain Soup Puerto Rican Style,Soups and Sauces,40,2.33,7.15,0.48,1 cup,245
Broccoli Soup Prepared With Milk Home Recipe Canned Or Ready-To-Serve,Soups and Sauces,69,2.68,6.28,3.67,1 cup,237
Broccoli Soup Prepared With Water Home Recipe Canned Or Ready-To-Serve,Soups and Sauces,44,1.06,3.91,2.69,1 cup,239
Broccoli Cheese Soup Prepared With Milk Home Recipe Canned Or Ready-To-Serve,Soups and Sauces,69,2.68,6.28,3.67,1 cup,239
Watercress Broth With Shrimp,Soups and Sauces,48,6.23,1.34,1.84,1 cup,245
Spinach Soup,Soups and Sauces,30,2.9,2.88,0.99,1 cup,245
Dark-Green Leafy Vegetable Soup With Meat Asian Style,Soups and Sauces,77,6.44,5.4,3.29,1 cup,228
Dark-Green Leafy Vegetable Soup Meatless Asian Style,Soups and Sauces,48,1.54,6.38,1.95,1 cup,226
Carrot Soup Cream Of Prepared With Milk Home Recipe Canned Or Ready-To-Serve,Soups and Sauces,32,1.58,5.01,0.77,1 cup,237
Carrot With Rice Soup Cream Of Prepared With Milk Home Recipe Canned Or Ready-To-Serve,Soups and Sauces,55,1.96,10.11,0.77,1 cup,245
Squash Winter Type Soup Home Recipe Canned Or Ready-To-Serve,Soups and Sauces,39,0.5,4.37,2.46,1 cup,248
Salsa Pico De Gallo,Soups and Sauces,17,0.71,3.7,0.14,1 cup,240
Salsa Red Homemade,Soups and Sauces,56,0.83,4.32,4.36,1 cup,234
Enchilada Sauce Green,Soups and Sauces,28,0.99,5.5,0.59,1 cup,250
Spaghetti Sauce With Added Vegetables,Soups and Sauces,44,1.39,6.86,1.31,1 cup,260
Vodka Sauce With Tomatoes And Cream,Soups and Sauces,74,1.26,3.43,6.58,1 cup,260
Tomato Relish,Soups and Sauces,157,2.18,37.63,0.59,1 cup,320
Cocktail Sauce,Soups and Sauces,124,1.36,28.22,1.05,1 cup,273
Puerto Rican Seasoning With Ham,Soups and Sauces,258,4.02,7.35,24.29,1 cup,240
Puerto Rican Seasoning With Ham And Tomato Sauce,Soups and Sauces,174,5.14,5.3,14.91,1 cup,240
Puerto Rican Seasoning Without Ham And Tomato Sauce,Soups and Sauces,123,1.16,7.23,10.54,1 cup,240
Tomato Soup Nfs,Soups and Sauces,33,0.74,7.72,0.22,1 cup,244
Tomato Soup Cream Of Prepared With Milk,Soups and Sauces,58,2.36,10.04,1.24,1 cup,248
Tomato Soup Prepared With Water Or Ready-To-Serve,Soups and Sauces,33,0.74,7.72,0.22,1 cup,244
Tomato Soup Canned Reduced Sodium Prepared With Water Or Ready-To-Serve,Soups and Sauces,33,0.82,6.8,0.28,1 cup,244
Tomato Soup Canned Reduced Sodium Prepared With Milk,Soups and Sauces,58,2.44,9.13,1.3,1 cup,248
Tomato Noodle Soup Canned Prepared With Water Or Ready-To-Serve,Soups and Sauces,58,1.66,11.82,0.67,1 cup,244
Tomato Noodle Soup Canned Prepared With Milk,Soups and Sauces,70,2.67,12.15,1.36,1 cup,248
Tomato Vegetable Soup Prepared With Water,Soups and Sauces,33,0.74,7.72,0.22,1 cup,241
Pepper Hot Chili Raw,Soups and Sauces,40,1.94,9.14,0.32,1 piece,11
Garlic Cooked,Soups and Sauces,148,6.32,32.86,0.5,1 clove,2
Peppers Hot Cooked Ns As To Form Ns As To Fat Added In Cooking,Soups and Sauces,61,2.03,9.51,2.53,"1 cup, chopped",141
Peppers Hot Cooked From Fresh Ns As To Fat Added In Cooking,Soups and Sauces,61,2.03,9.51,2.53,"1 cup, chopped",141
Peppers Hot Cooked From Frozen Ns As To Fat Added In Cooking,Soups and Sauces,61,2.03,9.51,2.53,"1 cup, chopped",141
Peppers Hot Cooked From Canned Ns As To Fat Added In Cooking,Soups and Sauces,42,0.92,5.13,2.43,"1 cup, chopped",141
Peppers Hot Cooked Ns As To Form Fat Not Added In Cooking,Soups and Sauces,41,2.07,9.8,0.21,"1 cup, chopped",136
Peppers Hot Cooked From Fresh Fat Not Added In Cooking,Soups and Sauces,41,2.07,9.8,0.21,"1 cup, chopped",136
Peppers Hot Cooked From Frozen Fat Not Added In Cooking,Soups and Sauces,41,2.07,9.8,0.21,"1 cup, chopped",136
Peppers Hot Cooked From Canned Fat Not Added In Cooking,Soups and Sauces,22,0.93,5.28,0.1,"1 cup, chopped",136
Peppers Hot Cooked Ns As To Form Fat Added In Cooking Ns As To Type Of Fat,Soups and Sauces,61,2.03,9.51,2.53,"1 cup, chopped",141
Peppers Hot Cooked From Fresh Fat Added In Cooking Ns As To Type Of Fat,Soups and Sauces,61,2.03,9.51,2.53,"1 cup, chopped",141
Peppers Hot Cooked From Frozen Fat Added In Cooking Ns As To Type Of Fat,Soups and Sauces,61,2.03,9.51,2.53,"1 cup, chopped",141
Peppers Hot Cooked From Canned Fat Added In Cooking Ns As To Type Of Fat,Soups and Sauces,42,0.92,5.13,2.43,"1 cup, chopped",141
Pimiento,Soups and Sauces,28,1.35,6.24,0.37,1 cup,192
Eggplant Dip,Soups and Sauces,167,4.11,11.18,13.2,1 tablespoon,15
Honey Mustard Dip,Soups and Sauces,267,1.64,25.5,17.82,1 tablespoon,15
Recaito,Soups and Sauces,23,2.13,3.67,0.52,1 cup,240
Soup Cream Of Nfs,Soups and Sauces,58,2.36,10.04,1.24,1 cup,244
Asparagus Soup Cream Of Ns As To Made With Milk Or Water,Soups and Sauces,60,2.54,6.69,2.65,1 cup,248
Asparagus Soup Cream Of Prepared With Milk,Soups and Sauces,60,2.54,6.69,2.65,1 cup,248
Asparagus Soup Cream Of Prepared With Water,Soups and Sauces,35,0.93,4.34,1.66,1 cup,244
Borscht,Soups and Sauces,41,1.39,5.44,1.77,1 cup,245
Cabbage Soup Home Recipe Canned Or Ready-To-Serve,Soups and Sauces,38,1.81,6.26,0.85,1 cup,245
Cabbage With Meat Soup Home Recipe Canned Or Ready-To-Serve,Soups and Sauces,46,4.81,3.96,1.32,1 cup,245
Celery Soup Cream Of Prepared With Milk Home Recipe Canned Or Ready-To-Serve,Soups and Sauces,61,2.29,5.94,3.25,1 cup,248
Celery Soup Cream Of Prepared With Water Home Recipe Canned Or Ready-To-Serve,Soups and Sauces,37,0.67,3.57,2.26,1 cup,244
Corn Soup Cream Of Prepared With Milk,Soups and Sauces,42,2.06,6.82,1.14,1 cup,248
Corn Soup Cream Of Prepared With Water,Soups and Sauces,65,1.28,12.98,1.78,1 cup,244
Gazpacho,Soups and Sauces,37,0.86,3.84,2.35,1 cup,244
Leek Soup Cream Of Prepared With Milk,Soups and Sauces,69,2.73,7.62,3.12,1 cup,248
Mushroom Soup Cream Of Prepared With Milk,Soups and Sauces,65,2.31,5.82,3.67,1 cup,248
Mushroom Soup Cream Of Prepared With Water,Soups and Sauces,40,0.68,3.44,2.68,1 cup,244
Mushroom Soup With Meat Broth Prepared With Water,Soups and Sauces,34,1.27,3.76,1.63,1 cup,244
Mushroom Soup Cream Of Ns As To Made With Milk Or Water,Soups and Sauces,65,2.31,5.82,3.67,1 cup,246
Mushroom With Chicken Soup Cream Of Prepared With Milk,Soups and Sauces,75,2.44,8.4,3.44,1 cup,248
Mushroom Soup Cream Of Canned Reduced Sodium Ns As To Made With Milk Or Water,Soups and Sauces,26,0.61,4.11,0.86,1 cup,246
Mushroom Soup Cream Of Canned Reduced Sodium Prepared With Milk,Soups and Sauces,51,2.24,6.48,1.87,1 cup,248
Mushroom Soup Cream Of Canned Reduced Sodium Prepared With Water,Soups and Sauces,26,0.61,4.11,0.86,1 cup,244
Onion Soup Cream Of Prepared With Milk,Soups and Sauces,69,2.73,7.62,3.12,1 cup,248
Onion Soup French,Soups and Sauces,157,7.43,17.39,6.6,1 cup,241
Pea Soup Prepared With Milk,Soups and Sauces,89,4.94,12.69,2.14,1 cup,254
Vegetable Soup Cream Of Prepared With Milk,Soups and Sauces,86,3.68,9.02,3.99,1 cup,248
Zucchini Soup Cream Of Prepared With Milk,Soups and Sauces,23,1.68,2.72,0.8,1 cup,248
Shav Soup,Soups and Sauces,52,3.1,3.96,2.53,1 cup,240
Seaweed Soup,Soups and Sauces,35,3.71,2.4,1.35,1 cup,230
Vegetable Soup Made From Dry Mix,Soups and Sauces,40,0.72,4.72,2.18,1 cup,253
Vegetable Soup Home Recipe,Soups and Sauces,38,1.82,6.24,0.87,1 cup,234
Vegetable Noodle Soup Home Recipe,Soups and Sauces,47,2.19,7.32,1.15,1 cup,241
Minestrone Soup Home Recipe,Soups and Sauces,61,3.5,9.69,1.11,1 cup,235
Minestrone Soup Canned Prepared With Water Or Ready-To-Serve,Soups and Sauces,34,1.74,4.6,1.03,1 cup,241
Vegetable Beef Soup Canned Prepared With Water Or Ready-To-Serve,Soups and Sauces,32,2.26,4.11,0.77,1 cup,244
Vegetable Beef Noodle Soup Prepared With Water,Soups and Sauces,32,2.26,4.12,0.77,1 cup,244
Vegetable Noodle Soup Canned Prepared With Water Or Ready-To-Serve,Soups and Sauces,30,0.86,4.9,0.79,1 cup,241
Vegetable Beef Soup With Rice Canned Prepared With Water Or Ready-To-Serve,Soups and Sauces,32,2.26,4.12,0.77,1 cup,244
Vegetable Soup With Chicken Broth Home Recipe Mexican Style,Soups and Sauces,61,2.45,6.51,2.98,1 cup,232
Vegetable Beef Soup Home Recipe,Soups and Sauces,55,5.86,3.9,1.82,1 cup,241
Vegetable Beef Soup Canned Prepared With Milk,Soups and Sauces,57,3.86,6.48,1.78,1 cup,248
Vegetable Beef Soup With Noodles Or Pasta Home Recipe,Soups and Sauces,67,6.45,5.68,2.05,1 cup,241
Vegetable Beef Soup With Rice Home Recipe,Soups and Sauces,67,6.17,6.29,1.89,1 cup,244
Vegetarian Vegetable Soup Prepared With Water,Soups and Sauces,30,0.86,4.9,0.79,1 cup,241
Vegetable Soup Spanish Style Stew Type,Soups and Sauces,87,6.69,8.01,3.21,1 cup,227
Garlic Sauce,Soups and Sauces,108,3.07,7.32,7.42,1 cup,228
Lemon-Butter Sauce,Soups and Sauces,623,0.93,0.96,70.16,1 cup,228
Hollandaise Sauce,Soups and Sauces,504,4.68,1.52,54.22,1 cup,257
Pesto Sauce,Soups and Sauces,569,8.51,6.16,58.52,1 cup,232
Sweet And Sour Sauce,Soups and Sauces,150,0.27,38.22,0.02,1 cup,240
Duck Sauce,Soups and Sauces,245,0.36,60.61,0.13,1 cup,290
Plum Sauce Asian Style,Soups and Sauces,200,0.65,50.67,0.29,1 cup,311
