Bay Leaves,Spices and Herbs,313,7.61,74.97,8.36,1 tsp/ crumbled,0.6
Caraway Seed,Spices and Herbs,333,19.77,49.9,14.59,1 tsp,2.1
Cardamom,Spices and Herbs,311,10.76,68.47,6.7,1 tsp/ ground,2
Celery Seed,Spices and Herbs,392,18.07,41.35,25.27,1 tsp,2
Dried Coriander,Spices and Herbs,279,21.93,52.1,4.78,1 tsp,0.6
Coriander Seed,Spices and Herbs,298,12.37,54.99,17.77,1 tsp,1.8
Cumin Seed,Spices and Herbs,375,17.81,44.24,22.27,1 tsp/ whole,2.1
Curry Powder,Spices and Herbs,325,14.29,55.83,14.01,1 tsp,2
Dill Seed,Spices and Herbs,305,15.98,55.17,14.54,1 tsp,2.1
Ground Ginger,Spices and Herbs,335,8.98,71.62,4.24,1 tsp,1.8
Ground Mace,Spices and Herbs,475,6.71,50.5,32.38,1 tsp,1.7
Dried Marjoram,Spices and Herbs,271,12.66,60.56,7.04,1 tsp,0.6
Ground Mustard Seed,Spices and Herbs,508,26.08,28.09,36.24,1 tsp,2
Dried Parsley,Spices and Herbs,292,26.63,50.64,5.48,1 tsp,0.5
Black Pepper,Spices and Herbs,251,10.39,63.95,3.26,1 tsp/ ground,2.3
Cayenne Pepper,Spices and Herbs,318,12.01,56.63,17.27,1 tsp,1.8
White Pepper,Spices and Herbs,296,10.4,68.61,2.12,1 tsp/ ground,2.4
Saffron,Spices and Herbs,310,11.43,65.37,5.85,1 tsp,0.7
Ground Sage,Spices and Herbs,315,10.63,60.73,12.75,1 tsp,0.7
Ground Savory,Spices and Herbs,272,6.73,68.73,5.91,1 tsp,1.4
Dried Tarragon,Spices and Herbs,295,22.77,50.22,7.24,1 tsp/ leaves,0.6
Spices Thyme Dried,Spices and Herbs,276,9.11,63.94,7.43,1 tsp/ leaves,1
Ground Allspice,Spices and Herbs,263,6.09,72.12,8.69,1 tsp,1.9
Anise Seeds,Spices and Herbs,337,17.6,50.02,15.9,1 tsp/ whole,2.1
Dried Basil,Spices and Herbs,233,22.98,47.75,4.07,1 tsp/ leaves,0.7
Dried Chervil,Spices and Herbs,237,23.2,49.1,3.9,1 tsp,0.6
Chili Powder,Spices and Herbs,282,13.46,49.7,14.28,1 tsp,2.7
Cinnamon,Spices and Herbs,247,3.99,80.59,1.24,1 tsp,2.6
Ground Cloves,Spices and Herbs,274,5.97,65.53,13,1 tsp,2.1
Dried Dill Weed,Spices and Herbs,253,19.96,55.82,4.36,1 tsp,1
Fennel Seed,Spices and Herbs,345,15.8,52.29,14.87,1 tsp/ whole,2
Fenugreek Seed,Spices and Herbs,323,23,58.35,6.41,1 tsp,3.7
Garlic Powder,Spices and Herbs,331,16.55,72.73,0.73,1 tsp,3.1
Ground Nutmeg,Spices and Herbs,525,5.84,49.29,36.31,1 tsp,2.2
Onion Powder,Spices and Herbs,341,10.41,79.12,1.04,1 tsp,2.4
Dried Oregano,Spices and Herbs,265,9,68.92,4.28,1 tsp/ leaves,1
Paprika,Spices and Herbs,282,14.14,53.99,12.89,1 tsp,2.3
Poppy Seeds,Spices and Herbs,525,17.99,28.13,41.56,1 tsp,2.8
Poultry Seasoning,Spices and Herbs,307,9.59,65.59,7.53,1 tsp,1.5
Pumpkin Pie Spice,Spices and Herbs,342,5.76,69.28,12.6,1 tsp,1.7
Dried Rosemary,Spices and Herbs,331,4.88,64.06,15.22,1 tsp,1.2
Ground Turmeric,Spices and Herbs,312,9.68,67.14,3.25,1 tsp,3
Basil,Spices and Herbs,23,3.15,2.65,0.64,5 leaves,2.5
Dill,Spices and Herbs,43,3.46,7.02,1.12,5 sprigs,1
Yellow Mustard,Spices and Herbs,60,3.74,5.83,3.34,1 tsp or 1 packet,5
Imitation Vanilla Extract,Spices and Herbs,237,0.05,2.41,0,1 tsp,4.2
Imitation Vanilla Extract (No Alcohol),Spices and Herbs,56,0.03,14.4,0,1 tsp,4.2
Distilled Vinegar,Spices and Herbs,18,0,0.04,0,1 tbsp,14.9
Capers,Spices and Herbs,23,2.36,4.89,0.86,1 tbsp/ drained,8.6
Dried Spearmint,Spices and Herbs,285,19.93,52.04,6.03,1 tsp,0.5
Red Wine Vinegar,Spices and Herbs,19,0.04,0.27,0,1 tbsp,14.9
Balsamic Vinegar,Spices and Herbs,88,0.49,17.03,0,1 tbsp,16
Seasoning Mix Dry Sazon Coriander & Annatto,Spices and Herbs,0,0,0,0,1/4 tsp,1
Seasoning Mix Dry Taco Original,Spices and Herbs,322,4.5,58,0,2 tsp,5.7
Table Salt,Spices and Herbs,0,0,0,0,1 tsp,6
Apple Cider Vinegar,Spices and Herbs,21,0,0.93,0,1 tbsp,14.9
Thyme (Fresh),Spices and Herbs,101,5.56,24.45,1.68,1 tsp,0.8
Vanilla Extract,Spices and Herbs,288,0.06,12.65,0.06,1 tsp,4.2
Horseradish,Spices and Herbs,48,1.18,11.29,0.69,1 tsp,5
Rosemary,Spices and Herbs,131,3.31,20.7,5.86,1 tsp,0.7
Peppermint,Spices and Herbs,70,3.75,14.89,0.94,2 leaves,0.1
Spearmint,Spices and Herbs,44,3.29,8.41,0.73,2 leaves,0.3
Seasoning Mix Dry Chili Original,Spices and Herbs,335,10.82,56.56,7.3, tbsp,9
