Snacks Fruit Leather Pieces,Sweets,359,1,82.82,2.68,1 oz,28.4
Snacks Fruit Leather Rolls,Sweets,371,0.1,85.8,3,1 large,21
Honey-Combed With Peanut Butter,Sweets,473,8.72,67.41,20.18,No data available,No data available
Almond Joy Candy Bar,Sweets,479,4.13,59.51,26.93,1 package 1.76 oz,49
Twizzlers Cherry Bites,Sweets,338,2.97,79.38,1.7,18 pieces,40
Nestle Bit-O-Honey Candy Chews,Sweets,388,2,80.89,7.5,1 serving 6 pieces,40
Nestle Butterfinger Bar,Sweets,459,5.4,72.9,18.9,1 serving 2.1 oz bar,60
Caramels Chocolate-Flavor Roll,Sweets,387,1.59,87.73,3.31,1 piece,6.6
Baking Chocolate Unsweetened Liquid,Sweets,472,12.1,36.2,47.7,1 oz,28.4
Unsweetened Baking Chocolate,Sweets,642,14.32,28.42,52.31,1 oz square bakers,29
Confectioners Coating Yogurt,Sweets,522,5.87,63.94,27,1 cup chips,170
Confectioners Coating Peanut Butter,Sweets,529,18.3,46.88,29.8,1 cup chips,168
White Chocolate,Sweets,539,5.87,59.24,32.09,1 bar (3 oz),85
Ice Creams Vanilla Light,Sweets,180,4.78,29.46,4.83,1 serving 1/2 cup,76
Ice Creams Vanilla Rich,Sweets,249,3.5,22.29,16.2,1/2 cup,107
Desserts Flan Caramel Custard Prepared-From-Recipe,Sweets,145,4.53,22.78,4.03,1/2 cup,153
Ice Creams Vanilla,Sweets,207,3.5,23.6,11,1 serving 1/2 cup,66
Ice Creams Vanilla Light Soft-Serve,Sweets,126,4.9,21.8,2.6,1 serving 1/2 cup,88
Sherbet Orange,Sweets,144,1.1,30.4,2,1/2 cup (4 fl oz),74
Fudge Peanut Butter Prepared-From-Recipe,Sweets,387,3.78,77.75,6.59,1 piece,16
Fudge Vanilla Prepared-From-Recipe,Sweets,383,1.05,82.15,5.45,1 oz,28.4
Fudge Vanilla With Nuts,Sweets,435,3,74.61,13.69,1 oz,28.4
Nestle Goobers Chocolate Covered Peanuts,Sweets,512,9.7,53,34,1 package 1.375 oz,39
Nestle Baby Ruth Bar,Sweets,475,5.4,64.8,21.6,1 serving 2.1 oz bar,60
Twizzlers Strawberry Twists Candy,Sweets,348,2.56,79.16,2.32,4 pieces 1.6oz,45
Syrups Table Blends Pancake With Butter,Sweets,291,0,72.43,0.09,1 serving 1/4 cup,73
Ice Creams Chocolate Light,Sweets,187,5,25.7,7.19,1 serving,68
Nestle Chunky Bar,Sweets,519,7.5,60.4,27.5,1 serving 1.4 oz bar,40
Milk Chocolate,Sweets,535,7.65,59.4,29.66,1 bar/ miniature,7
Puddings Banana Dry Mix Instant Prepared With 2% Milk,Sweets,105,2.76,19.74,1.7,1/2 cup from 19191,147
Puddings Banana Dry Mix Regular Prepared With 2% Milk,Sweets,101,2.9,18.43,1.73,1/2 cup from 19211,142
Pectin Liquid,Sweets,11,0,2.1,0,No data available,No data available
Frozen Novelties Ice Cream Type Vanilla Ice Cream Light No Sugar Added Chocolate Coated,Sweets,221,6.4,26.11,10.1,1 bar,78
Milk Dessert Frozen Milk-Fat Free Chocolate,Sweets,167,4.3,37.7,1,1 cup,137
Mars Snackfood Us M&Ms Peanut Butter Chocolate,Sweets,529,10.16,56.89,29.32,1 serving 1.63 oz singles bag,46
Mars Snackfood Us Milky Way Midnight Bar,Sweets,443,3.2,71.22,17.5,1 serving 1.76 oz bar,50
Jams Preserves Marmalade Reduced Sugar,Sweets,151,0,37.6,0.1,No data available,No data available
Frozen Novelties Juice Type Juice With Cream,Sweets,115,1.41,24.11,1.41,2 (1/2) oz,71
Pie Fillings Blueberry Canned,Sweets,181,0.41,44.38,0.2,1 serving,151
Puddings Chocolate Flavor Low Calorie Regular Dry Mix,Sweets,365,10.08,74.42,3,1 serving,9.9
Puddings All Flavors Except Chocolate Low Calorie Regular Dry Mix,Sweets,351,1.6,86.04,0.1,1 serving,113
Syrup Cane,Sweets,269,0,73.14,0,1 serving,21
Schifftigers Milk Bar,Sweets,387,16.8,56.46,14.29,No data available,No data available
Toblerone Milk Chocolate With Honey And Almond Nougat,Sweets,489,5.71,61.21,28.57,1 bar,35
Fruit Syrup,Sweets,341,0,85.13,0,1 cup,334
Topping Smuckers Magic Shell,Sweets,609,2.94,50.07,44.1,No data available,No data available
Syrup Fruit Flavored,Sweets,261,0,65.1,0.02,1 serving,20
Tootsie Roll Chocolate-Flavor Roll,Sweets,387,1.59,87.73,3.31,1 serving 6 pieces,40
Butterscotch Candy,Sweets,391,0.03,90.4,3.3,1 oz,28.4
Carob Unsweetened,Sweets,540,8.15,56.29,31.36,1 oz,28.4
Caramel Candy,Sweets,382,4.6,77,8.1,1 package (2.5 oz),71
Caramello Candy Bar,Sweets,462,6.19,63.81,21.19,1 bar 1.25 oz,35
Semisweet Chocolate,Sweets,480,4.2,63.9,30,1 serving,14.5
Sweet Chocolate,Sweets,507,3.9,60.4,34.2,1 oz,28.4
Sweet Chocolate Coated Fondant,Sweets,366,2.2,80.4,9.3,1 patty/ large,43
Hersheys Golden Almond Solitaires,Sweets,569,11.97,46.85,37.13,13 pieces,41
Confectioners Coating Butterscotch,Sweets,539,2.2,67.1,29.05,1 cup chips,170
Ice Creams French Vanilla Soft-Serve,Sweets,222,4.1,22.2,13,1/2 cup (4 fl oz),86
York Peppermint Pattie,Sweets,384,2.19,80.99,7.17,1 patty 1.5 oz,43
Twizzlers Nibs Cherry Bits,Sweets,347,2.3,79.37,2.64,27 pieces,40
Symphony Milk Chocolate Bar,Sweets,531,8.51,58.01,30.57,1 bar 1.5 oz,42
5th Avenue Candy Bar,Sweets,482,8.78,62.68,23.98,1 bar 2 oz,56
Fondant Prepared-From-Recipe,Sweets,373,0,93.18,0.02,1 oz,28.4
Fudge Chocolate Prepared-From-Recipe,Sweets,410,2.39,76.7,10.41,1 piece,17
Fudge Chocolate With Nuts Prepared-From-Recipe,Sweets,460,4.38,68.15,18.93,1 oz,28.4
Jelly Gumdrops,Sweets,396,0,98.9,0,1 cup gumdrops,182
Hard Candy,Sweets,394,0,98,0.2,1 oz,28.4
Jellybeans,Sweets,375,0,93.55,0.05,10 small,11
Kit Kat Wafer Bar,Sweets,518,6.51,64.59,25.99,1 bar (1.5 oz),42
Krackel Chocolate Bar,Sweets,523,6.62,64.34,26.58,1 bar 1.45 oz,41
Mars Snackfood Us Mars Almond Bar,Sweets,467,8.1,62.7,23,1 bar (1.76 oz),50
Marshmallows,Sweets,318,1.8,81.3,0.2,1 cup of miniature,50
Halavah Plain,Sweets,469,12.49,60.49,21.52,1 oz,28.4
Nestle Oh Henry! Bar,Sweets,462,7.7,65.5,23,1 bar 2 oz,57
Puddings Chocolate Dry Mix Instant Prepared With 2% Milk,Sweets,105,3.15,18.89,1.92,1/2 cup from 19211,142
Baking Chocolate Mexican Squares,Sweets,426,3.64,77.41,15.59,1 tablet,20
Chocolate-Flavored Hazelnut Spread,Sweets,539,5.41,62.36,29.73,1 serving 2 tbsp,37
Milk Chocolate Coated Peanuts,Sweets,519,13.1,49.7,33.5,1 cup,149
Syrups Grenadine,Sweets,268,0,66.91,0,1 tbsp,20
Mars Snackfood Us Twix Chocolate Fudge Cookie Bars,Sweets,553,7.3,56,33.3,2 cookie 2011 label,51
Frozen Yogurts Chocolate Nonfat Milk Sweetened Without Sugar,Sweets,107,4.4,19.7,0.8,1 cup,186
Frozen Yogurts Chocolate,Sweets,131,3,21.6,3.6,1 cup,174
Frozen Yogurts Flavors Other Than Chocolate,Sweets,127,3,21.6,3.6,1 cup,174
Mars Snackfood Us M&Ms Almond Chocolate,Sweets,522,7.53,60.5,27.76,1 serving 1.31 oz bag,37
Frozen Novelties Juice Type Orange,Sweets,95,0.5,23.17,0,1 fl oz,29.8
Frozen Novelties Ice Cream Type Chocolate Or Caramel Covered With Nuts,Sweets,323,4.4,30.9,20.2,1 bar,54
Frozen Novelties Ice Type Pop With Low Calorie Sweetener,Sweets,24,0,5.92,0,1 serving 1.75 fl oz pop,55
Ice Creams Chocolate Rich,Sweets,251,4.72,19.78,16.98,1 cup,148
Sweeteners Tabletop Fructose Liquid,Sweets,279,0,76.1,0,1 serving,0.1
Puddings Chocolate Flavor Low Calorie Instant Dry Mix,Sweets,356,5.3,78.2,2.4,1 serving,9.9
Jellies Reduced Sugar Home Preserved,Sweets,179,0.3,46.1,0.03,1 tbsp,19
Puddings All Flavors Except Chocolate Low Calorie Instant Dry Mix,Sweets,350,0.81,84.66,0.9,1 serving,8
Milk Chocolate With Almonds,Sweets,526,9,53.4,34.4,1 bar (1.45 oz),41
Milk Chocolate With Rice Cereal,Sweets,511,7.64,59.67,29.37,1 bar (1.4 oz),40
Mars Snackfood Us Milky Way Bar,Sweets,456,4.01,71.17,17.23,1 serving 2.05 oz bar,58
Hersheys Skor Toffee Bar,Sweets,541,3.13,63.73,30.37,1 bar 1.4 oz,39
Toppings Strawberry,Sweets,254,0.2,66.3,0.1,2 tbsp,42
Mounds Candy Bar,Sweets,493,4.6,58.88,26.6,1 bar snack size,19
Mr. Goodbar Chocolate Bar,Sweets,538,10.22,54.34,33.21,1 bar (1.75 oz),49
Nestle 100 Grand Bar,Sweets,468,2.5,70.97,19.33,1 bar (1.5 oz),43
Nestle Crunch Bar And Dessert Topping,Sweets,500,5,67,26,1 bar 1.55 oz,44
Reeses Peanut Butter Cups,Sweets,515,10.24,55.36,30.53,1 package 0.6 oz 1 cup,17
Reeses Pieces Candy,Sweets,497,12.46,59.86,24.77,1/4 cup,47
Rolo Caramels In Milk Chocolate,Sweets,474,5.08,67.95,20.93,1 package 1 package,48
Nestle After Eight Mints,Sweets,432,1.67,79.53,11.9,1 serving 5 mints,42
Mars Snackfood Us 3 Musketeers Bar,Sweets,436,2.6,77.77,12.75,1 serving 2.13 oz bar,60
Mars Snackfood Us Twix Caramel Cookie Bars,Sweets,502,4.91,64.8,24.85,1 package (2 oz),57
Mars Snackfood Us Twix Peanut Butter Cookie Bars,Sweets,547,9.18,54.14,32.67,1 package (1.89 oz/ 2 bars),54
Whatchamacallit Candy Bar,Sweets,494,8.04,63.23,23.68,1 bar 1.7 oz,48
Chewing Gum,Sweets,360,0,96.7,0.3,1 stick,3
Egg Custards Dry Mix,Sweets,410,6.9,82.8,6.4,1 package (3 oz),85
Egg Custards Dry Mix Prepared With Whole Milk,Sweets,122,3.99,17.6,4,1/2 cup,141
Cocoa Dry Powder Unsweetened Hersheys European Style Cocoa,Sweets,410,20,60,10,1 tbsp,5
Gelatin Desserts Dry Mix,Sweets,381,7.8,90.5,0,1 package (3 oz),85
York Bites,Sweets,394,1.78,81.64,7.32,15 pieces,39
Chocolate Mousse,Sweets,225,4.14,16.07,16,1 recipe yield,808
Puddings Chocolate Ready-To-Eat,Sweets,142,2.09,23.01,4.6,1 oz,28.4
Puddings Chocolate Dry Mix Instant,Sweets,378,2.3,87.9,1.9,1 package (3.5 oz),99
Puddings Chocolate Dry Mix Regular Prepared With 2% Milk,Sweets,111,3.28,19.76,2.06,1/2 cup,128
Puddings Coconut Cream Dry Mix Instant Prepared With 2% Milk,Sweets,107,2.9,19.2,2.3,1/2 cup,147
Puddings Rice Ready-To-Eat,Sweets,108,3.23,18.39,2.15,1 serving 4 oz pudding cup,113
Puddings Rice Dry Mix,Sweets,376,2.7,91.2,0.1,1 package,106
Puddings Vanilla Dry Mix Instant,Sweets,377,0,92.9,0.6,1 package (3.5 oz),99
Puddings Vanilla Dry Mix Instant Prepared With Whole Milk,Sweets,114,2.7,19.7,2.9,1/2 cup,142
Puddings Lemon Dry Mix Instant Prepared With 2% Milk,Sweets,107,2.76,20.2,1.71,1 serving,8
Egg Custards Dry Mix Prepared With 2% Milk,Sweets,112,4.13,17.61,2.83,1/2 cup,141
Puddings Vanilla Dry Mix Regular Prepared With 2% Milk,Sweets,101,2.94,18.53,1.73,1/2 cup,128
Rennin Chocolate Dry Mix Prepared With 2% Milk,Sweets,85,3.24,13.47,2.06,No data available,No data available
Rennin Vanilla Dry Mix Prepared With 2% Milk,Sweets,77,3.06,12.34,1.77,No data available,No data available
Praline Prepared-From-Recipe,Sweets,485,3.3,59.59,25.9,1 piece,39
Desserts Rennin Vanilla Dry Mix,Sweets,383,0,99,0,1 tbsp,10.8
Rennin Vanilla Dry Mix Prepared With Whole Milk,Sweets,89,3.03,12.21,3.07,No data available,No data available
Desserts Rennin Tablets Unsweetened,Sweets,84,1,19.8,0.1,1 package (0.35 oz),9.9
Frostings Chocolate Creamy Ready-To-Eat,Sweets,397,1.1,63.2,17.6,2 tbsp creamy,41
Flan Caramel Custard Dry Mix Prepared With Whole Milk,Sweets,113,2.95,18.68,3,No data available,No data available
Puddings Vanilla Ready-To-Eat Fat Free,Sweets,89,2.02,20.16,0,1 serving 3.5 oz shelf stable,99
Puddings Tapioca Ready-To-Eat Fat Free,Sweets,94,1.44,21.31,0.35,1 container refrigerated 4 oz,112
Puddings Chocolate Ready-To-Eat Fat Free,Sweets,93,1.93,20.87,0.3,1 serving 4 oz,113
Frostings Chocolate Creamy Dry Mix Prepared With Butter,Sweets,408,1.11,71.8,13.06,2 tablespoon,33
Heath Bites,Sweets,530,3.94,63.39,30.38,15 pieces,39
Frostings Vanilla Creamy Dry Mix,Sweets,410,0.3,93.8,4.9,1 package,411
Frostings White Fluffy Dry Mix,Sweets,371,2.3,94.9,0,1 package,207
Mars Snackfood Us Dove Milk Chocolate,Sweets,546,5.94,59.78,31.72,1 serving 1.30 oz bar,37
Mars Snackfood Us Dove Dark Chocolate,Sweets,520,5.19,59.4,32.45,1 serving 1.3 oz bar,37
Mars Snackfood Us Milky Way Caramels Milk Chocolate Covered,Sweets,463,4.28,68.49,19.17,1 serving 5 pieces,44
Mars Snackfood Us Milky Way Caramels. Dark Chocolate Covered,Sweets,458,3.82,67.56,20.42,1 serving 5 pieces,44
Ice Creams Chocolate,Sweets,216,3.8,28.2,11,1 individual (3.5 fl oz),58
Ice Creams Strawberry,Sweets,192,3.2,27.6,8.4,1 individual (3.5 fl oz),58
Frozen Novelties Ice Type Italian Restaurant-Prepared,Sweets,53,0.03,13.5,0.02,1 fl oz,29
Frozen Novelties Ice Type Pop,Sweets,79,0,19.23,0.24,1 serving 1.75 fl oz pop,52
Mars Snackfood Us M&Ms Crispy Chocolate,Sweets,475,4.28,72.4,19.32,1 serving 1.6 oz bag,47
Frozen Yogurts Vanilla Soft-Serve,Sweets,159,4,24.2,5.6,1/2 cup,72
Fruit Butters Apple,Sweets,173,0.39,42.47,0.3,1 tbsp,17
Fudge Chocolate Marshmallow With Nuts Prepared-By-Recipe,Sweets,474,3.24,67.69,21.11,1 oz,28.4
Mars Snackfood Us Snickers Almond Bar,Sweets,472,5.4,64.67,22.4,1 serving 1.76 oz bar,50
Marmalade Orange,Sweets,246,0.3,66.3,0,1 tbsp,20
Molasses,Sweets,290,0,74.73,0.1,1 cup,337
Pectin Unsweetened Dry Mix,Sweets,325,0.3,90.4,0.3,1 package (1.75 oz),50
Pie Fillings Apple Canned,Sweets,100,0.1,26.1,0.1,1/8 can,74
Mars Snackfood Us Starburst Fruit Chews Tropical Fruits,Sweets,409,0.41,82.76,8.31,1 serving fun size (8 chews),40
Pie Fillings Canned Cherry,Sweets,115,0.37,28,0.07,1/8 can,74
Puddings Banana Dry Mix Regular Prepared With Whole Milk,Sweets,111,2.74,18.44,2.89,1/2 cup,127
Puddings Coconut Cream Dry Mix Instant,Sweets,415,0.9,83.5,10,1 package (3.5 oz),99
Puddings Coconut Cream Dry Mix Instant Prepared With Whole Milk,Sweets,117,2.9,19.1,3.5,1/2 cup,147
Puddings Coconut Cream Dry Mix Regular,Sweets,434,1,81.84,11.36,1 package (3.12 oz),88
Puddings Coconut Cream Dry Mix Regular Prepared With Whole Milk,Sweets,114,3,17.7,3.8,1/2 cup,140
Puddings Lemon Dry Mix Instant Prepared With Whole Milk,Sweets,115,2.7,20.1,2.9,1/2 cup,147
Puddings Lemon Dry Mix Regular,Sweets,363,0.1,91.8,0.5,1 package (3 oz),85
Pudding Lemon Dry Mix Regular Prepared With Sugar Egg Yolk And Water,Sweets,109,0.65,24.2,1.12,1/2 cup,127
Sugars Brown,Sweets,380,0.12,98.09,0,1 tsp unpacked,3
Syrups Chocolate Hersheys Genuine Chocolate Flavored Lite Syrup,Sweets,153,1.4,34.56,0.97,2 tbsp,35
Syrups Chocolate Fudge-Type,Sweets,350,4.6,62.9,8.9,1 cup,304
Syrups Corn Dark,Sweets,286,0,77.59,0,1 cup,328
Syrups Corn Light,Sweets,283,0,76.79,0.2,1 cup,341
Syrups Table Blends Pancake With 2% Maple,Sweets,265,0,69.6,0.1,1 tbsp,20
Syrups Table Blends Corn Refiner And Sugar,Sweets,319,0,83.9,0,1 cup,316
Mars Snackfood Us Skittles Wild Berry Bite Size,Sweets,402,0.19,90.76,4.25,1 serving 2.1 oz bag,62
Toppings Butterscotch Or Caramel,Sweets,216,1.21,57.01,0,2 tbsp,41
Mars Snackfood Us Skittles Sours Original,Sweets,401,0.18,91.02,4,1 serving 1.80 oz bag,51
Mars Snackfood Us Skittles Original Bite Size,Sweets,405,0.19,90.78,4.37,1 serving 2.17 oz pack,62
Frostings Vanilla Creamy Dry Mix Prepared With Margarine,Sweets,413,0.34,74.28,12.74,2 tablespoon,33
Frostings Chocolate Creamy Dry Mix Prepared With Margarine,Sweets,404,1.1,71.02,12.87,2 tablespoon,33
Divinity Prepared-From-Recipe,Sweets,364,1.32,89.05,0.06,1 piece,11
Frozen Novelties Ice Type Pineapple-Coconut,Sweets,113,0,23.9,2.6,1/2 cup (4 fl oz),99
Frozen Yogurts Chocolate Soft-Serve,Sweets,160,4,24.9,6,1/2 cup (4 fl oz),72
Frostings Glaze Chocolate Prepared-From-Recipe With Butter Nfsmi Recipe No. C-32,Sweets,359,1.42,72.18,7.17,2 tablespoon,33
Puddings Banana Dry Mix Instant With Added Oil,Sweets,386,0,89,4.4,1 package (3.5 oz),99
Gums Seed Gums (Includes Locust Bean Guar),Sweets,332,4.6,77.3,0.5,1 oz,28.4
Jams And Preserves No Sugar (With Sodium Saccharin) Any Flavor,Sweets,132,0.3,53.42,0.3,1 cup,224
Chocolate Covered Caramel With Nuts,Sweets,470,9.5,60.67,21,1 piece,14
Nougat With Almonds,Sweets,398,3.33,92.39,1.67,1 piece,14
Gum Drops No Sugar Or Low Calorie (Sorbitol),Sweets,354,0,88.1,0.2,1 cup,182
Pie Fillings Cherry Low Calorie,Sweets,53,0.82,11.98,0.16,1 serving,85
Sweeteners Tabletop Saccharin (Sodium Saccharin),Sweets,360,0.94,89.11,0,1 serving 1 packet,1
Milk Chocolate Coated Raisins,Sweets,390,4.1,68.4,14.8,No data available,No data available
Syrups Table Blends Pancake Reduced-Calorie,Sweets,165,0,44.55,0,1 serving 1/4 cup,73
Syrups Table Blends Pancake,Sweets,234,0,61.47,0,1 cup,314
Hersheys Pot Of Gold Almond Bar,Sweets,577,12.82,44.89,38.46,1 bar 2.8 oz,78
Truffles Prepared-From-Recipe,Sweets,510,6.21,44.88,33.76,1 piece,12
Baking Chocolate Mars Snackfood Us M&Ms Semisweet Chocolate Mini Baking Bits,Sweets,517,4.44,65.96,26.15,1 serving 0.5 oz/ about 1 tbsp,14
Mars Snackfood Us M&Ms Peanut Chocolate,Sweets,515,9.57,60.48,26.13,1 serving 1 singles bag,54
Mars Snackfood Us M&Ms Milk Chocolate,Sweets,492,4.33,71.19,21.13,1 package (1.69 oz),48
Baking Chocolate Mars Snackfood Us M&Ms Milk Chocolate Mini Baking Bits,Sweets,502,4.78,68.4,23.36,1 serving 0.5 oz/ about 1 tbsp,14
Peanut Bar,Sweets,522,15.5,47.4,33.7,1 oz,28.4
Peanut Brittle Prepared-From-Recipe,Sweets,486,7.57,71.24,18.98,1 oz,28.4
Nestle Raisinets Chocolate Covered Raisins,Sweets,422,4.4,71,17,1 serving 1.58 oz bag,45
Sesame Crunch,Sweets,516,11.6,50.3,33.3,1 oz,28.4
Mars Snackfood Us Snickers Bar,Sweets,491,7.53,61.51,23.85,1 bar (2 oz),57
Mars Snackfood Us Starburst Fruit Chews Original Fruits,Sweets,408,0.41,82.57,8.21,1 serving fun size (8 chews),40
Mars Snackfood Us M&Ms Minis Milk Chocolate,Sweets,502,4.78,68.4,23.36,1 serving 1.0 oz tube,30
Special Dark Chocolate Bar,Sweets,556,5.54,60.49,32.4,1 bar 1.45 oz,41
Cocoa Powder,Sweets,228,19.6,57.9,13.7,1 cup,86
Cocoa Powder With Alkali,Sweets,220,18.1,58.3,13.1,1 cup,86
Desserts Egg Custard Baked Prepared-From-Recipe,Sweets,104,5.02,11,4.58,1/2 cup,141
Gelatin Desserts Dry Mix Prepared With Water,Sweets,60,1.22,14.19,0,1/2 cup,135
Gelatin Desserts Dry Mix Reduced Calorie With Aspartame,Sweets,198,15.67,80.21,0,1 serving,6.4
Gelatin Desserts Dry Mix Reduced Calorie With Aspartame Prepared With Water,Sweets,20,0.83,4.22,0,1/2 cup,117
Gelatin,Sweets,335,85.6,0,0.1,1 envelope (1 tbsp),7
Puddings Chocolate Dry Mix Instant Prepared With Whole Milk,Sweets,111,3.1,18.8,3.1,1/2 cup,147
Desserts Apple Crisp Prepared-From-Recipe,Sweets,161,1.75,30.84,3.43,1/2 cup,141
Flan Caramel Custard Dry Mix,Sweets,348,0,91.6,0,1 package (3 oz),85
Puddings Chocolate Dry Mix Regular,Sweets,362,2.6,89.3,2.1,1 package (3.5 oz),99
Puddings Chocolate Dry Mix Regular Prepared With Whole Milk,Sweets,120,3.16,19.64,3.15,1/2 cup,142
Puddings Rice Dry Mix Prepared With Whole Milk,Sweets,121,3.25,20.68,2.82,1/2 cup,128
Puddings Tapioca Dry Mix,Sweets,369,0.1,94.3,0.1,1 package (3.5 oz),92
Puddings Tapioca Dry Mix Prepared With Whole Milk,Sweets,115,2.84,19.43,2.89,1/2 cup,128
Puddings Vanilla Ready-To-Eat,Sweets,130,1.45,22.6,3.78,1 oz,28.4
Puddings Vanilla Dry Mix Regular,Sweets,379,0.3,93.5,0.4,1 package (3.12 oz),88
Puddings Vanilla Dry Mix Regular Prepared With Whole Milk,Sweets,113,2.8,18.92,2.9,1/2 cup,140
Puddings Rice Dry Mix Prepared With 2% Milk,Sweets,111,3.29,20.81,1.63,1/2 cup,128
Puddings Tapioca Dry Mix Prepared With 2% Milk,Sweets,105,2.88,19.56,1.67,1/2 cup,128
Frozen Novelties Ice Type Fruit No Sugar Added,Sweets,24,0.5,6.2,0.1,1 bar,51
Puddings Tapioca Ready-To-Eat,Sweets,130,1.95,21.69,3.88,1 oz,28.4
Puddings Coconut Cream Dry Mix Regular Prepared With 2% Milk,Sweets,104,3.1,17.8,2.5,1/2 cup,140
Desserts Rennin Chocolate Dry Mix,Sweets,363,2.4,91.5,3.3,1 tbsp,9
Rennin Chocolate Dry Mix Prepared With Whole Milk,Sweets,96,3.2,13.34,3.34,No data available,No data available
Frostings Coconut-Nut Ready-To-Eat,Sweets,433,1.5,52.7,24,1/12 package,38
Frostings Cream Cheese-Flavor Ready-To-Eat,Sweets,415,0.1,67.32,17.3,2 tbsp creamy,33
Frostings Vanilla Creamy Ready-To-Eat,Sweets,418,0,67.89,16.23,1/12 package,38
Flan Caramel Custard Dry Mix Prepared With 2% Milk,Sweets,103,2.99,18.82,1.72,No data available,No data available
Hersheys Milk Chocolate With Almond Bites,Sweets,568,9.76,51.72,35.73,17 pieces,39
Reeses Bites,Sweets,521,11.34,55.18,29.85,16 pieces,39
Reeses Nutrageous Candy Bar,Sweets,517,11.28,52.8,32.09,1 bar 1.92 oz,54
Frostings Chocolate Creamy Dry Mix,Sweets,389,1.3,92,5.2,1 package,388
Frostings White Fluffy Dry Mix Prepared With Water,Sweets,244,1.5,62.6,0,1 package yields,315
Hersheys Almond Joy Bites,Sweets,563,5.58,57.54,34.5,18 pieces,40
Hershey Reesesticks Crispy Wafers Peanut Butter Milk Chocolate,Sweets,521,9.53,55.38,31.34,1 serving 1.5 oz,42
Hershey Kit Kat Big Kat Bar,Sweets,520,6.24,63.64,27.84,1 bar 1.94 oz,55
Reeses Fast Break Milk Chocolate Peanut Butter And Soft Nougats,Sweets,474,8.66,61.6,23.42,2 oz bar,56
Ice Creams Vanilla Light No Sugar Added,Sweets,169,3.97,21.42,7.45,1 serving 1/2 cup,68
Frozen Novelties Fruit And Juice Bars,Sweets,87,1.2,20.2,0.1,1 bar (2.5 fl oz),77
Ice Creams Chocolate Light No Sugar Added,Sweets,173,3.54,26.79,5.74,1 serving 1/2 cup,72
Dark Chocolate Coated Coffee Beans,Sweets,540,7.5,59.95,30,1 serving 28 pieces,40
Milk Chocolate Coated Coffee Beans,Sweets,549,7.41,55.25,33.18,1 oz,28.4
Frozen Novelties Ice Type Lime,Sweets,128,0.4,32.6,0,1/2 cup (4 fl oz),99
Mars Snackfood Us Snickers Munch Bar,Sweets,536,15.25,43.64,36.22,1 serving 1.42 oz bar,40
Honey,Sweets,304,0.3,82.4,0,1 cup,339
Jams And Preserves,Sweets,278,0.37,68.86,0.07,1 tbsp,20
Jellies,Sweets,266,0.15,69.95,0.02,1 serving 1 tbsp,21
Mars Snackfood Us Popables Snickers Brand Bite Size,Sweets,480,7.15,61.07,24.32,1 serving 13 pieces,39
Mars Snackfood Us Popables Milky Way Brand Bite Size,Sweets,463,3.3,71.85,18,1 serving 13 pieces,39
Mars Snackfood Us Popables 3 Musketeers Brand Bite Size,Sweets,443,2.59,75.94,15.17,1 serving 15 pieces,41
Mars Snackfood Us Starburst Fruit Chews Fruit And Creme,Sweets,408,0.41,82.43,8.36,1 serving fun size (8 chews),40
Mars Snackfood Us Starburst Sour Fruit Chews,Sweets,400,0.39,79.73,7.78,1 serving 2.07 oz pack,59
Puddings Banana Dry Mix Instant,Sweets,367,0,92.7,0.6,1 package (3.5 oz),99
Puddings Banana Dry Mix Instant Prepared With Whole Milk,Sweets,115,2.62,19.76,2.8,1/2 cup,127
Puddings Banana Dry Mix Regular,Sweets,366,0,93,0.4,1 package (3.12 oz),88
Mars Snackfood Us Cocoavia Chocolate Bar,Sweets,539,5.81,62.99,29.3,1 serving 0.78 oz bar,22
Mars Snackfood Us Cocoavia Blueberry And Almond Chocolate Bar,Sweets,525,6.35,60.37,28.68,1 serving 0.78 oz bar,22
Mars Snackfood Us Cocoavia Crispy Chocolate Bar,Sweets,517,8.21,62.06,26.23,1 serving 0.7 oz bar,20
Puddings Lemon Dry Mix Instant,Sweets,378,0,95.4,0.7,1 package (3.5 oz),99
Sugar,Sweets,387,0,99.98,0,1 serving packet,2.8
Sugars Powdered,Sweets,389,0,99.77,0,1 cup unsifted,120
Sweeteners Tabletop Aspartame Equal Packets,Sweets,365,2.17,89.08,0,1 tsp,3.5
Sugars Maple,Sweets,354,0.1,90.9,0.2,1 tsp,3
Syrups Corn High-Fructose,Sweets,281,0,76,0,1 cup,310
Syrups Malt,Sweets,318,6.2,71.3,0,1 cup,332
Syrups Maple,Sweets,260,0.04,67.04,0.06,1 tbsp,20
Syrups Sorghum,Sweets,290,0,74.9,0,1 cup,330
Mars Snackfood Us Snickers Cruncher,Sweets,488,6.86,62.85,24.38,1 serving 1.66 oz bar,47
Toppings Marshmallow Cream,Sweets,322,0.8,79,0.3,1 oz,28.4
Toppings Pineapple,Sweets,253,0.1,66.4,0.1,1 cup,340
Toppings Nuts In Syrup,Sweets,448,4.5,58.08,22,1 cup,328
Mars Snackfood Us Skittles Tropical Bite Size,Sweets,405,0.19,90.77,4.34,1 serving 2.1 oz bag,62
Frostings Glaze Prepared-From-Recipe,Sweets,341,0.44,83.65,0.53,1 recipe yield,327
Fudge Chocolate Marshmallow Prepared-From-Recipe,Sweets,453,2.26,71.34,17.48,1 piece,20
Taffy Prepared-From-Recipe,Sweets,397,0.03,91.56,3.33,1 piece,15
Toffee Prepared-From-Recipe,Sweets,560,1.07,64.72,32.75,1 piece,12
Semisweet Chocolate Made With Butter,Sweets,477,4.2,63.4,29.7,1 cup chips (6 oz package),170
Gelatin Desserts Dry Mix With Added Ascorbic Acid Sodium-Citrate And Salt,Sweets,381,7.8,90.5,0,1 package (3 oz),85
Gelatin Desserts Dry Mix Reduced Calorie With Aspartame Added Phosphorus Potassium Sodium Vitamin C,Sweets,345,55.3,33.3,0,1 tbsp,9
Gelatin Desserts Dry Mix Reduced Calorie With Aspartame No Added Sodium,Sweets,345,55.3,33.3,0,1 tbsp,9
Syrups Sugar Free,Sweets,51,0.8,11.99,0,1 cup,240
Jellies No Sugar (With Sodium Saccharin) Any Flavors,Sweets,121,0.55,29.6,0,1 cup,300
Hard Dietetic Or Low Calorie (Sorbitol),Sweets,394,0,98.6,0,1 piece,3
Chocolate Covered Candy (Low Sugar Or Low Calorie),Sweets,590,12.39,37.68,43.27,No data available,No data available
Chewing Gum Sugarless,Sweets,268,0,94.8,0.4,1 piece,2
Sweeteners Tabletop Fructose Dry Powder,Sweets,368,0,100,0,1 cup,196
Frozen Novelties Ice Cream Type Sundae Prepackaged,Sweets,190,4.3,29.64,6,No data available,No data available
Puddings Banana Dry Mix Regular With Added Oil,Sweets,387,0,88.4,5,1 package (3.12 oz),88
Puddings Lemon Dry Mix Regular With Added Oil Potassium Sodium,Sweets,366,0.1,90.3,1.5,1 package (3 oz),85
Puddings Tapioca Dry Mix With No Added Salt,Sweets,369,0.1,94.3,0.1,1 package (3.5 oz),92
Frozen Novelties Juice Type Popsicle Scribblers,Sweets,81,0,19.68,0.24,1 serving 1.2 fl oz pop,33
Sweeteners Tabletop Sucralose Splenda Packets,Sweets,336,0,91.17,0,1 serving 1 packet,1
Frozen Novelties No Sugar Added Fudgsicle Pops,Sweets,124,3.67,23.11,1.87,1 serving,84
Frozen Novelties Ice Type Sugar Free Orange Cherry And Grape Popsicle Pops,Sweets,21,0,5.14,0,1 serving 1.75 fl oz pop,55
Frozen Novelties Klondike Slim-A-Bear Fudge Bar 98% Fat Free No Sugar Added,Sweets,124,4.31,30.07,1.88,1 serving 3.5 fl oz bar,74
Ice Creams Breyers All Natural Light Vanilla,Sweets,162,4.84,25.3,4.59,1 serving 1/2 cup,68
Ice Creams Breyers No Sugar Added Butter Pecan,Sweets,180,3.99,21.3,10.3,1 serving 1/2 cup,68
Ice Creams Breyers No Sugar Added French Vanilla,Sweets,154,4.5,20.75,7.05,1 serving 1/2 cup,68
Ice Creams Breyers No Sugar Added Vanilla,Sweets,143,3.68,21.92,6.2,1 serving 1/2 cup,69
Ice Creams Breyers No Sugar Added Vanilla Fudge Twirl,Sweets,153,3.53,25.63,5.68,1 serving 1/2 cup,72
Frozen Novelties No Sugar Added Creamsicle Pops,Sweets,72,3.69,12.88,0.61,1 serving 1 pop,44
Frozen Novelties Sugar Free Creamsicle Pops,Sweets,49,1.37,11.95,2.33,1 serving 2 pops,80
Ice Creams Breyers All Natural Light French Chocolate,Sweets,201,5.3,29.68,7.28,1 serving 1/2 cup,68
Ice Creams Breyers 98% Fat Free Chocolate,Sweets,136,3.89,30.18,2.17,1 serving 1/2 cup,68
Ice Creams Regular Low Carbohydrate Chocolate,Sweets,237,3.8,26.8,12.7,1 individual (3.5 fl oz),58
Dark Chocolate (45-59% Cocoa),Sweets,546,4.88,61.17,31.28,1 oz,28.4
Dark Chocolate (60-69% Cocoa),Sweets,579,6.12,52.42,38.31,1 oz,28.4
Dark Chocolate (70-85% Cocoa),Sweets,598,7.79,45.9,42.63,1 oz,28.4
Chocolate Dark NFS (45-59% Cacao Solids 90%; 60-69% Cacao Solids 5%; 70-85% Cacao Solids 5%),Sweets,550,5.09,59.97,32.2,1 oz,28.4
Crispy Bar With Peanut Butter Filling,Sweets,542,9.53,55.53,31.34,1 serving 1.5 oz,42
Syrup Maple Canadian,Sweets,270,0,67.38,0,60 milliliter,80
Sweetener Syrup Agave,Sweets,310,0.09,76.37,0.45,1 tsp,6.9
Nestle Butterfinger Crisp,Sweets,465,6.67,68.45,18.33,1 piece,60
Fruit Snacks With High Vitamin C,Sweets,352,0.08,87.97,0,1 serving,44
Jams Preserves Marmalades Sweetened With Fruit Juice,Sweets,212,0,52.93,0,No data available,No data available
Candied Tamarind,Sweets,331,0,91.96,0,No data available,No data available
Coconut Bar Not Chocolate Covered,Sweets,481,2.13,55.87,27.65,No data available,No data available
Puddings Vanilla Dry Mix Regular With Added Oil,Sweets,369,0.3,92.4,1.1,1 package (3.12 oz),88
Jams And Preserves Apricot,Sweets,242,0.7,64.4,0.2,1 tbsp,20
Syrups Table Blends Pancake With 2% Maple With Added Potassium,Sweets,265,0,69.6,0.1,1 cup,315
Sugar-Coated Almonds,Sweets,465,10,68.26,17.93,1 piece,3.5
Cocoa Dry Powder Hi-Fat Or Breakfast Processed With Alkali,Sweets,479,16.8,49.71,23.71,1 tablespoon ghirardelli label 2011,6
Soft Fruit And Nut Squares,Sweets,390,2.31,73.81,9.52,3 pieces,42
Ice Creams Vanilla Fat Free,Sweets,138,4.48,30.06,0,1/2 cup,67
Ice Creams Breyers All Natural Light French Vanilla,Sweets,173,4.82,26.03,5.56,1 serving 1/2 cup,68
Ice Creams Breyers 98% Fat Free Vanilla,Sweets,137,3.3,30.51,2.2,1 serving 1/2 cup,68
Ice Creams Breyers All Natural Light Vanilla Chocolate Strawberry,Sweets,161,4.69,26.06,4.35,1 serving 1/2 cup,68
Ice Creams Breyers All Natural Light Mint Chocolate Chip,Sweets,196,4.69,28.39,7.09,1 serving 1/2 cup,68
Ice Creams Breyers No Sugar Added Vanilla Chocolate Strawberry,Sweets,143,3.71,21.7,6.26,1 serving 1/2 cup,68
Frozen Novelties Klondike Slim-A-Bear Chocolate Cone,Sweets,224,4.09,45.32,4.1,1 serving 1 cone,79
Frozen Novelties Klondike Slim-A-Bear Vanilla Sandwich,Sweets,239,3.9,42.75,5.85,1 serving 1 sandwich,64
Frozen Novelties Klondike Slim-A-Bear No Sugar Added Stickless Bar,Sweets,242,5.2,25.98,13,1 serving 1 bar,78
Ice Creams Breyers No Sugar Added Chocolate Caramel,Sweets,151,3.54,25.17,5.8,1 serving 1/2 cup,71
Reeses Fast Break Milk Chocolate Peanut Butter Soft Nougats Candy Bar,Sweets,495,8.93,63.9,23.21,1 serving 1 bar,56
Mars Snackfood Us Cocoavia Chocolate Covered Almonds,Sweets,573,9.51,50.22,37.07,1 serving 1oz pack,28
Ice Creams Regular Low Carbohydrate Vanilla,Sweets,216,3.17,22.23,12.7,1 individual (3.5 fl oz),58
Sweeteners For Baking Brown Contains Sugar And Sucralose,Sweets,388,0,97.11,0,1 tbsp,12.9
Sweeteners For Baking Contains Sugar And Sucralose,Sweets,398,0,99.53,0,1 tbsp,14.5
Sugar Turbinado,Sweets,399,0,99.8,0,1 tsp,4.6
Sweeteners Sugar Substitute Granulated Brown,Sweets,347,2.06,84.77,0,1 tsp,0.5
M&m Mars 3 Musketeers Truffle Crisp,Sweets,538,6.41,63.15,28.85,1 serving,31
Syrups Chocolate Hersheys Sugar Free Genuine Chocolate Flavored Lite Syrup,Sweets,43,2.87,14.2,2.03,2 tbsp,35
M&m Mars Pretzel Chocolate,Sweets,447,5,72.94,15,1/4 cup,40
Sweetener Herbal Extract Powder From Stevia Leaf,Sweets,0,0,100,0,1 package,1
Hersheys Payday Bar,Sweets,490,13.44,52.88,25,No data available,No data available
Syrup Nestle Chocolate,Sweets,269,0,67.21,0,1 tablespoon,20
Pudding Bread,Sweets,155,5.47,23.52,4.74,1 cup,200
Bread Pudding Made With Evaporated Milk And Rum,Sweets,271,8.23,39.38,9.31,1 cup,175
Diplomat Pudding Puerto Rican Style,Sweets,271,6.83,42.98,8.54,1 cup,256
Pudding Mexican Bread,Sweets,280,5.06,40.98,11.5,1 cup,204
Pudding Mexican Bread Low Fat,Sweets,278,7.47,50.34,5.89,1 cup,250
Rice Flour Cream Puerto Rican Style,Sweets,156,4.01,27.91,3.22,1 cup,250
Custard Puerto Rican Style,Sweets,170,5.05,25.87,5.29,1 cup,243
Custard,Sweets,95,5.05,10.96,3.45,1 cup,244
Flan,Sweets,177,5.22,29.04,4.7,1 cup,266
Pudding Rice Flour And Nuts,Sweets,142,3.49,25.3,3.12,1 cup,250
Pudding Tapioca Made From Home Recipe Made With Milk,Sweets,115,4.69,17.05,3.21,1 cup,205
Pudding Tapioca Made From Dry Mix Made With Milk,Sweets,107,3.08,19.87,1.93,1 cup,165
Pudding Tapioca Chocolate Made With Milk,Sweets,112,3.59,21.32,2.29,1 cup,165
Pudding Coconut,Sweets,111,2.89,17.37,3.43,1 cup,255
Pudding Cornmeal Milk And Molasses,Sweets,133,4.1,21.18,3.57,1 cup,237
Pudding Pumpkin,Sweets,99,1.21,16.85,3.07,1 cup,265
Pumpkin Pudding Puerto Rican Style,Sweets,116,3.6,16.28,4.45,1 cup,262
Fresh Corn Custard Puerto Rican Style,Sweets,398,3.89,46.25,24.96,1 cup,280
Pudding Flavors Other Than Chocolate Prepared From Dry Mix Milk Added,Sweets,103,2.76,19.05,1.8,1 cup,264
Pudding Chocolate Prepared From Dry Mix Milk Added,Sweets,105,3.13,18.98,2.04,1 cup,261
Pudding Flavors Other Than Chocolate Prepared From Dry Mix Low Calorie Containing Artificial Sweetener Milk Added,Sweets,69,3.14,9.8,1.95,1 cup,250
Pudding Chocolate Prepared From Dry Mix Low Calorie Containing Artificial Sweetener Milk Added,Sweets,74,3.6,10.26,2.09,1 cup,250
Pudding Ready-To-Eat Chocolate And Non-Chocolate Flavors Combined,Sweets,136,1.77,22.8,4.19,1 cup,267
Pudding With Fruit And Vanilla Wafers,Sweets,149,3.25,26.38,3.84,1 cup,187
Mousse Chocolate,Sweets,209,4.31,16.24,14.97,1 cup,170
Mousse Not Chocolate,Sweets,207,1.8,16.88,15.42,1 cup,170
Coconut Custard Puerto Rican Style,Sweets,282,8.2,40.04,10.49,1 cup,245
Barfi Or Burfi Indian Dessert Made From Milk And/or Cream And/or Ricotta Cheese,Sweets,282,6.9,39.08,11.66,"1 piece (1-7/8"" x 1-1/2"" x 3/4"")",44
Egg Dessert Puerto Rican Style,Sweets,323,5.38,58.98,7.9,1 cup,265
Zabaglione,Sweets,255,4.67,29.06,7.65,1 cup,60
Meringues,Sweets,322,7.31,74.29,0.11,1 meringue,22
Cornstarch Coconut Dessert Puerto Rican Style,Sweets,279,2.18,20.87,22.51,1 cup,250
Cornmeal Coconut Dessert Puerto Rican Style,Sweets,292,2.82,27.72,20.49,1 cup,262
Noodle Pudding With Milk,Sweets,257,6.16,43.25,7.09,1 cup,144
Spicy Rice Pudding Puerto Rican Style,Sweets,137,1.31,30.89,1,1 cup,240
Rice Pudding Made With Coconut Milk Puerto Rican Style,Sweets,271,2.64,28.43,17.95,1 cup,256
Lemon Pie Filling,Sweets,345,4.72,69.01,6.56,1 cup,266
Cherry Pie Filling,Sweets,120,0.6,28.66,0.85,1 cup,264
Lime Souffle,Sweets,316,8.82,39.96,14.47,1 cup,120
Sugar Cinnamon,Sweets,377,0.28,98.63,0.09,1 cup,200
Sugar Substitute And Sugar Blend,Sweets,385,0,99.72,0,1 teaspoon,2
Sugar Substitute Stevia Liquid,Sweets,52,0.8,12.13,0,1 teaspoon,5
Sugar Substitute Powder Nfs,Sweets,349,0.66,90.14,0,1 individual packet,1
Sugar Substitute Liquid Nfs,Sweets,52,0.8,12.13,0,1 teaspoon,5
Sugar Substitute Saccharin Liquid,Sweets,8,0.02,2.05,0,1 teaspoon,5
Sugar White And Water Syrup,Sweets,304,0,78.48,0,1 cup,242
Sugar Brown And Water Syrup,Sweets,309,0.1,79.69,0,1 cup,242
Sugar Brown Liquid,Sweets,264,0.08,68.12,0,1 cup,335
Hard Sauce,Sweets,456,0.25,62.52,24.03,1 cup,168
Topping Chocolate Flavored Hazelnut Spread,Sweets,541,5.41,62.16,29.73,1 tablespoon,18
Topping Milk Chocolate With Cereal,Sweets,623,5.35,41.77,50.56,1 tub,35
Caramel Dip Regular,Sweets,291,1.16,48.47,12.17,1 tablespoon,20
Chocolate Dip,Sweets,388,3.33,65.39,13.06,1 tablespoon,20
Dessert Dip,Sweets,250,6.16,22.94,15.39,1 tablespoon,15
Syrup Dietetic,Sweets,52,0.8,12.13,0,1 cup,240
Topping Dietetic,Sweets,52,0.8,12.13,0,1 cup,227
Fruit Sauce,Sweets,223,0.44,40.42,7.46,1 cup,340
Dessert Sauce,Sweets,145,0.09,19.6,7.79,1 cup,264
Guava Paste,Sweets,282,0.1,72.83,0.04,1 tablespoon,20
Sweet Potato Paste,Sweets,294,0.41,75.3,0.04,1 tablespoon,20
Bean Paste Sweetened,Sweets,222,6.22,50.11,0.36,1 tablespoon,20
Gelatin Dessert,Sweets,62,1.22,14.19,0,1 cup,240
Gelatin Snacks,Sweets,139,2.84,33,0,"1 jiggler (2"" square)",36
Gelatin Dessert With Fruit,Sweets,65,1.09,16.11,0.09,1 cup,240
Gelatin Dessert With Whipped Cream,Sweets,81,1.22,14.83,1.83,1 cup,227
Gelatin Dessert With Fruit And Whipped Cream,Sweets,99,1.28,15.18,4.2,1 cup,227
Gelatin Dessert With Cream Cheese,Sweets,83,1.58,13.56,2.52,1 cup,239
Gelatin Dessert With Sour Cream,Sweets,92,1.49,12.08,4.28,1 cup,227
Gelatin Dessert With Fruit And Sour Cream,Sweets,107,1.32,21.79,2.34,1 cup,249
Gelatin Dessert With Fruit And Cream Cheese,Sweets,79,1.33,15.61,1.72,1 cup,239
Gelatin Dessert With Fruit Vegetable And Nuts,Sweets,76,1.42,13.87,2.21,1 cup,240
Gelatin Salad With Vegetables,Sweets,51,1.11,12.12,0.03,1 cup,243
Gelatin Dessert With Fruit And Whipped Topping,Sweets,103,1.54,16.58,4.07,1 cup,227
Gelatin Dessert With Fruit And Vegetables,Sweets,61,1.02,15.05,0.06,1 cup,240
Gelatin Dessert Dietetic Sweetened With Low Calorie Sweetener,Sweets,4,0.34,1.72,0,1 cup,240
Gelatin Dessert Dietetic With Fruit Sweetened With Low Calorie Sweetener,Sweets,43,0.86,10.58,0.1,1 cup,240
Gelatin Dessert Dietetic With Whipped Topping Sweetened With Low Calorie Sweetener,Sweets,26,0.84,4.72,0.47,1 cup,227
Gelatin Dessert Dietetic With Cream Cheese Sweetened With Low Calorie Sweetener,Sweets,51,1.12,2.24,4.66,1 cup,239
Gelatin Dessert Dietetic With Sour Cream Sweetened With Low Calorie Sweetener,Sweets,47,1.44,4.88,2.43,1 cup,227
Gelatin Dessert Dietetic With Fruit And Sour Cream Sweetened With Low Calorie Sweetener,Sweets,49,0.97,9.33,1.45,1 cup,249
Gelatin Dessert Dietetic With Fruit And Cream Cheese Sweetened With Low Calorie Sweetener,Sweets,60,1.12,10.92,1.7,1 cup,239
Gelatin Dessert Dietetic With Fruits And Vegetables Sweetened With Low Calorie Sweetener,Sweets,47,0.95,6.88,2.4,1 cup,240
Gelatin Salad Dietetic With Vegetables Sweetened With Low Calorie Sweetener,Sweets,8,0.38,2.18,0.04,1 cup,243
Gelatin Dessert Dietetic With Fruit And Whipped Topping Sweetened With Low Calorie Sweetener,Sweets,46,0.86,10.04,0.6,1 cup,249
Danish Dessert Pudding,Sweets,146,0.07,37.41,0.02,1 cup,274
Yokan,Sweets,131,2.86,30.56,0.16,1 oz,28
Pineapple Custard Puerto Rican Style,Sweets,155,5.7,23.73,4.23,1 cup,260
Haupia,Sweets,272,1.98,23.57,20.41,1 cup,213
Gelatin Frozen Whipped On A Stick,Sweets,62,1.22,14.19,0,1 bar (pop),53
Ice Pop Filled With Ice Cream All Flavor Varieties,Sweets,121,1.16,20.67,3.79,1 cream pop,59
Almonds Chocolate Covered,Sweets,574,17.27,30.89,45.66,1 almond,3
Almonds Sugar-Coated,Sweets,474,10,68.26,17.93,1 piece,4
Almonds Yogurt-Covered,Sweets,553,12.86,43.57,38.48,1 almond,4
Caramel With Nuts,Sweets,412,5.77,70.03,14.39,1 piece,6
Caramel Candy Chocolate Covered,Sweets,417,5.3,72.95,13.06,1 piece,9
Caramel With Nuts And Cereal Chocolate Covered,Sweets,491,6.66,61.51,25.1,1 oz,28
Caramel All Flavors Sugar Free,Sweets,432,1.95,72.93,14.08,1 piece,7
Twix Chocolate Fudge Cookie Bars,Sweets,550,7.3,56,33.3,1 package twix chocolate fudge cookie bars (1.57 oz),45
Twix Peanut Butter Cookie Bars,Sweets,536,9.18,54.15,32.67,1 package (1.89 oz/ 2 bars),54
Nuts Carob-Coated,Sweets,559,15.88,36.84,41.12,1 oz,28
Chocolate Milk With Nuts Not Almond Or Peanuts,Sweets,552,8.64,52.5,35.06,1 piece,11
Milk Chocolate Candy With Fruit And Nuts,Sweets,456,7.58,59.98,24.38,1 piece,11
Chocolate Candy With Fondant And Caramel,Sweets,478,5.54,69.3,20.12,1 bar (1.06 oz),30
Chocolate Sweet Or Dark,Sweets,528,4.5,60.18,33.2,1 miniature/bite size,8
Chocolate Sweet Or Dark With Almonds,Sweets,553,6.55,56.48,33.81,1 bar,41
Chocolate White With Almonds,Sweets,547,8.2,53.15,35.15,1 bar (1.313 oz),37
Coconut Candy Chocolate Covered,Sweets,486,4.6,58.59,26.6,1 piece (.5 oz),14
Coconut Candy Puerto Rican Style,Sweets,408,1.31,74.66,13.64,1 cubic inch,17
Date Candy,Sweets,379,4.17,58.05,18.09,1 oz,28
Fruit Leather And Fruit Snacks Candy,Sweets,365,0.55,84.31,2.84,1 piece,2
Fun Fruits Creme Supremes,Sweets,475,3.68,69.33,21.04,1 pouch (.9 oz),26
Tamarind Candy,Sweets,368,0,91.96,0,1 tablespoon,22
Gumdrops Chocolate Covered,Sweets,435,2.14,87.84,8.3,1 piece,14
Fudge Chocolate Chocolate-Coated,Sweets,448,3.97,71.33,16.18,1 piece/ 1 cubic inch,22
Fudge Chocolate Chocolate-Coated With Nuts,Sweets,483,5.36,65.37,22.15,1 piece/ 1 cubic inch,22
Fudge Chocolate,Sweets,411,2.39,76.44,10.41,1 piece/ 1 cubic inch,22
Fudge Chocolate With Nuts,Sweets,461,4.38,67.93,18.93,1 piece/ 1 cubic inch,22
Fudge Peanut Butter,Sweets,436,6.3,67.3,16.84,1 piece/ 1 cubic inch,22
Fudge Peanut Butter With Nuts,Sweets,475,7.77,61.63,23.04,1 piece/ 1 cubic inch,22
Fudge Divinity,Sweets,399,4.24,83.17,7.76,1 piece/ 1 cubic inch,12
Fudge Brown Sugar Penuche,Sweets,396,2.1,77.77,10.21,1 piece/ 1 cubic inch,22
Baby Ruth,Sweets,459,5.4,64.8,21.6,No data available,No data available
Halvah Plain,Sweets,522,7.98,57.56,31.87,1 bar (8 oz),227
Halvah Chocolate Covered,Sweets,526,7.88,58.08,31.25,1 bar (8 oz),227
Honey-Combed Hard Candy With Peanut Butter,Sweets,486,8.72,67.41,20.18,1 piece,6
Chocolate-Flavored Sprinkles,Sweets,511,1.99,66.8,30.04,1 cup/ chocolate-flavored,176
Ladoo Round Ball Asian-Indian Dessert,Sweets,401,6.92,46.84,21.9,"1 ball (1-3/4"" dia)",63
Marshmallow Chocolate Covered,Sweets,375,2.43,75.03,10.4,1 piece,11
Marshmallow Candy-Coated,Sweets,343,1.16,87.99,0.13,1 piece,14
Marshmallow Coconut-Coated,Sweets,332,2.42,72.23,5.49,1 piece,10
Nougat Chocolate Covered,Sweets,436,4.54,83.15,9.51,1 bar (1.875 oz),53
Nuts Chocolate Covered Not Almonds Or Peanuts,Sweets,568,11.39,42.05,41.6,1 oz,28
Sugared Pecans Sugar And Egg White Coating,Sweets,560,7.29,31.86,48.77,1 cup,79
Peanuts Yogurt Covered,Sweets,542,14.84,42.43,37.01,1 piece,2
Planters Peanut Bar,Sweets,510,16.26,50.84,30.45,1 piece,16
Peanut Bar Chocolate Covered Candy,Sweets,526,13.07,51.12,32.45,1 bar (2 oz),57
Peanut Butter Chocolate Covered,Sweets,513,10.45,58.59,28.36,1 piece,34
Pralines,Sweets,396,2.1,77.77,10.21,1 cubic inch,21
Pineapple Candy Puerto Rican Style,Sweets,329,0.65,85.13,0.14,1 cup,232
Raisins Yogurt Covered,Sweets,393,4.25,72.78,11.61,1 piece,1
Taffy,Sweets,400,0.81,82.15,8.03,1 piece,5
Toffee Plain,Sweets,388,4.67,78.17,8.22,1 piece,7
Toffee Chocolate-Coated With Nuts,Sweets,446,7.62,66.83,18.22,1 piece,11
Truffles,Sweets,511,6.77,49.61,31.93,1 piece,13
Wax Candy Liquid Filled,Sweets,126,0,32.53,0,1 pop bottle yields,4
